D,archive_symbols,r1_ordinary_equity_recent_trade,removed_r1,r2_turnover_20L,removed_r2,r3_200_sessions_365d,removed_r3,r4_not_lender,removed_r4,r5_four_quarters_fresh,removed_r5,r6_ttm_profit_ebitda_positive,removed_r6,r7_mcap_computable,removed_r7,h1_mcap_above_100cr,removed_h1,h2_pe_positive_max_70,removed_h2,h3_balance_sheet_usable,removed_h3,h4_roce_min_10pct,removed_h4,h5_de_below_1_5,removed_h5,n_no_balance_sheet
2019-02-15,1728,1580,148,879,701,863,16,759,104,258,501,237,21,237,0,236,1,220,16,220,0,220,0,220,0,0
2019-06-03,1731,1589,142,926,663,909,17,801,108,570,231,505,65,501,4,497,4,459,38,459,0,459,0,459,0,0
2019-08-16,1747,1591,156,850,741,835,15,729,106,551,178,487,64,483,4,477,6,459,18,459,0,459,0,459,0,0
2019-11-15,1767,1603,164,850,753,817,33,710,107,523,187,460,63,458,2,456,2,431,25,431,0,431,0,431,0,0
2020-02-17,1767,1604,163,878,726,845,33,738,107,541,197,476,65,473,3,473,0,437,36,437,0,437,0,437,0,0
2020-06-01,1762,1582,180,810,772,784,26,687,97,512,175,447,65,445,2,443,2,417,26,417,0,417,0,417,0,0
2020-08-17,1775,1593,182,945,648,930,15,825,105,724,101,599,125,596,3,591,5,526,65,526,0,526,0,526,0,0
2020-11-17,1796,1617,179,967,650,948,19,839,109,810,29,627,183,623,4,621,2,556,65,556,0,556,0,556,0,0
2021-02-15,1813,1618,195,1137,481,1102,35,988,114,959,29,730,229,728,2,719,9,624,95,624,0,624,0,624,0,0
2021-06-01,1839,1667,172,1183,484,1130,53,1013,117,979,34,769,210,767,2,763,4,654,109,654,0,654,0,654,0,0
2021-08-16,1872,1684,188,1363,321,1306,57,1175,131,1096,79,897,199,887,10,868,19,775,93,775,0,775,0,775,0,0
2021-11-15,1916,1720,196,1330,390,1257,73,1127,130,1067,60,892,175,887,5,875,12,775,100,775,0,775,0,775,0,0
2022-02-15,1964,1756,208,1438,318,1340,98,1205,135,1132,73,942,190,938,4,922,16,822,100,822,0,822,0,822,0,0
2022-06-01,2006,1803,203,1403,400,1321,82,1191,130,1091,100,918,173,910,8,895,15,791,104,791,0,791,0,791,0,0
2022-08-16,2014,1814,200,1296,518,1223,73,1099,124,991,108,864,127,859,5,853,6,755,98,755,0,755,0,755,0,0
2022-11-15,2048,1824,224,1432,392,1370,62,1233,137,982,251,833,149,828,5,815,13,722,93,722,0,722,0,722,0,0
2023-02-15,2089,1852,237,1424,428,1359,65,1223,136,1015,208,863,152,862,1,855,7,790,65,785,5,640,145,619,21,6
2023-06-01,2125,1862,263,1386,476,1332,54,1198,134,990,208,862,128,854,8,848,6,760,88,756,4,596,160,575,21,4
2023-08-16,2152,1890,262,1477,413,1417,60,1274,143,1191,83,1036,155,1032,4,1027,5,904,123,900,4,710,190,684,26,6
2023-11-15,2205,1909,296,1535,374,1467,68,1318,149,1262,56,1082,180,1081,1,1070,11,931,139,926,5,751,175,725,26,5
2024-02-15,2235,1941,294,1686,255,1597,89,1440,157,1403,37,1177,226,1174,3,1158,16,978,180,968,10,797,171,764,33,10
2024-06-03,2255,1970,285,1639,331,1545,94,1392,153,1370,22,1182,188,1181,1,1171,10,979,192,973,6,774,199,755,19,6
2024-08-16,2286,1987,299,1727,260,1646,81,1480,166,1457,23,1247,210,1239,8,1225,14,1012,213,1006,6,798,208,776,22,8
2024-11-18,2353,2021,332,1737,284,1651,86,1485,166,1469,16,1271,198,1265,6,1251,14,1026,225,1022,4,817,205,788,29,5
2025-02-17,2389,2059,330,1714,345,1621,93,1456,165,1445,11,1259,186,1255,4,1246,9,1093,153,1088,5,857,231,832,25,8
2025-06-02,2427,2078,349,1695,383,1593,102,1428,165,1421,7,1249,172,1238,11,1229,9,1038,191,1035,3,804,231,787,17,5
2025-08-18,2494,2125,369,1694,431,1603,91,1437,166,1384,53,1203,181,1195,8,1189,6,1026,163,1024,2,817,207,798,19,3
2025-11-17,2567,2172,395,1707,465,1599,108,1432,167,1376,56,1213,163,1205,8,1201,4,1024,177,1022,2,807,215,784,23,3
2026-02-16,2610,2203,407,1714,489,1575,139,1410,165,1339,71,1188,151,1181,7,1177,4,1050,127,1048,2,838,210,815,23,3
2026-06-01,2771,2345,426,1781,564,1644,137,1476,168,1444,32,1297,147,1295,2,1291,4,1124,167,1122,2,861,261,838,23,3
2026-08-17,2814,2379,435,1785,594,1648,137,1478,170,1449,29,1318,131,1316,2,1314,2,1131,183,1130,1,898,232,875,23,4
