symbol,ex_date,factor
NTPC,2019-03-19,0.8333333333333334
RITES,2019-08-08,0.8
AARTIIND,2019-09-27,0.5
HCLTECH,2019-12-05,0.5
KNRCON,2021-02-03,0.5
AARTIIND,2021-06-22,0.5
SALASAR,2021-07-13,0.5
POWERGRID,2021-07-29,0.75
GPIL,2021-10-26,0.5
COSMOFIRST,2022-06-16,0.6666666666666666
IOC,2022-06-30,0.6666666666666666
RATNAMANI,2022-06-30,0.6666666666666666
CHOICEIN,2022-09-22,0.5
MOTHERSON,2022-10-03,0.6666666666666666
GPTINFRA,2022-11-11,0.5
MAHSEAMLES,2022-11-25,0.5
GULPOLY,2023-06-21,0.8333333333333334
SHRIPISTON,2023-07-24,0.5
POWERGRID,2023-09-12,0.75
SALASAR,2024-02-01,0.2
CHOICEIN,2024-02-20,0.5
FIEMIND,2024-02-28,0.5
BPCL,2024-06-21,0.5
AURIONPRO,2024-06-27,0.5
OIL,2024-07-02,0.6666666666666666
GPTINFRA,2024-07-03,0.5
DJML,2024-08-09,0.3333333333333333
RITES,2024-09-20,0.5
RELIANCE,2024-10-28,0.5
NMDC,2024-12-27,0.3333333333333333
IGL,2025-01-31,0.5
ANANDRATHI,2025-03-05,0.5
ASHOKLEY,2025-07-16,0.5
MOTHERSON,2025-07-18,0.6666666666666666
SMCGLOBAL,2025-11-14,0.5
ANANDRATHI,2026-06-03,0.5
