from,buy_charges,sell_charges,buy_pct,sell_pct,avg_side_pct,avg_side_with_slippage_pct,flat_backtest_pct
2019-02-15,56.976559,72.906559,0.11395311799999999,0.145813118,0.129883118,0.22988311800000003,0.2
2020-06-15,56.947059,72.877059,0.113894118,0.145754118,0.129824118,0.22982411800000002,0.2
2020-07-01,59.447058999999996,67.877059,0.118894118,0.135754118,0.127324118,0.22732411800000002,0.2
2021-01-01,59.565059,67.995059,0.11913011800000001,0.135990118,0.12756011799999997,0.227560118,0.2
2021-04-01,59.594559,68.024559,0.119189118,0.136049118,0.12761911799999998,0.227619118,0.2
2023-04-01,59.5355,67.9655,0.11907100000000001,0.135931,0.127501,0.227501,0.2
2024-04-01,59.5178,67.9478,0.11903559999999999,0.1358956,0.12746559999999998,0.2274656,0.2
2024-06-01,59.5178,67.3578,0.11903559999999999,0.1347156,0.1268756,0.22687559999999998,0.2
2024-10-01,59.3703,67.2103,0.1187406,0.1344206,0.12658060000000002,0.22658060000000002,0.2
2026-03-01,59.3703,67.2103,0.1187406,0.1344206,0.12658060000000002,0.22658060000000002,0.2
