date,symbol,amount
2019-03-14,POWERGRID,322.0563273470067
2019-04-05,COLPAL,108.52902359998362
2019-05-22,ITC,582.7315620704254
2019-07-04,TATASTEEL,606.7436521484836
2019-07-26,BRIGADE,158.8232249613634
2019-08-02,RELIANCE,207.44641356213484
2019-08-08,TRIDENT,393.75738934316234
2019-08-13,NTPC,908.7778575327666
2019-08-14,JBCHEPHARM,537.2056380676664
2019-08-19,POWERGRID,457.66915268928517
2019-08-19,VSTIND,291.0154068782777
2019-08-29,MGL,459.2931312065199
2019-08-29,PIIND,41.60290557996164
2019-09-06,PSPPROJECT,96.92849412123033
2019-09-09,MAHSEAMLES,517.6765618737882
2019-09-12,GSPL,90.75292215842124
2019-09-12,NHPC,1194.9726650334464
2019-09-20,KNRCON,28.28508705255125
2020-02-18,TORNTPOWER,1666.5296758619634
2020-02-24,PIIND,88.8912435331162
2020-03-03,JBCHEPHARM,808.3165058622819
2020-03-16,POWERGRID,1847.0670547236164
2020-03-18,NESCO,187.61009319721265
2020-03-19,PSPPROJECT,469.41163560672453
2020-06-29,SANOFI,610.5321939344328
2020-07-02,MPHASIS,800.2731855926088
2020-07-16,COROMANDEL,366.6006328109771
2020-08-10,ALKEM,42.08190729132157
2020-08-25,POLYPLEX,478.9356408338477
2020-09-02,POWERGRID,1013.0072909859799
2020-09-14,HCLTECH,37.1856983264149
2020-09-17,PIIND,18.953171052855733
2020-10-22,HCLTECH,199.99114164047853
2020-10-27,LTM,207.20416336313068
2020-11-12,CHAMBLFERT,638.4706835118986
2020-12-17,POWERGRID,1628.0346679617105
2021-01-21,HCLTECH,255.75516965252197
2021-02-09,PERSISTENT,605.301813266302
2021-02-11,PIIND,67.44022935104138
2021-03-08,POWERGRID,1467.8475216577945
2021-04-29,HCLTECH,1115.79050912829
2021-06-17,TATASTEEL,604.3881487228726
2021-06-25,SPLPETRO,363.68608519430063
2021-07-05,JSWSTEEL,565.817267646796
2021-07-15,APOLLOTYRE,742.865796260469
2021-08-03,GPIL,1178.9557960222546
2021-08-27,HGINFRA,36.94111989760267
2021-09-08,NITINSPIN,149.8397146665046
2021-09-16,OIL,340.63880449612657
2021-10-22,STYRENIX,11153.626773493796
2021-11-02,SPLPETRO,457.7359322667363
2021-11-22,ONGC,1218.5335218233058
2021-11-23,OIL,1758.517472729344
2021-12-17,VEDL,2346.755368516755
2022-02-10,NITINSPIN,444.5127093045495
2022-02-21,ONGC,1101.210557443392
2022-02-22,OIL,2396.1209732559378
2022-03-24,ALLCARGO,465.16192489541015
2022-05-06,VEDL,7303.057184765217
2022-06-22,GHCL,383.4025460396408
2022-07-07,VISHNU,72.26010424690735
2022-08-10,NTPC,1727.387053545319
2022-08-18,UFLEX,246.97461184233669
2022-08-19,POWERGRID,273.98612994826317
2022-09-07,MAHSEAMLES,356.9443730234681
2022-09-08,RITES,380.0665048718473
2022-09-22,POLYPLEX,482.4833740063312
2022-11-14,POWERGRID,1865.0430313418742
2022-11-22,EIDPARRY,597.2140671087908
2022-11-22,GESHIP,895.0126194284153
2022-11-24,POLYPLEX,2157.3614964264734
2023-02-03,NTPC,2657.9312991292495
2023-02-08,COALINDIA,1887.5520199365542
2023-02-08,POWERGRID,2555.2110423433983
2023-02-10,GESHIP,895.0126194284153
2023-02-15,ITC,2142.8545768517897
2023-02-17,COROMANDEL,212.80169967540118
2023-02-20,SHRIPISTON,191.36208606314895
2023-04-21,EIDPARRY,530.7779439998951
2023-05-24,GESHIP,1122.1584036087124
2023-07-07,SWARAJENG,4951.542093726155
2023-07-14,COROMANDEL,664.0684286187333
2023-08-04,ANDHRAPAP,2091.437129881507
2023-08-09,WSTCSTPAPR,1091.2423395733872
2023-08-14,HGINFRA,104.72020435426153
2023-08-23,DSSL,19.424807896936542
2023-08-25,GULFOILLUB,2117.0822820778367
2023-08-25,NCC,1310.6061370768673
2023-08-30,CMSINFO,473.25860449168067
2023-09-14,REFEX,142.38445226081464
2023-09-15,INDRAMEDCO,1932.5741070421718
2023-09-18,VENUSPIPES,28.018358715537413
2023-11-07,VENUSPIPES,44.0718470518404
2024-02-02,CONTROLPR,498.1933798672514
2024-02-13,GULFOILLUB,3609.1638434030524
2024-02-21,HEROMOTOCO,1251.9889553641685
2024-04-12,GOODLUCK,162.04662185699075
2024-05-30,GPTINFRA,692.8584628994442
2024-06-03,ANANDRATHI,353.0218587352862
2024-06-07,SMCGLOBAL,313.75941935547905
2024-06-11,TMPV,434.60926883992494
2024-06-14,BAJAJ-AUTO,1892.8965796760715
2024-06-28,NAM-INDIA,886.5694440197602
2024-08-01,HEROMOTOCO,1503.2679539916053
2024-08-21,CEMPRO,333.36496205187245
2024-10-18,ANANDRATHI,300.93728412654536
2024-11-05,COALINDIA,5219.165327855614
2024-11-06,NAM-INDIA,1895.160312951321
2024-11-08,PETRONET,3414.605742282939
2024-11-27,NATCOPHARM,48.10608744189486
2024-12-17,STYRENIX,1506.7749697605389
2025-02-12,HEROMOTOCO,3431.112979991638
2025-06-27,SWARAJENG,2833.275475593998
2025-07-04,PETRONET,828.8940769905927
2025-07-17,COROMANDEL,531.587484642879
2025-07-18,BHARTIARTL,983.1336889944678
2025-07-24,FIEMIND,2196.911914124837
2025-08-01,EICHERMOT,2016.9405014053198
2025-08-08,HINDALCO,981.4344483309424
2025-08-13,INDIGO,246.2788230969089
2025-09-19,MAITHANALL,562.5027243060536
2025-09-23,SSWL,605.1378899817809
2026-02-02,BPCL,5467.899847002189
2026-02-06,SHRIPISTON,271.2841554109857
2026-02-11,HEROMOTOCO,3956.940876013238
2026-02-13,GULFOILLUB,2792.9255814173016
2026-02-18,TORNTPHARM,559.302130058146
2026-03-12,IOC,830.6969273963441
2026-05-29,TORNTPHARM,513.0120670334994
2026-07-03,SWARAJENG,3885.30323059642
2026-07-10,HINDALCO,669.4658861017267
2026-07-17,LUPIN,1015.5646531148125
2026-07-24,FIEMIND,1949.1618707448033
2026-07-24,HEROMOTOCO,2321.201069198643
2026-07-31,COALINDIA,2374.251186626953
2026-08-14,RPTECH,444.5856455576355
2026-09-04,COALINDIA,2969.506315725411
2026-09-04,GULFOILLUB,1535.1953140654753
