symbol,price
AARTIIND,476.65
ADANIENSOL,1380.9
ALKEM,5378.5
ALLCARGO,11.0
ANANDRATHI,2201.1
ANDHRAPAP,71.6
APOLLOTYRE,414.75
ASHOKA,108.8
AURIONPRO,702.0
BAJAJ-AUTO,11501.0
BEPL,127.56
BHARTIARTL,1843.0
BPCL,308.55
BRIGADE,621.0
BRITANNIA,4982.0
CEIGALL,391.6
CEMPRO,1265.0
CHAMBLFERT,414.7
CHENNPETRO,1414.0
CMSINFO,231.15
COALINDIA,418.0
COCHINSHIP,1335.0
COLPAL,1841.5
CONTROLPR,610.0
COROMANDEL,1929.8
COSMOFIRST,883.0
CYIENT,1064.8
DALBHARAT,1695.0
DCMNVL,175.02
DPABHUSHAN,1330.0
DRREDDY,1182.6
DSSL,1042.4
EICHERMOT,7523.5
EIDPARRY,694.65
EVEREADY,334.1
EXIDEIND,419.35
FIEMIND,1907.0
FOCUS,59.6
GAIL,172.0
GESHIP,1425.0
GHCL,422.0
GLENMARK,2409.8
GMBREW,937.05
GNA,539.95
GODFRYPHLP,1948.0
GOKULAGRO,219.0
GOODLUCK,509.9
GPIL,238.39
GPTINFRA,119.17
GRASIM,3175.0
GSPL,268.35
GULFOILLUB,1070.9
GULPOLY,171.25
HCLTECH,1258.3
HEROMOTOCO,5325.0
HGINFRA,460.65
HINDALCO,982.9
HINDPETRO,352.4
IGL,148.5
INDIGO,4925.0
INDRAMEDCO,360.55
INDSWFTLAB,377.55
IOC,135.02
ITC,266.6
JAYNECOIND,89.08
JBCHEPHARM,2408.9
JINDALPOLY,726.95
JKCEMENT,5010.0
JSL,724.5
JSWSTEEL,1270.1
KNRCON,122.0
KRISHANA,183.0
LT,3846.0
LTM,4245.0
LUMAXTECH,2011.3
LUPIN,2088.1
MAHSEAMLES,724.0
MAITHANALL,1034.7
MANGCHEFER,308.75
MGL,1067.1
MPHASIS,2322.9
NAM-INDIA,1128.3
NATCOPHARM,819.0
NAZARA,364.5
NCC,135.98
NDRAUTO,700.0
NESCO,1088.3
NH,1859.0
NHPC,75.2
NITINSPIN,617.0
NMDC,81.38
NRBBEARING,474.0
NTPC,329.8
OIL,479.0
ONGC,232.43
PANAMAPET,455.7
PERSISTENT,5476.0
PETRONET,284.85
PIIND,2307.0
PNGJL,606.9
POLYCAB,8256.0
POLYPLEX,1091.5
POWERGRID,264.6
POWERMECH,2345.2
PRECOT,654.9
PSPPROJECT,819.2
RAMRAT,561.0
RATNAMANI,2702.6
REDINGTON,405.0
REFEX,270.0
RELIANCE,1245.0
RITES,205.5
RKFORGE,709.0
RPPINFRA,54.48
RPTECH,806.8
SANOFI,3093.3
SHRIPISTON,4394.0
SKFINDIA,1541.0
SMCGLOBAL,82.0
SPLPETRO,811.4
SRM,425.65
SSWL,351.65
STYRENIX,2065.9
SUDARCOLOR,379.45
SWARAJENG,3552.4
SYNGENE,379.1
TATASTEEL,186.4
TATASTLBSL,85.35
TATASTLLP,829.95
TCPLPACK,3860.6
TMPV,309.6
TORNTPHARM,4874.5
TORNTPOWER,1277.0
TRIDENT,23.08
TVSHLTD,12911.0
UFLEX,652.95
VEDL,258.0
VENUSPIPES,2123.1
VENUSREM,1527.0
VIPULLTD,12.47
VISAKAIND,91.0
VISHNU,715.5
VSTIND,206.0
WELCORP,2472.6
WHEELS,2130.0
WSTCSTPAPR,716.0
ZYDUSLIFE,1150.7
