fy,st_gains,st_losses,lt_gains,lt_losses,loss_ignored_s94,bf_used_st,bf_used_lt,exemption,exemption_used,cg_tax,dividends,dividends_taxable,dividend_tax,total_income,total_income_rounded,rounding_tax,cess,tax_rounding,total_tax,cf_st,cf_lt,expired,taxable_ST@0.15,advance_paid,instalments_paid,instalments_skipped,liable_advance_tax,self_assessment,refund,interest_234b,interest_234c,paid_on,paid,taxable_ST@0.2,open_at_end
FY2018-19,0.37804308392712443,0.05200629160909895,0.0,0.0,0.0,0.0,0.0,100000.0,0.0,0.048905518847703826,322.0465836714274,0.0,0.0,0.3260367923180255,0.0,-0.09781103769540765,-0.001956220753908153,0.0,0.0,0.0,0,0.0,0.3260367923180255,0.0,0,1,False,0.0,0.0,0.0,0.0,2019-04-01,0.0,,
FY2019-20,63681.497120160144,38038.068761782786,196.86324838303221,0.0,2495.3009536716336,0.0,0.0,100000.0,196.86324838303221,3846.5142537566035,11737.40418195743,0.0,0.0,25840.29160676039,25840.0,-0.08748202811730152,153.85707086913945,-0.2838425976256076,4000.0,0.0,0,0.0,25643.428358377358,0.0,0,4,False,4000.0,0.0,0.0,0.0,2020-04-01,4000.0,,
FY2020-21,127496.9021750124,61919.40864147208,19317.09761242723,3275.251040372777,64.9351451827585,0.0,0.0,100000.0,16041.846572054454,9836.624030031047,8340.624835708408,8340.624835708408,2502.187450712522,89959.96494130317,89960.0,0.010517609048110898,493.55287993410474,-2.374878286722378,12830.0,0.0,0,0.0,65577.49353354031,12420.0,1,3,True,410.0,0.0,0.0,0.0,2021-04-01,12830.0,,
FY2021-22,404981.4753826855,62403.54557751038,7977.012278791494,8.109988138681786,0.0,0.0,0.0,100000.0,7968.902290652813,51386.68947077626,24165.93826002436,24165.93826002436,7249.781478007308,374712.77035585226,374710.0,-0.8311067556787748,2345.425593681116,-1.065435709009762,60980.0,0.0,0,0.0,342577.9298051751,63480.0,3,0,True,0.0,2500.0,0.0,0.0,2022-04-01,60980.0,,
FY2022-23,112368.71712825922,189472.7424029755,0.0,0.0,1.494362548384523,0.0,0.0,100000.0,0.0,0.0,24701.04397052559,24701.04397052559,7410.313191157677,24701.04397052559,24700.0,-0.31319115767655603,296.40000000000003,3.600000000000364,7710.0,77104.02527471629,0,0.0,,0.0,0,4,False,7710.0,0.0,0.0,0.0,2023-04-03,7710.0,,
FY2023-24,420235.3834179448,63051.172438901536,2581.0632577784527,47.237992009676546,0.0,77104.02527471629,0.0,100000.0,2533.8252657687763,42012.027855649045,19510.01392827806,19510.01392827806,5853.0041784834175,302124.0248983738,302120.0,-1.2074695121438708,1914.552982584813,1.6224527948652394,49780.0,0.0,0,0.0,280080.18570432696,49480.0,3,1,True,300.0,0.0,0.0,0.0,2024-04-01,49780.0,,
FY2024-25,487710.1990539136,259743.35641929688,56446.42653734859,0.0,0.0,0.0,0.0,125000.0,56446.42653734858,34195.026395192486,18523.068404206824,18523.068404206824,5556.920521262047,302936.33757617197,302940.0,1.0987271484103984,1590.1218257441178,-3.167469347055885,41340.0,0.0,0,0.0,227966.84263461657,78320.0,3,0,True,0.0,36980.0,0.0,0.0,2025-04-01,41340.0,,
FY2025-26,277313.89689841773,82092.93041484243,17778.275561765437,0.0,0.0,0.0,0.0,125000.0,17778.275561765437,39044.19329671506,21197.001082384988,21197.001082384988,6359.100324715496,234196.24312772573,234200.0,1.1270616822817827,1816.1768273245134,-0.5975104373428621,47220.0,0.0,0,0.0,,46990.0,4,0,True,230.0,0.0,0.0,0.0,2026-04-01,47220.0,195220.9664835753,
FY2026-27,236626.13449464558,161948.79803761165,60601.352551478245,3349.8158402151294,0.0,0.0,0.0,125000.0,57251.536711263114,14935.467291406787,14250.512946763114,14250.512946763114,4275.153884028934,146179.38611506016,146180.0,0.1841654819523683,768.4322136367069,0.7624454456199601,19980.0,0.0,0,0.0,,20650.0,2,0,True,0.0,670.0,0.0,0.0,2026-09-18,19980.0,74677.33645703393,True
