date,fy,kind,amount
2020-04-01,FY2019-20,self_assessment,4000.0
2021-03-10,FY2020-21,advance_tax,12420.0
2021-04-01,FY2020-21,self_assessment,410.0
2021-06-11,FY2021-22,advance_tax,34920.0
2021-09-13,FY2021-22,advance_tax,22630.0
2021-12-13,FY2021-22,advance_tax,5930.0
2022-04-01,FY2021-22,refund,-2500.0
2023-04-03,FY2022-23,self_assessment,7710.0
2023-09-14,FY2023-24,advance_tax,22040.0
2023-12-14,FY2023-24,advance_tax,15120.0
2024-03-14,FY2023-24,advance_tax,12320.0
2024-04-01,FY2023-24,self_assessment,300.0
2024-06-13,FY2024-25,advance_tax,45150.0
2024-09-12,FY2024-25,advance_tax,24420.0
2024-12-12,FY2024-25,advance_tax,8750.0
2025-04-01,FY2024-25,refund,-36980.0
2025-06-12,FY2025-26,advance_tax,15190.0
2025-09-12,FY2025-26,advance_tax,8410.0
2025-12-12,FY2025-26,advance_tax,8030.0
2026-03-12,FY2025-26,advance_tax,15360.0
2026-04-01,FY2025-26,self_assessment,230.0
2026-06-12,FY2026-27,advance_tax,16560.0
2026-09-11,FY2026-27,advance_tax,4090.0
