date,symbol,ticker,side,units_adjusted,price_adjusted,value,cost,kind,scheduled_date,D,cancelled_kind,reason
2019-02-15,NTPC,NTPC,buy,93.52249874825561,110.0,10287.474862308118,20.574949724616236,tranche1,2019-02-15,2019-02-15,,
2019-02-15,POWERGRID,POWERGRID,buy,73.6549633726716,133.8,9855.034099263461,19.710068198526923,tranche1,2019-02-15,2019-02-15,,
2019-02-15,ITC,ITC,buy,35.37009240518117,279.0,9868.255781045546,19.736511562091092,tranche1,2019-02-15,2019-02-15,,
2019-02-15,RATNAMANI,RATNAMANI,buy,17.867745202073923,565.0333333333333,10095.8716306785,20.191743261357,tranche1,2019-02-15,2019-02-15,,
2019-02-15,SKFINDIA,SKFINDIA,buy,6.162689277086085,1970.0,12140.497875859588,24.280995751719175,tranche1,2019-02-15,2019-02-15,,
2019-02-15,COLPAL,COLPAL,buy,7.852369313686789,1255.0,9854.72348867692,19.709446977353842,tranche1,2019-02-15,2019-02-15,,
2019-02-15,LT,LT,buy,7.490823315581982,1244.0,9318.584204583985,18.63716840916797,tranche1,2019-02-15,2019-02-15,,
2019-02-15,BRITANNIA,BRITANNIA,buy,3.084590568631305,2945.0,9084.119224619193,18.168238449238387,tranche1,2019-02-15,2019-02-15,,
2019-02-15,MGL,MGL,buy,9.19625034125742,868.9,7990.621921518572,15.981243843037145,tranche1,2019-02-15,2019-02-15,,
2019-02-15,AARTIIND,AARTIIND,buy,19.126776898833427,354.8,6786.1804437061,13.5723608874122,tranche1,2019-02-15,2019-02-15,,
2019-02-15,EXIDEIND,EXIDEIND,buy,35.69442543521178,208.5,7442.287703241655,14.884575406483311,tranche1,2019-02-15,2019-02-15,,
2019-02-15,NRBBEARING,NRBBEARING,buy,29.8546146771245,187.9,5609.682097831694,11.219364195663388,tranche1,2019-02-15,2019-02-15,,
2019-03-19,POWERGRID,POWERGRID,buy,66.97270879553831,147.14999999999998,9855.034099263461,19.710068198526923,tranche2,2019-03-19,2019-02-15,,
2019-03-19,ITC,ITC,buy,33.497134355212296,294.6,9868.255781045544,19.73651156209109,tranche2,2019-03-19,2019-02-15,,
2019-03-19,RATNAMANI,RATNAMANI,buy,16.984979190239738,594.4,10095.871630678499,20.191743261356997,tranche2,2019-03-19,2019-02-15,,
2019-03-19,SKFINDIA,SKFINDIA,buy,6.352955455708837,1911.0,12140.497875859586,24.28099575171917,tranche2,2019-03-19,2019-02-15,,
2019-03-19,COLPAL,COLPAL,buy,7.651776914882304,1287.9,9854.72348867692,19.709446977353842,tranche2,2019-03-19,2019-02-15,,
2019-03-19,LT,LT,buy,6.7969250215783985,1371.0,9318.584204583984,18.637168409167966,tranche2,2019-03-19,2019-02-15,,
2019-03-19,BRITANNIA,BRITANNIA,buy,2.904130186898719,3128.0,9084.119224619193,18.168238449238387,tranche2,2019-03-19,2019-02-15,,
2019-03-19,MGL,MGL,buy,8.367143373317875,955.0,7990.62192151857,15.981243843037142,tranche2,2019-03-19,2019-02-15,,
2019-03-19,AARTIIND,AARTIIND,buy,19.008908805899438,357.0,6786.180443706099,13.572360887412199,tranche2,2019-03-19,2019-02-15,,
2019-03-19,EXIDEIND,EXIDEIND,buy,32.577315400488764,228.45,7442.287703241658,14.884575406483316,tranche2,2019-03-19,2019-02-15,,
2019-03-19,NRBBEARING,NRBBEARING,buy,29.331671099773562,191.25,5609.682097831694,11.219364195663388,tranche2,2019-03-19,2019-02-15,,
2019-03-22,NTPC,NTPC,buy,78.5303424603673,131.0,10287.474862308116,20.574949724616232,tranche2,2019-03-19,2019-02-15,,
2019-04-22,NTPC,NTPC,buy,76.14711223025995,135.1,10287.47486230812,20.57494972461624,tranche3,2019-04-22,2019-02-15,,
2019-04-22,POWERGRID,POWERGRID,buy,67.6624380313317,145.64999999999998,9855.034099263463,19.710068198526926,tranche3,2019-04-22,2019-02-15,,
2019-04-22,ITC,ITC,buy,32.47739273011533,303.85,9868.255781045542,19.736511562091085,tranche3,2019-04-22,2019-02-15,,
2019-04-22,RATNAMANI,RATNAMANI,buy,16.866745498711094,598.5666666666666,10095.871630678505,20.191743261357008,tranche3,2019-04-22,2019-02-15,,
2019-04-22,SKFINDIA,SKFINDIA,buy,6.010147463296825,2020.0,12140.497875859586,24.28099575171917,tranche3,2019-04-22,2019-02-15,,
2019-04-22,COLPAL,COLPAL,buy,8.104546641454766,1215.95,9854.723488676922,19.709446977353846,tranche3,2019-04-22,2019-02-15,,
2019-04-22,LT,LT,buy,6.841838623042573,1362.0,9318.584204583985,18.63716840916797,tranche3,2019-04-22,2019-02-15,,
2019-04-22,BRITANNIA,BRITANNIA,buy,3.039183414057944,2989.0,9084.119224619195,18.16823844923839,tranche3,2019-04-22,2019-02-15,,
2019-04-22,MGL,MGL,buy,7.911506852988683,1010.0,7990.62192151857,15.981243843037142,tranche3,2019-04-22,2019-02-15,,
2019-04-22,AARTIIND,AARTIIND,buy,16.603799599244212,408.7125,6786.1804437061,13.5723608874122,tranche3,2019-04-22,2019-02-15,,
2019-04-22,EXIDEIND,EXIDEIND,buy,33.98304887324957,219.0,7442.287703241656,14.884575406483313,tranche3,2019-04-22,2019-02-15,,
2019-04-22,NRBBEARING,NRBBEARING,buy,29.065710351459558,193.0,5609.682097831695,11.21936419566339,tranche3,2019-04-22,2019-02-15,,
2019-06-03,AARTIIND,AARTIIND,sell,54.73948530397708,469.9625,25725.505362170326,51.451010724340655,rebalance,2019-06-03,2019-06-03,,
2019-06-03,BRITANNIA,BRITANNIA,sell,9.027904169587968,2936.0,26505.926641910275,53.01185328382055,rebalance,2019-06-03,2019-06-03,,
2019-06-03,COLPAL,COLPAL,sell,23.60869287002386,1152.4,27206.657663415495,54.41331532683099,rebalance,2019-06-03,2019-06-03,,
2019-06-03,EXIDEIND,EXIDEIND,sell,102.25478970895011,211.0,21575.760628588472,43.151521257176945,rebalance,2019-06-03,2019-06-03,,
2019-06-03,LT,LT,sell,21.129586960202953,1563.7,33040.33512966936,66.08067025933872,rebalance,2019-06-03,2019-06-03,,
2019-06-03,NRBBEARING,NRBBEARING,sell,88.25199612835762,169.1,14923.412545305273,29.846825090610547,rebalance,2019-06-03,2019-06-03,,
2019-06-03,RATNAMANI,RATNAMANI,sell,51.71946989102475,640.0,33100.46073025584,66.2009214605117,rebalance,2019-06-03,2019-06-03,,
2019-06-03,SKFINDIA,SKFINDIA,sell,18.525792196091746,1894.05,35088.77670900757,70.17755341801515,rebalance,2019-06-03,2019-06-03,,
2019-06-03,MGL,MGL,buy,26.28259318885577,888.0,23338.942751703926,46.67788550340785,rebalance,2019-06-03,2019-06-03,,
2019-06-03,POWERGRID,POWERGRID,buy,150.5556059349773,142.6875,21482.403021847076,42.96480604369415,rebalance,2019-06-03,2019-06-03,,
2019-06-03,ITC,ITC,buy,91.51885837834911,281.4,25753.406747667435,51.506813495334875,rebalance,2019-06-03,2019-06-03,,
2019-06-03,NTPC,NTPC,buy,115.47800660610051,134.4,15520.244087859908,31.040488175719815,rebalance,2019-06-03,2019-06-03,,
2019-06-03,MAHSEAMLES,MAHSEAMLES,buy,64.91166755508554,231.975,15057.884081090968,30.115768162181936,tranche1,2019-06-03,2019-06-03,,
2019-06-03,TATASTEEL,TATASTEEL,buy,237.90827212653667,48.895,11632.52496562701,23.26504993125402,tranche1,2019-06-03,2019-06-03,,
2019-06-03,TRIDENT,TRIDENT,buy,1299.9435366734967,6.775,8807.117460962942,17.614234921925885,tranche1,2019-06-03,2019-06-03,,
2019-06-03,NHPC,NHPC,buy,603.7653476183797,25.0,15094.133690459492,30.188267380918983,tranche1,2019-06-03,2019-06-03,,
2019-06-03,PIIND,PIIND,buy,12.67295020622181,1148.0,14548.546836742637,29.097093673485272,tranche1,2019-06-03,2019-06-03,,
2019-06-03,JBCHEPHARM,JBCHEPHARM,buy,35.35061894811831,379.95,13431.467669337551,26.862935338675104,tranche1,2019-06-03,2019-06-03,,
2019-06-03,RELIANCE,RELIANCE,buy,10.031192095217097,1335.0,13391.641447114825,26.78328289422965,tranche1,2019-06-03,2019-06-03,,
2019-06-03,BRIGADE,BRIGADE,buy,61.58307915374102,165.33333333333331,10181.735753418516,20.363471506837033,tranche1,2019-06-03,2019-06-03,,
2019-07-03,MAHSEAMLES,MAHSEAMLES,buy,70.96081093822325,212.2,15057.884081090971,30.115768162181944,tranche2,2019-07-03,2019-06-03,,
2019-07-03,TATASTEEL,TATASTEEL,buy,229.03179692118547,50.79,11632.52496562701,23.26504993125402,tranche2,2019-07-03,2019-06-03,,
2019-07-03,TRIDENT,TRIDENT,buy,1422.7976512056448,6.19,8807.117460962942,17.614234921925885,tranche2,2019-07-03,2019-06-03,,
2019-07-03,NHPC,NHPC,buy,612.3380807488637,24.65,15094.13369045949,30.18826738091898,tranche2,2019-07-03,2019-06-03,,
2019-07-03,JBCHEPHARM,JBCHEPHARM,buy,36.00447036412693,373.05,13431.467669337551,26.862935338675104,tranche2,2019-07-03,2019-06-03,,
2019-07-03,RELIANCE,RELIANCE,buy,10.4385699954126,1282.9,13391.641447114825,26.78328289422965,tranche2,2019-07-03,2019-06-03,,
2019-07-04,PIIND,PIIND,buy,12.164336820018928,1196.0,14548.546836742638,29.097093673485276,tranche2,2019-07-03,2019-06-03,,
2019-07-11,BRIGADE,BRIGADE,buy,55.335520399013674,184.0,10181.735753418516,20.363471506837033,tranche2,2019-07-03,2019-06-03,,
2019-08-01,MAHSEAMLES,MAHSEAMLES,buy,74.21151273129897,202.0,14990.72557172239,29.981451143444783,tranche3,2019-08-01,2019-06-03,,
2019-08-01,TATASTEEL,TATASTEEL,buy,270.892248811807,42.75,11580.643636704752,23.161287273409503,tranche3,2019-08-01,2019-06-03,,
2019-08-01,TRIDENT,TRIDENT,buy,1654.308965000478,5.300000000000001,8767.837514502535,17.53567502900507,tranche3,2019-08-01,2019-06-03,,
2019-08-01,NHPC,NHPC,buy,683.0369775908775,22.0,15026.813506999306,30.05362701399861,tranche3,2019-08-01,2019-06-03,,
2019-08-01,PIIND,PIIND,buy,13.17115444295895,1099.65,14483.659983199812,28.967319966399625,tranche3,2019-08-01,2019-06-03,,
2019-08-01,JBCHEPHARM,JBCHEPHARM,buy,36.134476461496575,370.05,13371.563014576808,26.74312602915362,tranche3,2019-08-01,2019-06-03,,
2019-08-01,RELIANCE,RELIANCE,buy,11.45944165224454,1163.4,13331.914418221299,26.663828836442597,tranche3,2019-08-01,2019-06-03,,
2019-08-01,BRIGADE,BRIGADE,buy,59.035090144171726,171.7,10136.324977754286,20.272649955508573,tranche3,2019-08-01,2019-06-03,,
2019-08-16,BRIGADE,BRIGADE,sell,175.95368969692643,175.66666666666666,30909.198156760074,61.81839631352015,rebalance,2019-08-16,2019-08-16,,
2019-08-16,ITC,ITC,sell,192.8634778688579,248.75,47974.7901198784,95.94958023975681,rebalance,2019-08-16,2019-08-16,,
2019-08-16,RELIANCE,RELIANCE,sell,31.929203742874236,1291.2,41226.98787279922,82.45397574559844,rebalance,2019-08-16,2019-08-16,,
2019-08-16,TATASTEEL,TATASTEEL,sell,737.8323178595292,36.0,26561.96344294305,53.12392688588611,rebalance,2019-08-16,2019-08-16,,
2019-08-16,TRIDENT,TRIDENT,sell,4377.050152879619,5.6000000000000005,24511.480856125872,49.02296171225174,rebalance,2019-08-16,2019-08-16,,
2019-08-16,POWERGRID,POWERGRID,sell,114.73652238719372,153.075,17563.29316441968,35.12658632883936,rebalance,2019-08-16,2019-08-16,,
2019-08-16,NTPC,NTPC,sell,65.48844693503025,117.4,7688.343670172552,15.376687340345105,rebalance,2019-08-16,2019-08-16,,
2019-08-16,NHPC,NHPC,sell,305.7196341115648,22.75,6955.121676038099,13.910243352076199,rebalance,2019-08-16,2019-08-16,,
2019-08-16,PIIND,PIIND,sell,10.271014555578013,1130.0,11606.246447803154,23.21249289560631,rebalance,2019-08-16,2019-08-16,,
2019-08-16,JBCHEPHARM,JBCHEPHARM,sell,24.060371856379447,375.45,9033.466613477663,18.066933226955328,rebalance,2019-08-16,2019-08-16,,
2019-08-16,MGL,MGL,sell,8.011889655065062,805.2,6451.173550258388,12.902347100516776,rebalance,2019-08-16,2019-08-16,,
2019-08-16,MAHSEAMLES,MAHSEAMLES,sell,37.5117201332194,200.6,7524.851058723812,15.049702117447623,rebalance,2019-08-16,2019-08-16,,
2019-08-16,NMDC,NMDC,buy,85.33546092743055,104.7,8934.622759101978,17.869245518203957,tranche1,2019-08-16,2019-08-16,,
2019-08-16,PSPPROJECT,PSPPROJECT,buy,19.3872061390106,527.0,10217.057635258587,20.434115270517175,tranche1,2019-08-16,2019-08-16,,
2019-08-16,KNRCON,KNRCON,buy,68.72399281897329,118.5,8143.793149048334,16.28758629809667,tranche1,2019-08-16,2019-08-16,,
2019-08-16,VSTIND,VSTIND,buy,3.0635582576556417,3450.0,10569.275988911964,21.13855197782393,tranche1,2019-08-16,2019-08-16,,
2019-08-20,GSPL,GSPL,buy,46.21264963228284,218.0,10074.35761983766,20.14871523967532,tranche1,2019-08-16,2019-08-16,,
2019-09-18,NMDC,NMDC,buy,108.29845768608456,82.5,8934.622759101976,17.869245518203954,tranche2,2019-09-18,2019-08-16,,
2019-09-18,PSPPROJECT,PSPPROJECT,buy,20.5802349385811,496.45,10217.057635258587,20.434115270517175,tranche2,2019-09-18,2019-08-16,,
2019-09-18,KNRCON,KNRCON,buy,72.71243883078868,112.0,8143.793149048332,16.287586298096667,tranche2,2019-09-18,2019-08-16,,
2019-09-18,GSPL,GSPL,buy,45.37998927854802,222.0,10074.35761983766,20.14871523967532,tranche2,2019-09-18,2019-08-16,,
2019-09-18,VSTIND,VSTIND,buy,2.9941291753291686,3530.0,10569.275988911964,21.13855197782393,tranche2,2019-09-18,2019-08-16,,
2019-10-22,PSPPROJECT,PSPPROJECT,buy,18.35124855906347,556.75,10217.057635258587,20.434115270517175,tranche3,2019-10-22,2019-08-16,,
2019-10-22,KNRCON,KNRCON,buy,70.8155926004203,115.0,8143.793149048335,16.28758629809667,tranche3,2019-10-22,2019-08-16,,
2019-10-22,GSPL,GSPL,buy,48.29509884869444,208.6,10074.35761983766,20.14871523967532,tranche3,2019-10-22,2019-08-16,,
2019-10-22,VSTIND,VSTIND,buy,2.7545676280719213,3837.0,10569.275988911962,21.138551977823926,tranche3,2019-10-22,2019-08-16,,
2019-11-11,NMDC,NMDC,buy,85.66273019273228,104.3,8934.622759101976,17.869245518203954,tranche3,2019-10-22,2019-08-16,,
2019-11-15,MAHSEAMLES,MAHSEAMLES,sell,172.57227109138836,192.9,33289.19109352882,66.57838218705764,rebalance,2019-11-15,2019-11-15,,
2019-11-15,NHPC,NHPC,sell,1593.4207718465561,23.6,37604.730215578726,75.20946043115745,rebalance,2019-11-15,2019-11-15,,
2019-11-15,NMDC,NMDC,sell,279.2966488062474,99.0,27650.36823181849,55.30073646363698,rebalance,2019-11-15,2019-11-15,,
2019-11-15,NTPC,NTPC,sell,298.1895131099531,118.55,35350.366779184944,70.70073355836989,rebalance,2019-11-15,2019-11-15,,
2019-11-15,VSTIND,VSTIND,sell,8.812255061056732,4600.0,40536.373280860964,81.07274656172193,rebalance,2019-11-15,2019-11-15,,
2019-11-15,MGL,MGL,sell,0.43152981238322496,1029.0,444.0441769423385,0.888088353884677,rebalance,2019-11-15,2019-11-15,,
2019-11-15,PSPPROJECT,PSPPROJECT,buy,24.46862316981207,537.95,13162.895834200404,26.32579166840081,rebalance,2019-11-15,2019-11-15,,
2019-11-15,POWERGRID,POWERGRID,buy,134.76194586125743,141.0,19001.434366437297,38.002868732874596,rebalance,2019-11-15,2019-11-15,,
2019-11-15,KNRCON,KNRCON,buy,54.532694929904665,124.975,6815.223548864835,13.63044709772967,rebalance,2019-11-15,2019-11-15,,
2019-11-15,PIIND,PIIND,buy,2.072251835378651,1433.75,2971.0910689741413,5.942182137948283,rebalance,2019-11-15,2019-11-15,,
2019-11-15,JBCHEPHARM,JBCHEPHARM,buy,26.489026943484603,395.95,10488.330218272728,20.976660436545455,rebalance,2019-11-15,2019-11-15,,
2019-11-15,GSPL,GSPL,buy,57.73535210175248,218.7,12626.721504653267,25.253443009306537,rebalance,2019-11-15,2019-11-15,,
2019-11-15,DRREDDY,DRREDDY,buy,6.023591682443805,2748.0,16552.829943355577,33.10565988671115,tranche1,2019-11-15,2019-11-15,,
2019-11-15,TORNTPOWER,TORNTPOWER,buy,45.4618105249112,293.0,13320.310483798981,26.640620967597965,tranche1,2019-11-15,2019-11-15,,
2019-11-18,ADANIENSOL,ADANITRANS,buy,36.10868874798264,269.25,9722.264445394327,19.444528890788654,tranche1,2019-11-15,2019-11-15,,
2019-11-18,NESCO,NESCO,buy,25.845113971858325,615.0,15894.74509269287,31.78949018538574,tranche1,2019-11-15,2019-11-15,,
2019-11-25,IGL,IGL,buy,34.73805672270739,402.95,13997.699956414943,27.995399912829885,tranche1,2019-11-15,2019-11-15,,
2019-12-16,DRREDDY,DRREDDY,buy,5.838740720760344,2835.0,16552.829943355577,33.10565988671115,tranche2,2019-12-16,2019-11-15,,
2019-12-16,IGL,IGL,buy,33.892735971949016,413.0,13997.699956414943,27.995399912829885,tranche2,2019-12-16,2019-11-15,,
2019-12-16,TORNTPOWER,TORNTPOWER,buy,48.87290582938536,272.55,13320.31048379898,26.64062096759796,tranche2,2019-12-16,2019-11-15,,
2019-12-16,NESCO,NESCO,buy,25.0725531866754,633.95,15894.74509269287,31.78949018538574,tranche2,2019-12-16,2019-11-15,,
2020-01-07,ADANIENSOL,ADANITRANS,buy,29.641050138397333,328.0,9722.264445394325,19.44452889078865,tranche2,2019-12-16,2019-11-15,,
2020-01-15,ADANIENSOL,ADANITRANS,buy,29.195989325508492,333.0,9722.264445394329,19.444528890788657,tranche3,2020-01-15,2019-11-15,,
2020-01-15,DRREDDY,DRREDDY,buy,5.618461362576777,2946.15,16552.829943355573,33.105659886711145,tranche3,2020-01-15,2019-11-15,,
2020-01-15,IGL,IGL,buy,32.808390850615126,426.65,13997.699956414943,27.995399912829885,tranche3,2020-01-15,2019-11-15,,
2020-01-15,TORNTPOWER,TORNTPOWER,buy,44.28294708709767,300.8,13320.31048379898,26.64062096759796,tranche3,2020-01-15,2019-11-15,,
2020-01-31,NESCO,NESCO,buy,20.74650966767681,723.0,14999.726489730334,29.999452979460667,tranche3,2020-01-15,2019-11-15,,
2020-02-17,DRREDDY,DRREDDY,sell,17.480793765780927,3325.8,58137.62390623421,116.27524781246842,rebalance,2020-02-17,2020-02-17,,
2020-02-17,KNRCON,KNRCON,sell,266.78471918008694,141.85,37843.41241569533,75.68682483139067,rebalance,2020-02-17,2020-02-17,,
2020-02-17,MGL,MGL,sell,43.31407428897146,1167.0,50547.524695229695,101.0950493904594,rebalance,2020-02-17,2020-02-17,,
2020-02-17,NESCO,NESCO,sell,8.902284708039794,753.0,6703.420385153965,13.40684077030793,rebalance,2020-02-17,2020-02-17,,
2020-02-17,IGL,IGL,sell,7.715640982669797,487.2,3759.060286756725,7.51812057351345,rebalance,2020-02-17,2020-02-17,,
2020-02-17,PIIND,PIIND,sell,0.07256523980898777,1559.05,113.13283712420238,0.22626567424840477,rebalance,2020-02-17,2020-02-17,,
2020-02-17,JBCHEPHARM,JBCHEPHARM,sell,28.795495840497708,588.9,16957.6675004691,33.9153350009382,rebalance,2020-02-17,2020-02-17,,
2020-02-17,PSPPROJECT,PSPPROJECT,buy,11.4330841803651,519.0,5933.770689609487,11.867541379218974,rebalance,2020-02-17,2020-02-17,,
2020-02-17,GSPL,GSPL,buy,5.7302380041997765,242.0,1386.717597016346,2.773435194032692,rebalance,2020-02-17,2020-02-17,,
2020-02-17,POWERGRID,POWERGRID,buy,35.83094885375067,138.75,4971.544153457906,9.943088306915811,rebalance,2020-02-17,2020-02-17,,
2020-02-17,TORNTPOWER,TORNTPOWER,buy,5.566029853630454,323.5,1800.6106576494517,3.6012213152989037,rebalance,2020-02-17,2020-02-17,,
2020-02-17,ADANIENSOL,ADANITRANS,buy,5.781142674271095,330.0,1907.7770825094613,3.8155541650189226,rebalance,2020-02-17,2020-02-17,,
2020-02-17,HCLTECH,HCLTECH,buy,33.50453568188686,623.0,20873.32572981551,41.746651459631025,tranche1,2020-02-17,2020-02-17,,
2020-02-17,COCHINSHIP,COCHINSHIP,buy,47.77679984358987,353.25,16877.154544748122,33.754309089496246,tranche1,2020-02-17,2020-02-17,,
2020-02-17,INDRAMEDCO,INDRAMEDCO,buy,351.03784584982213,42.55,14936.660340909932,29.873320681819862,tranche1,2020-02-17,2020-02-17,,
2020-03-19,HCLTECH,HCLTECH,buy,49.828898853701396,418.9,20873.325729815515,41.74665145963103,tranche2,2020-03-19,2020-02-17,,
2020-03-19,COCHINSHIP,COCHINSHIP,buy,76.02321867003658,222.0,16877.154544748122,33.754309089496246,tranche2,2020-03-19,2020-02-17,,
2020-03-19,INDRAMEDCO,INDRAMEDCO,buy,477.2095955562279,31.3,14936.660340909933,29.873320681819866,tranche2,2020-03-19,2020-02-17,,
2020-04-23,HCLTECH,HCLTECH,buy,44.88887253723766,465.0,20873.32572981551,41.746651459631025,tranche3,2020-04-23,2020-02-17,,
2020-04-23,COCHINSHIP,COCHINSHIP,buy,65.69542446379184,256.9,16877.154544748122,33.754309089496246,tranche3,2020-04-23,2020-02-17,,
2020-04-24,INDRAMEDCO,INDRAMEDCO,buy,364.75361027863073,40.95,14936.66034090993,29.87332068181986,tranche3,2020-04-23,2020-02-17,,
2020-06-01,ADANIENSOL,ADANITRANS,sell,100.72687088615956,172.0,17325.021792419444,34.65004358483889,rebalance,2020-06-01,2020-06-01,,
2020-06-01,COCHINSHIP,COCHINSHIP,sell,189.4954429774183,226.2,42863.869201492016,85.72773840298403,rebalance,2020-06-01,2020-06-01,,
2020-06-01,HCLTECH,HCLTECH,sell,128.2223070728259,557.0,71419.82503956404,142.83965007912806,rebalance,2020-06-01,2020-06-01,,
2020-06-01,INDRAMEDCO,INDRAMEDCO,sell,1193.0010516846808,38.15,45512.99012177057,91.02598024354114,rebalance,2020-06-01,2020-06-01,,
2020-06-01,JBCHEPHARM,JBCHEPHARM,sell,81.12272502034926,692.0,56136.92571408169,112.27385142816338,rebalance,2020-06-01,2020-06-01,,
2020-06-01,NESCO,NESCO,sell,62.76189211817074,435.0,27301.42307140427,54.602846142808545,rebalance,2020-06-01,2020-06-01,,
2020-06-01,TORNTPOWER,TORNTPOWER,sell,47.964064360832026,322.5,15468.410756368328,30.936821512736657,rebalance,2020-06-01,2020-06-01,,
2020-06-01,POWERGRID,POWERGRID,sell,116.07463410424323,118.91250000000001,13802.724927920824,27.60544985584165,rebalance,2020-06-01,2020-06-01,,
2020-06-01,PSPPROJECT,PSPPROJECT,sell,13.297586741398803,330.0,4388.203624661605,8.776407249323212,rebalance,2020-06-01,2020-06-01,,
2020-06-01,GSPL,GSPL,sell,57.13110591245734,200.0,11426.221182491468,22.852442364982938,rebalance,2020-06-01,2020-06-01,,
2020-06-01,IGL,IGL,sell,33.60661446256265,467.0,15694.28895401676,31.388577908033522,rebalance,2020-06-01,2020-06-01,,
2020-06-01,PIIND,PIIND,sell,11.632736395784274,1572.0,18286.661614172877,36.57332322834576,rebalance,2020-06-01,2020-06-01,,
2020-06-01,SANOFI,SANOFI,buy,1.7561287089104904,7825.0,13741.707147224588,27.483414294449176,tranche1,2020-06-01,2020-06-01,,
2020-06-01,ALKEM,ALKEM,buy,4.856700194549064,2290.0,11121.843445517357,22.243686891034717,tranche1,2020-06-01,2020-06-01,,
2020-06-01,NHPC,NHPC,buy,466.07312003752975,19.75,9204.944120741213,18.409888241482427,tranche1,2020-06-01,2020-06-01,,
2020-06-17,MPHASIS,MPHASIS,buy,12.163238818304668,843.0,10253.610323830835,20.507220647661672,tranche1,2020-06-01,2020-06-01,,
2020-06-30,SANOFI,SANOFI,buy,1.717928134419876,7999.0,13741.707147224588,27.483414294449176,tranche2,2020-06-30,2020-06-01,,
2020-06-30,ALKEM,ALKEM,buy,4.712845224593141,2359.9,11121.843445517354,22.24368689103471,tranche2,2020-06-30,2020-06-01,,
2020-06-30,NHPC,NHPC,buy,450.1195169066608,20.45,9204.944120741213,18.409888241482427,tranche2,2020-06-30,2020-06-01,,
2020-07-01,MPHASIS,MPHASIS,buy,11.691687940514067,877.0,10253.610323830837,20.507220647661676,tranche2,2020-06-30,2020-06-01,,
2020-07-13,COROMANDEL,COROMANDEL,buy,14.307527627927913,752.0,10759.26077620179,21.51852155240358,tranche1,2020-06-01,2020-06-01,,
2020-07-13,SYNGENE,SYNGENE,buy,25.878449065138536,450.0,11645.302079312341,23.290604158624685,tranche1,2020-06-01,2020-06-01,,
2020-07-17,SYNGENE,SYNGENE,buy,28.69361113542526,405.85,11645.302079312343,23.29060415862469,tranche2,2020-06-30,2020-06-01,,
2020-07-29,SANOFI,SANOFI,buy,1.7765620099837864,7735.0,13741.707147224588,27.483414294449176,tranche3,2020-07-29,2020-06-01,,
2020-07-29,ALKEM,ALKEM,buy,4.511904034692639,2465.0,11121.843445517356,22.243686891034713,tranche3,2020-07-29,2020-06-01,,
2020-07-29,COROMANDEL,COROMANDEL,buy,13.811631291658268,779.0,10759.26077620179,21.51852155240358,tranche2,2020-06-30,2020-06-01,,
2020-07-29,COROMANDEL,COROMANDEL,buy,13.81163129165827,779.0,10759.260776201792,21.518521552403584,tranche3,2020-07-29,2020-06-01,,
2020-07-29,NHPC,NHPC,buy,455.6903030069907,20.2,9204.944120741211,18.409888241482424,tranche3,2020-07-29,2020-06-01,,
2020-08-17,MPHASIS,MPHASIS,buy,0.0,,10253.610323830835,0.0,cancelled,2020-07-29,2020-06-01,tranche3,next_decision_date
2020-08-17,SYNGENE,SYNGENE,buy,0.0,,11645.302079312341,0.0,cancelled,2020-07-29,2020-06-01,tranche3,next_decision_date
2020-08-17,GSPL,GSPL,sell,146.2222219530202,213.95,31284.244386848673,62.56848877369735,rebalance,2020-08-17,2020-08-17,,
2020-08-17,IGL,IGL,sell,60.11692810003908,391.0,23505.718887115283,47.011437774230565,rebalance,2020-08-17,2020-08-17,,
2020-08-17,MPHASIS,MPHASIS,sell,23.854926758818735,1200.0,28625.91211058248,57.251824221164966,rebalance,2020-08-17,2020-08-17,,
2020-08-17,NHPC,NHPC,sell,1371.8829399511812,20.75,28466.57100398701,56.93314200797402,rebalance,2020-08-17,2020-08-17,,
2020-08-17,PSPPROJECT,PSPPROJECT,sell,80.92281024543354,400.8,32433.862346369762,64.86772469273953,rebalance,2020-08-17,2020-08-17,,
2020-08-17,SANOFI,SANOFI,sell,5.250618853314153,8350.0,43842.667425173175,87.68533485034635,rebalance,2020-08-17,2020-08-17,,
2020-08-17,SYNGENE,SYNGENE,sell,54.5720602005638,493.8,26947.683327038405,53.89536665407681,rebalance,2020-08-17,2020-08-17,,
2020-08-17,ALKEM,ALKEM,sell,0.31637518940268095,2951.0,933.6231839273115,1.8672463678546232,rebalance,2020-08-17,2020-08-17,,
2020-08-17,COROMANDEL,COROMANDEL,buy,13.413652639743198,755.9,10139.380030381883,20.278760060763766,rebalance,2020-08-17,2020-08-17,,
2020-08-17,TORNTPOWER,TORNTPOWER,buy,34.70186462682432,343.85,11932.236151933543,23.864472303867085,rebalance,2020-08-17,2020-08-17,,
2020-08-17,PIIND,PIIND,buy,0.7513450774870556,1945.5,1461.7418482510666,2.9234836965021334,rebalance,2020-08-17,2020-08-17,,
2020-08-17,POWERGRID,POWERGRID,buy,33.9794279664161,132.0,4485.284491566925,8.97056898313385,rebalance,2020-08-17,2020-08-17,,
2020-08-17,CHAMBLFERT,CHAMBLFERT,buy,71.38458251568676,153.95,10989.656478289975,21.97931295657995,tranche1,2020-08-17,2020-08-17,,
2020-08-17,ZYDUSLIFE,CADILAHC,buy,30.97386324870721,399.15,12363.217515721482,24.726435031442964,tranche1,2020-08-17,2020-08-17,,
2020-08-17,EIDPARRY,EIDPARRY,buy,29.33599648674233,283.4,8313.821404342776,16.627642808685554,tranche1,2020-08-17,2020-08-17,,
2020-08-20,LTM,LTI,buy,5.308833210972963,2380.0,12635.02304211565,25.2700460842313,tranche1,2020-08-17,2020-08-17,,
2020-08-26,HCLTECH,HCLTECH,buy,18.665242727166266,704.7,13153.396549834068,26.306793099668134,tranche1,2020-08-17,2020-08-17,,
2020-09-02,POLYPLEX,POLYPLEX,buy,14.805250242872361,686.0,10156.40166661044,20.31280333322088,tranche1,2020-08-17,2020-08-17,,
2020-09-11,PERSISTENT,PERSISTENT,buy,13.10240345630373,993.7,13019.858314529018,26.039716629058034,tranche1,2020-08-17,2020-08-17,,
2020-09-15,POLYPLEX,POLYPLEX,buy,13.931963877380575,729.0,10156.40166661044,20.31280333322088,tranche2,2020-09-15,2020-08-17,,
2020-09-15,CHAMBLFERT,CHAMBLFERT,buy,73.55861096579633,149.4,10989.656478289973,21.979312956579946,tranche2,2020-09-15,2020-08-17,,
2020-09-15,ZYDUSLIFE,CADILAHC,buy,33.355503887013306,370.65,12363.21751572148,24.72643503144296,tranche2,2020-09-15,2020-08-17,,
2020-09-15,EIDPARRY,EIDPARRY,buy,26.384707725619727,315.1,8313.821404342776,16.627642808685554,tranche2,2020-09-15,2020-08-17,,
2020-09-22,LTM,LTI,buy,4.750008662449493,2660.0,12635.02304211565,25.2700460842313,tranche2,2020-09-15,2020-08-17,,
2020-09-25,HCLTECH,HCLTECH,buy,16.53995165021574,795.25,13153.396549834068,26.306793099668134,tranche2,2020-09-15,2020-08-17,,
2020-10-15,POLYPLEX,POLYPLEX,buy,13.79945878615549,736.0,10156.401666610442,20.312803333220884,tranche3,2020-10-15,2020-08-17,,
2020-10-15,CHAMBLFERT,CHAMBLFERT,buy,66.78612262710408,164.55,10989.656478289977,21.979312956579953,tranche3,2020-10-15,2020-08-17,,
2020-10-15,ZYDUSLIFE,CADILAHC,buy,28.71160593525657,430.6,12363.21751572148,24.72643503144296,tranche3,2020-10-15,2020-08-17,,
2020-10-15,EIDPARRY,EIDPARRY,buy,31.51562321585586,263.8,8313.821404342776,16.627642808685554,tranche3,2020-10-15,2020-08-17,,
2020-10-19,HCLTECH,HCLTECH,buy,15.662534591371838,839.8,13153.39654983407,26.30679309966814,tranche3,2020-10-15,2020-08-17,,
2020-10-21,PERSISTENT,PERSISTENT,buy,10.725201461780976,1213.95,13019.858314529016,26.03971662905803,tranche2,2020-09-15,2020-08-17,,
2020-10-21,PERSISTENT,PERSISTENT,buy,10.72520146178098,1213.95,13019.858314529021,26.03971662905804,tranche3,2020-10-15,2020-08-17,,
2020-10-28,LTM,LTI,buy,4.334484748581698,2915.0,12635.023042115648,25.270046084231296,tranche3,2020-10-15,2020-08-17,,
2020-11-17,ALKEM,ALKEM,sell,13.765074264432164,2710.0,37303.35125661116,74.60670251322232,rebalance,2020-11-17,2020-11-17,,
2020-11-17,COROMANDEL,COROMANDEL,sell,55.34444285098765,754.4,41751.84768678508,83.50369537357015,rebalance,2020-11-17,2020-11-17,,
2020-11-17,EIDPARRY,EIDPARRY,sell,87.23632742821792,289.0,25211.29862675498,50.422597253509956,rebalance,2020-11-17,2020-11-17,,
2020-11-17,POLYPLEX,POLYPLEX,sell,42.53667290640843,777.15,33057.375349215305,66.11475069843061,rebalance,2020-11-17,2020-11-17,,
2020-11-17,TORNTPOWER,TORNTPOWER,sell,130.92149356101697,306.45,40120.89170177365,80.2417834035473,rebalance,2020-11-17,2020-11-17,,
2020-11-17,ZYDUSLIFE,CADILAHC,buy,27.482097904469555,432.0,11872.266294730847,23.744532589461695,rebalance,2020-11-17,2020-11-17,,
2020-11-17,PIIND,PIIND,buy,3.7110996755540597,2348.2,8714.404258136043,17.428808516272085,rebalance,2020-11-17,2020-11-17,,
2020-11-17,HCLTECH,HCLTECH,buy,13.317788457306484,837.95,11159.640837799969,22.31928167559994,rebalance,2020-11-17,2020-11-17,,
2020-11-17,PERSISTENT,PERSISTENT,buy,8.849874547048351,1174.8,10396.832617872402,20.793665235744804,rebalance,2020-11-17,2020-11-17,,
2020-11-17,LTM,LTI,buy,1.5280562909526054,3050.0,4660.571687405447,9.321143374810894,rebalance,2020-11-17,2020-11-17,,
2020-11-17,CHAMBLFERT,CHAMBLFERT,buy,61.15400680065272,185.3,11331.83746016095,22.663674920321903,rebalance,2020-11-17,2020-11-17,,
2020-11-17,POWERGRID,POWERGRID,buy,103.21095160433599,140.25,14475.335962508121,28.95067192501624,rebalance,2020-11-17,2020-11-17,,
2020-11-17,UFLEX,UFLEX,buy,44.213133260207556,337.5,14921.93247532005,29.843864950640103,tranche1,2020-11-17,2020-11-17,,
2020-11-17,JINDALPOLY,JINDALPOLY,buy,23.83777760641767,503.1,11992.78591378873,23.98557182757746,tranche1,2020-11-17,2020-11-17,,
2020-11-17,VENUSREM,VENUSREM,buy,88.74191576260192,136.1,12077.77473529012,24.15554947058024,tranche1,2020-11-17,2020-11-17,,
2020-11-27,JKCEMENT,JKCEMENT,buy,9.678691975658891,1899.0,18379.836061776234,36.75967212355247,tranche1,2020-11-17,2020-11-17,,
2020-12-17,JKCEMENT,JKCEMENT,buy,9.454648179926048,1944.0,18379.836061776237,36.75967212355248,tranche2,2020-12-17,2020-11-17,,
2020-12-17,JINDALPOLY,JINDALPOLY,buy,25.77153951603896,465.35,11992.78591378873,23.98557182757746,tranche2,2020-12-17,2020-11-17,,
2020-12-17,VENUSREM,VENUSREM,buy,85.14469323433288,141.85,12077.774735290119,24.155549470580237,tranche2,2020-12-17,2020-11-17,,
2020-12-22,UFLEX,UFLEX,buy,42.391853623068315,352.0,14921.932475320047,29.843864950640096,tranche2,2020-12-17,2020-11-17,,
2020-12-31,EVEREADY,EVEREADY,buy,73.47183672960836,210.0,15429.085713217755,30.85817142643551,tranche1,2020-11-17,2020-11-17,,
2021-01-18,UFLEX,UFLEX,buy,39.919562534296546,373.8,14921.932475320049,29.8438649506401,tranche3,2021-01-18,2020-11-17,,
2021-01-18,JINDALPOLY,JINDALPOLY,buy,26.35777123909611,455.0,11992.78591378873,23.98557182757746,tranche3,2021-01-18,2020-11-17,,
2021-01-19,JKCEMENT,JKCEMENT,buy,8.463340268810718,2171.7,18379.836061776234,36.75967212355247,tranche3,2021-01-18,2020-11-17,,
2021-01-19,EVEREADY,EVEREADY,buy,78.32023204679064,197.0,15429.085713217755,30.85817142643551,tranche2,2020-12-17,2020-11-17,,
2021-01-19,EVEREADY,EVEREADY,buy,78.32023204679064,197.0,15429.085713217755,30.85817142643551,tranche3,2021-01-18,2020-11-17,,
2021-01-27,VENUSREM,VENUSREM,buy,74.46223634580838,162.2,12077.774735290119,24.155549470580237,tranche3,2021-01-18,2020-11-17,,
2021-02-15,CHAMBLFERT,CHAMBLFERT,sell,272.8833229092399,243.1,66337.93579923622,132.67587159847244,rebalance,2021-02-15,2021-02-15,,
2021-02-15,LTM,LTI,sell,15.921382912956759,4060.0,64640.81462660444,129.28162925320888,rebalance,2021-02-15,2021-02-15,,
2021-02-15,PIIND,PIIND,sell,22.56682186644818,2235.0,50436.84687151168,100.87369374302337,rebalance,2021-02-15,2021-02-15,,
2021-02-15,JKCEMENT,JKCEMENT,sell,3.387990221249094,2720.0,9215.333401797536,18.430666803595074,rebalance,2021-02-15,2021-02-15,,
2021-02-15,PERSISTENT,PERSISTENT,sell,8.199600773099327,1804.0,14792.079794671186,29.584159589342374,rebalance,2021-02-15,2021-02-15,,
2021-02-15,UFLEX,UFLEX,buy,34.94736262571698,354.1,12374.861105766382,24.749722211532763,rebalance,2021-02-15,2021-02-15,,
2021-02-15,EVEREADY,EVEREADY,buy,21.09087970160104,224.0,4724.357053158633,9.448714106317267,rebalance,2021-02-15,2021-02-15,,
2021-02-15,JINDALPOLY,JINDALPOLY,buy,20.87367791253554,519.0,10833.438836605947,21.666877673211893,rebalance,2021-02-15,2021-02-15,,
2021-02-15,VENUSREM,VENUSREM,buy,9.385706536741452,176.5,1656.5772037348663,3.3131544074697326,rebalance,2021-02-15,2021-02-15,,
2021-02-15,HCLTECH,HCLTECH,buy,5.635613153009643,970.0,5466.544758419354,10.93308951683871,rebalance,2021-02-15,2021-02-15,,
2021-02-15,POWERGRID,POWERGRID,buy,54.05559728792279,160.5,8675.923364711607,17.351846729423215,rebalance,2021-02-15,2021-02-15,,
2021-02-15,ZYDUSLIFE,CADILAHC,buy,21.370773134232905,466.9,9978.013976373342,19.956027952746684,rebalance,2021-02-15,2021-02-15,,
2021-02-15,GPIL,GPIL,buy,120.34602146179851,126.0,15163.598704186612,30.327197408373223,tranche1,2021-02-15,2021-02-15,,
2021-02-16,INDSWFTLAB,INDSWFTLAB,buy,225.77847459773008,72.0,16256.050171036566,32.51210034207313,tranche1,2021-02-15,2021-02-15,,
2021-03-01,KNRCON,KNRCON,buy,93.78384875876029,210.0,19694.60823933966,39.38921647867932,tranche1,2021-02-15,2021-02-15,,
2021-03-17,KNRCON,KNRCON,buy,94.45855270666505,208.5,19694.60823933966,39.38921647867932,tranche2,2021-03-17,2021-02-15,,
2021-03-18,INDSWFTLAB,INDSWFTLAB,buy,198.2445142809337,82.0,16256.050171036564,32.51210034207313,tranche2,2021-03-17,2021-02-15,,
2021-04-20,KNRCON,KNRCON,buy,96.80318623415909,203.45,19694.608239339665,39.38921647867933,tranche3,2021-04-20,2021-02-15,,
2021-04-20,INDSWFTLAB,INDSWFTLAB,buy,232.06352849445489,70.05,16256.050171036564,32.51210034207313,tranche3,2021-04-20,2021-02-15,,
2021-05-04,GPIL,GPIL,buy,60.053856254204405,252.5,15163.598704186612,30.327197408373223,tranche2,2021-03-17,2021-02-15,,
2021-05-21,GPIL,GPIL,buy,68.15100541207468,222.5,15163.598704186617,30.327197408373234,tranche3,2021-04-20,2021-02-15,,
2021-06-01,EVEREADY,EVEREADY,sell,251.20318052479067,324.35,81477.75160321586,162.95550320643173,rebalance,2021-06-01,2021-06-01,,
2021-06-01,HCLTECH,HCLTECH,sell,69.82113057906997,948.0,66190.43178895833,132.38086357791667,rebalance,2021-06-01,2021-06-01,,
2021-06-01,INDSWFTLAB,INDSWFTLAB,sell,656.0865173731187,83.7,54914.44150413004,109.82888300826008,rebalance,2021-06-01,2021-06-01,,
2021-06-01,JINDALPOLY,JINDALPOLY,sell,96.84076627408828,812.65,78697.64871263783,157.39529742527566,rebalance,2021-06-01,2021-06-01,,
2021-06-01,JKCEMENT,JKCEMENT,sell,24.208690203146563,2859.0,69212.64529079602,138.42529058159204,rebalance,2021-06-01,2021-06-01,,
2021-06-01,KNRCON,KNRCON,sell,285.0455876995844,220.5,62852.55208775836,125.70510417551672,rebalance,2021-06-01,2021-06-01,,
2021-06-01,PERSISTENT,PERSISTENT,sell,35.20308015381471,2543.0,89521.43283115081,179.04286566230164,rebalance,2021-06-01,2021-06-01,,
2021-06-01,POWERGRID,POWERGRID,sell,489.8734312167649,169.72500000000002,83143.76811326543,166.28753622653085,rebalance,2021-06-01,2021-06-01,,
2021-06-01,VENUSREM,VENUSREM,sell,257.7345518794846,317.85,81920.9273148942,163.8418546297884,rebalance,2021-06-01,2021-06-01,,
2021-06-01,ZYDUSLIFE,CADILAHC,sell,141.89384410967955,618.8,87803.9107350697,175.6078214701394,rebalance,2021-06-01,2021-06-01,,
2021-06-01,GPIL,GPIL,buy,4.706503993500348,245.0,1153.0934784075853,2.3061869568151705,rebalance,2021-06-01,2021-06-01,,
2021-06-01,UFLEX,UFLEX,buy,24.317925699100442,457.4,11123.019214768541,22.246038429537084,rebalance,2021-06-01,2021-06-01,,
2021-06-01,APOLLOTYRE,APOLLOTYRE,buy,106.76731624782238,222.85,23793.096425827218,47.58619285165444,tranche1,2021-06-01,2021-06-01,,
2021-06-01,DALBHARAT,DALBHARAT,buy,16.360025656998,1778.4,29094.669628405245,58.18933925681049,tranche1,2021-06-01,2021-06-01,,
2021-06-02,VEDL,VEDL,buy,89.28788944910296,269.55,24067.550601005703,48.135101202011406,tranche1,2021-06-01,2021-06-01,,
2021-06-09,JSWSTEEL,JSWSTEEL,buy,43.02557774920498,705.0,30333.03231318951,60.66606462637902,tranche1,2021-06-01,2021-06-01,,
2021-06-10,TATASTEEL,TATASTEEL,buy,242.5053241594206,110.93,26901.115609004526,53.802231218009055,tranche1,2021-06-01,2021-06-01,,
2021-06-17,SPLPETRO,SUPPETRO,buy,61.91876884945938,371.0,22971.86324314943,45.94372648629886,tranche1,2021-06-01,2021-06-01,,
2021-06-18,TATASTLBSL,TATASTLBSL,buy,240.37108055349054,91.15,21909.823992450663,43.81964798490133,tranche1,2021-06-01,2021-06-01,,
2021-06-21,VISAKAIND,VISAKAIND,buy,36.365297806982205,665.5,24201.105690546658,48.402211381093316,tranche1,2021-06-01,2021-06-01,,
2021-06-30,TATASTLBSL,TATASTLBSL,buy,241.29762106223197,90.8,21909.823992450663,43.81964798490133,tranche2,2021-06-30,2021-06-01,,
2021-06-30,VEDL,VEDL,buy,90.30975835274184,266.5,24067.5506010057,48.1351012020114,tranche2,2021-06-30,2021-06-01,,
2021-06-30,JSWSTEEL,JSWSTEEL,buy,44.14967224101523,687.05,30333.032313189513,60.666064626379026,tranche2,2021-06-30,2021-06-01,,
2021-06-30,TATASTEEL,TATASTEEL,buy,227.77287675377437,118.105,26901.115609004522,53.80223121800905,tranche2,2021-06-30,2021-06-01,,
2021-06-30,APOLLOTYRE,APOLLOTYRE,buy,104.10455666518143,228.55,23793.096425827218,47.58619285165444,tranche2,2021-06-30,2021-06-01,,
2021-06-30,VISAKAIND,VISAKAIND,buy,34.47696515499202,701.95,24201.10569054665,48.4022113810933,tranche2,2021-06-30,2021-06-01,,
2021-06-30,SPLPETRO,SUPPETRO,buy,61.17673300439262,375.5,22971.863243149426,45.94372648629885,tranche2,2021-06-30,2021-06-01,,
2021-06-30,DALBHARAT,DALBHARAT,buy,15.443440446086807,1883.95,29094.66962840524,58.189339256810484,tranche2,2021-06-30,2021-06-01,,
2021-07-13,COSMOFIRST,COSMOFILMS,buy,34.17105935012519,713.3333333333333,24375.35566975597,48.75071133951194,tranche1,2021-06-01,2021-06-01,,
2021-07-13,GULPOLY,GULPOLY,buy,98.80749667672285,210.1,20759.45505177947,41.518910103558945,tranche1,2021-06-01,2021-06-01,,
2021-07-30,TATASTLBSL,TATASTLBSL,buy,224.7161435123145,97.5,21909.823992450663,43.81964798490133,tranche3,2021-07-30,2021-06-01,,
2021-07-30,VEDL,VEDL,buy,82.56449605833859,291.5,24067.5506010057,48.1351012020114,tranche3,2021-07-30,2021-06-01,,
2021-07-30,JSWSTEEL,JSWSTEEL,buy,40.65272708328018,746.15,30333.03231318951,60.66606462637902,tranche3,2021-07-30,2021-06-01,,
2021-07-30,APOLLOTYRE,APOLLOTYRE,buy,109.69615687333896,216.9,23793.09642582722,47.586192851654445,tranche3,2021-07-30,2021-06-01,,
2021-07-30,SPLPETRO,SUPPETRO,buy,64.25696012069773,357.5,22971.863243149437,45.94372648629888,tranche3,2021-07-30,2021-06-01,,
2021-07-30,DALBHARAT,DALBHARAT,buy,13.526113262856924,2151.0,29094.669628405245,58.18933925681049,tranche3,2021-07-30,2021-06-01,,
2021-08-11,VISAKAIND,VISAKAIND,buy,32.05444462324061,755.0,24201.10569054666,48.40221138109332,tranche3,2021-07-30,2021-06-01,,
2021-08-12,COSMOFIRST,COSMOFILMS,buy,27.69926780654088,880.0,24375.355669755976,48.75071133951195,tranche2,2021-06-30,2021-06-01,,
2021-08-12,GULPOLY,GULPOLY,buy,86.49772938241446,240.0,20759.45505177947,41.518910103558945,tranche2,2021-06-30,2021-06-01,,
2021-08-12,GULPOLY,GULPOLY,buy,86.49772938241446,240.0,20759.45505177947,41.518910103558945,tranche3,2021-07-30,2021-06-01,,
2021-08-16,TATASTEEL,TATASTEEL,buy,0.0,,26901.115609004526,0.0,cancelled,2021-07-30,2021-06-01,tranche3,next_decision_date
2021-08-16,COSMOFIRST,COSMOFILMS,buy,0.0,,24375.35566975597,0.0,cancelled,2021-07-30,2021-06-01,tranche3,next_decision_date
2021-08-16,APOLLOTYRE,APOLLOTYRE,sell,320.5680297863428,224.85,72079.72149745918,144.15944299491835,rebalance,2021-08-16,2021-08-16,,
2021-08-16,COSMOFIRST,COSMOFILMS,sell,61.87032715666607,913.3333333333333,56508.23213642168,113.01646427284335,rebalance,2021-08-16,2021-08-16,,
2021-08-16,DALBHARAT,DALBHARAT,sell,45.32957936594173,1910.0,86579.4965889487,173.15899317789743,rebalance,2021-08-16,2021-08-16,,
2021-08-16,GPIL,GPIL,sell,253.25738712157795,318.75,80725.79214500297,161.45158429000594,rebalance,2021-08-16,2021-08-16,,
2021-08-16,GULPOLY,GULPOLY,sell,271.8029554415518,269.9,73359.61767367482,146.71923534734964,rebalance,2021-08-16,2021-08-16,,
2021-08-16,UFLEX,UFLEX,sell,185.78983774238984,528.0,98097.03432798183,196.19406865596366,rebalance,2021-08-16,2021-08-16,,
2021-08-16,VEDL,VEDL,sell,262.1621438601834,329.8,86461.07504508848,172.92215009017696,rebalance,2021-08-16,2021-08-16,,
2021-08-16,VISAKAIND,VISAKAIND,sell,102.89670758521484,785.0,80773.91545439365,161.5478309087873,rebalance,2021-08-16,2021-08-16,,
2021-08-16,TATASTLBSL,TATASTLBSL,sell,12.050002967382511,97.75,1177.8877900616405,2.355775580123281,rebalance,2021-08-16,2021-08-16,,
2021-08-16,JSWSTEEL,JSWSTEEL,sell,1.0516141392266292,745.0,783.4525337238388,1.5669050674476777,rebalance,2021-08-16,2021-08-16,,
2021-08-16,TATASTEEL,TATASTEEL,buy,92.16060593314943,148.4,13676.633920479375,27.35326784095875,rebalance,2021-08-16,2021-08-16,,
2021-08-16,SPLPETRO,SUPPETRO,buy,33.252138030181584,347.175,11544.31102062829,23.08862204125658,rebalance,2021-08-16,2021-08-16,,
2021-08-16,STYRENIX,INEOSSTYRO,buy,19.992701342911666,1416.2,28313.663641831503,56.62732728366301,tranche1,2021-08-16,2021-08-16,,
2021-08-16,GRASIM,GRASIM,buy,25.837323086321096,1498.9,38727.56357408669,77.45512714817339,tranche1,2021-08-16,2021-08-16,,
2021-08-16,OIL,OIL,buy,218.89327277943238,166.0,36336.283281385775,72.67256656277155,tranche1,2021-08-16,2021-08-16,,
2021-08-16,TATASTLLP,TATASTLLP,buy,20.540177557644746,1019.15,20933.521957873643,41.86704391574729,tranche1,2021-08-16,2021-08-16,,
2021-08-20,GHCL,GHCL,buy,83.598567860939,337.4,28206.156796280815,56.41231359256163,tranche1,2021-08-16,2021-08-16,,
2021-08-24,NITINSPIN,NITINSPIN,buy,119.17231639084665,185.75,22136.257769599764,44.27251553919953,tranche1,2021-08-16,2021-08-16,,
2021-09-07,DCMNVL,DCMNVL,buy,108.83249879452119,205.5,22365.078502274104,44.73015700454821,tranche1,2021-08-16,2021-08-16,,
2021-09-16,STYRENIX,INEOSSTYRO,buy,20.25297828457189,1398.0,28313.6636418315,56.627327283663,tranche2,2021-09-16,2021-08-16,,
2021-09-16,GRASIM,GRASIM,buy,23.979915525750275,1615.0,38727.56357408669,77.45512714817339,tranche2,2021-09-16,2021-08-16,,
2021-09-16,NITINSPIN,NITINSPIN,buy,103.44045686728862,214.0,22136.257769599764,44.27251553919953,tranche2,2021-09-16,2021-08-16,,
2021-09-16,DCMNVL,DCMNVL,buy,102.59210322144084,218.0,22365.078502274104,44.73015700454821,tranche2,2021-09-16,2021-08-16,,
2021-09-16,TATASTLLP,TATASTLLP,buy,23.52081118862207,890.0,20933.521957873643,41.86704391574729,tranche2,2021-09-16,2021-08-16,,
2021-09-21,GHCL,GHCL,buy,73.99306609727392,381.2,28206.15679628082,56.41231359256164,tranche2,2021-09-16,2021-08-16,,
2021-09-29,HGINFRA,HGINFRA,buy,38.44881277842466,625.0,24030.50798651541,48.06101597303083,tranche1,2021-08-16,2021-08-16,,
2021-10-18,NITINSPIN,NITINSPIN,buy,99.48879896449333,222.5,22136.257769599764,44.27251553919953,tranche3,2021-10-18,2021-08-16,,
2021-10-18,DCMNVL,DCMNVL,buy,93.89201722197356,238.2,22365.0785022741,44.730157004548204,tranche3,2021-10-18,2021-08-16,,
2021-10-18,TATASTLLP,TATASTLLP,buy,21.625539212679385,968.0,20933.521957873643,41.86704391574729,tranche3,2021-10-18,2021-08-16,,
2021-10-20,GRASIM,GRASIM,buy,22.646373647205827,1710.1,38727.563574086686,77.45512714817337,tranche3,2021-10-18,2021-08-16,,
2021-10-21,GHCL,GHCL,buy,66.05657329339769,427.0,28206.156796280815,56.41231359256163,tranche3,2021-10-18,2021-08-16,,
2021-10-22,OIL,OIL,buy,164.4175714089854,221.0,36336.283281385775,72.67256656277155,tranche2,2021-09-16,2021-08-16,,
2021-10-22,OIL,OIL,buy,164.41757140898545,221.0,36336.28328138578,72.67256656277156,tranche3,2021-10-18,2021-08-16,,
2021-10-26,STYRENIX,INEOSSTYRO,buy,18.964275714555598,1493.0,28313.663641831507,56.627327283663014,tranche3,2021-10-18,2021-08-16,,
2021-10-29,HGINFRA,HGINFRA,buy,30.879604197526866,778.2,24030.507986515408,48.06101597303081,tranche2,2021-09-16,2021-08-16,,
2021-11-10,HGINFRA,HGINFRA,buy,32.654583484869434,735.9,24030.507986515415,48.061015973030834,tranche3,2021-10-18,2021-08-16,,
2021-11-15,GRASIM,GRASIM,sell,72.4636122592772,1859.05,134713.4783706093,269.4269567412186,rebalance,2021-11-15,2021-11-15,,
2021-11-15,SPLPETRO,SUPPETRO,sell,220.6046000047313,343.0,75667.37780162285,151.3347556032457,rebalance,2021-11-15,2021-11-15,,
2021-11-15,TATASTLLP,TATASTLLP,sell,65.6865279589462,852.0,55964.921821022166,111.92984364204433,rebalance,2021-11-15,2021-11-15,,
2021-11-15,OIL,OIL,sell,58.49173642054086,221.9,12979.316311718017,25.958632623436035,rebalance,2021-11-15,2021-11-15,,
2021-11-15,DCMNVL,DCMNVL,sell,59.23766209941496,312.4,18505.845639857234,37.01169127971447,rebalance,2021-11-15,2021-11-15,,
2021-11-15,NITINSPIN,NITINSPIN,sell,33.54345894975677,257.0,8620.668950087489,17.24133790017498,rebalance,2021-11-15,2021-11-15,,
2021-11-15,GHCL,GHCL,sell,7.187446080770712,417.5,3000.7587387217723,6.001517477443545,rebalance,2021-11-15,2021-11-15,,
2021-11-15,STYRENIX,INEOSSTYRO,sell,4.399308776230498,1527.0,6717.7445013039705,13.435489002607941,rebalance,2021-11-15,2021-11-15,,
2021-11-15,TATASTEEL,TATASTEEL,buy,145.00464025032946,129.5,18778.100912417667,37.556201824835334,rebalance,2021-11-15,2021-11-15,,
2021-11-15,HGINFRA,HGINFRA,buy,9.640137834712505,698.25,6731.226243088006,13.462452486176014,rebalance,2021-11-15,2021-11-15,,
2021-11-15,JSWSTEEL,JSWSTEEL,buy,30.37940844709719,675.0,20506.100701790605,41.01220140358121,rebalance,2021-11-15,2021-11-15,,
2021-11-15,VEDL,VEDL,buy,88.43595929069977,329.0,29095.430606640224,58.19086121328045,tranche1,2021-11-15,2021-11-15,,
2021-11-15,ONGC,ONGC,buy,215.73229208913543,156.45,33751.317097345236,67.50263419469047,tranche1,2021-11-15,2021-11-15,,
2021-11-22,JAYNECOIND,JAYNECOIND,buy,865.3847171546621,26.65,23062.502712171743,46.125005424343485,tranche1,2021-11-15,2021-11-15,,
2021-11-23,TATASTLBSL,TATASTLBSL,buy,0.0,,18452.582560089468,0.0,cancelled,2021-11-15,2021-11-15,rebalance,no_trade_within_5_sessions
2021-12-13,TATASTLBSL,TATASTLBSL,sell,694.3348421606545,85.35,59261.47877841186,118.52295755682373,forced_exit,2021-12-13,2021-11-15,,
2021-12-15,VEDL,VEDL,buy,80.83186722222592,359.95,29095.43060664022,58.19086121328044,tranche2,2021-12-15,2021-11-15,,
2021-12-15,ONGC,ONGC,buy,230.69936498527156,146.3,33751.31709734523,67.50263419469046,tranche2,2021-12-15,2021-11-15,,
2021-12-15,JAYNECOIND,JAYNECOIND,buy,840.1640332303003,27.45,23062.502712171743,46.125005424343485,tranche2,2021-12-15,2021-11-15,,
2022-01-13,VEDL,VEDL,buy,86.74845142110979,335.4,29095.43060664022,58.19086121328044,tranche3,2022-01-13,2021-11-15,,
2022-01-13,JAYNECOIND,JAYNECOIND,buy,871.928268891181,26.45,23062.502712171736,46.12500542434347,tranche3,2022-01-13,2021-11-15,,
2022-01-17,ONGC,ONGC,buy,207.70041290673998,162.5,33751.31709734525,67.5026341946905,tranche3,2022-01-13,2021-11-15,,
2022-02-15,GHCL,GHCL,sell,216.4607611708399,410.0,88748.91208004436,177.49782416008873,rebalance,2022-02-15,2022-02-15,,
2022-02-15,HGINFRA,HGINFRA,sell,111.62313829553347,586.05,65416.74019809738,130.83348039619477,rebalance,2022-02-15,2022-02-15,,
2022-02-15,JAYNECOIND,JAYNECOIND,sell,2577.4770192761434,24.85,64050.30392901217,128.10060785802435,rebalance,2022-02-15,2022-02-15,,
2022-02-15,STYRENIX,INEOSSTYRO,sell,54.81064656580865,1145.15,62766.411914835786,125.53282382967157,rebalance,2022-02-15,2022-02-15,,
2022-02-15,NITINSPIN,NITINSPIN,sell,40.42429707336689,285.0,11520.924665909562,23.041849331819126,rebalance,2022-02-15,2022-02-15,,
2022-02-15,OIL,OIL,sell,81.98843087353748,231.0,18939.32753178716,37.87865506357432,rebalance,2022-02-15,2022-02-15,,
2022-02-15,ONGC,ONGC,sell,39.16671929491383,170.0,6658.342280135352,13.316684560270703,rebalance,2022-02-15,2022-02-15,,
2022-02-15,VEDL,VEDL,sell,29.441023377736997,369.0,10863.737626384951,21.727475252769903,rebalance,2022-02-15,2022-02-15,,
2022-02-15,JSWSTEEL,JSWSTEEL,sell,2.7180827670397036,635.85,1728.2929274221956,3.4565858548443913,rebalance,2022-02-15,2022-02-15,,
2022-02-15,DCMNVL,DCMNVL,buy,28.014825691310904,270.0,7564.002936653944,15.128005873307888,rebalance,2022-02-15,2022-02-15,,
2022-02-15,TATASTEEL,TATASTEEL,buy,42.96686512410474,119.685,5142.489252378476,10.284978504756952,rebalance,2022-02-15,2022-02-15,,
2022-02-15,MAHSEAMLES,MAHSEAMLES,buy,124.13331459067045,257.6,31976.74183855671,63.953483677113425,tranche1,2022-02-15,2022-02-15,,
2022-02-15,PRECOT,PRECOT,buy,69.1048635587661,328.15,22676.760976809095,45.35352195361819,tranche1,2022-02-15,2022-02-15,,
2022-02-15,UFLEX,UFLEX,buy,51.095296994203565,560.0,28613.366316753996,57.22673263350799,tranche1,2022-02-15,2022-02-15,,
2022-02-15,ALLCARGO,ALLCARGO,buy,72.77192712907019,344.0,25033.542932400145,50.06708586480029,tranche1,2022-02-15,2022-02-15,,
2022-03-17,MAHSEAMLES,MAHSEAMLES,buy,113.37260003033755,282.05,31976.741838556707,63.95348367711342,tranche2,2022-03-17,2022-02-15,,
2022-03-17,PRECOT,PRECOT,buy,67.89449394254218,334.0,22676.760976809088,45.35352195361818,tranche2,2022-03-17,2022-02-15,,
2022-03-17,UFLEX,UFLEX,buy,51.095296994203565,560.0,28613.366316753996,57.22673263350799,tranche2,2022-03-17,2022-02-15,,
2022-03-17,ALLCARGO,ALLCARGO,buy,78.75898358471024,317.85,25033.54293240015,50.0670858648003,tranche2,2022-03-17,2022-02-15,,
2022-03-31,VISHNU,VISHNU,buy,79.67917768677601,314.0,25019.26179364767,50.038523587295344,tranche1,2022-02-15,2022-02-15,,
2022-04-20,MAHSEAMLES,MAHSEAMLES,buy,108.04778455332558,295.95,31976.741838556707,63.95348367711342,tranche3,2022-04-20,2022-02-15,,
2022-04-20,PRECOT,PRECOT,buy,67.36005042866208,336.65,22676.760976809088,45.35352195361818,tranche3,2022-04-20,2022-02-15,,
2022-04-20,ALLCARGO,ALLCARGO,buy,67.65822414162201,370.0,25033.542932400145,50.06708586480029,tranche3,2022-04-20,2022-02-15,,
2022-04-20,VISHNU,VISHNU,buy,80.16681660305575,312.09000000000003,25019.26179364767,50.038523587295344,tranche2,2022-03-17,2022-02-15,,
2022-04-20,VISHNU,VISHNU,buy,80.16681660305575,312.09000000000003,25019.26179364767,50.038523587295344,tranche3,2022-04-20,2022-02-15,,
2022-05-04,UFLEX,UFLEX,buy,43.69787158942273,654.8,28613.366316754003,57.22673263350801,tranche3,2022-04-20,2022-02-15,,
2022-06-01,JSWSTEEL,JSWSTEEL,sell,154.43768861433125,554.05,85566.20137677022,171.13240275354045,rebalance,2022-06-01,2022-06-01,,
2022-06-01,PRECOT,PRECOT,sell,204.35940792997036,260.3,53194.75388417129,106.38950776834258,rebalance,2022-06-01,2022-06-01,,
2022-06-01,TATASTEEL,TATASTEEL,sell,750.4103122207786,106.55000000000001,79956.21876712397,159.91243753424794,rebalance,2022-06-01,2022-06-01,,
2022-06-01,VEDL,VEDL,sell,226.5752545562985,320.5,72617.36908529367,145.23473817058735,rebalance,2022-06-01,2022-06-01,,
2022-06-01,UFLEX,UFLEX,sell,54.97284477762038,619.8,34072.16919316911,68.14433838633822,rebalance,2022-06-01,2022-06-01,,
2022-06-01,ONGC,ONGC,sell,175.34008747465066,151.2,26511.42122616718,53.02284245233436,rebalance,2022-06-01,2022-06-01,,
2022-06-01,NITINSPIN,NITINSPIN,sell,28.600937785692082,218.0,6235.004437280874,12.47000887456175,rebalance,2022-06-01,2022-06-01,,
2022-06-01,OIL,OIL,sell,170.78752115314208,240.4,41057.32008521536,82.11464017043072,rebalance,2022-06-01,2022-06-01,,
2022-06-01,MAHSEAMLES,MAHSEAMLES,sell,125.07123136962772,277.0,34644.73108938688,69.28946217877376,rebalance,2022-06-01,2022-06-01,,
2022-06-01,ALLCARGO,ALLCARGO,sell,73.96022552694345,320.0,23667.2721686219,47.334544337243806,rebalance,2022-06-01,2022-06-01,,
2022-06-01,VISHNU,VISHNU,sell,64.93588547036104,288.38000000000005,18726.210651942718,37.45242130388544,rebalance,2022-06-01,2022-06-01,,
2022-06-01,DCMNVL,DCMNVL,sell,30.89997128888342,183.45,5668.599732945663,11.337199465891327,rebalance,2022-06-01,2022-06-01,,
2022-06-01,POLYPLEX,POLYPLEX,buy,8.090707063797762,2367.65,19155.96257960077,38.31192515920154,tranche1,2022-06-01,2022-06-01,,
2022-06-01,AURIONPRO,AURIONPRO,buy,51.14624349893137,313.0,16008.774215165518,32.01754843033104,tranche1,2022-06-01,2022-06-01,,
2022-06-01,NTPC,NTPC,buy,177.9508880878675,156.45,27840.416441346868,55.680832882693736,tranche1,2022-06-01,2022-06-01,,
2022-06-06,GHCL,GHCL,buy,25.498924444668447,640.3,16326.961321921206,32.653922643842414,tranche1,2022-06-01,2022-06-01,,
2022-06-30,POLYPLEX,POLYPLEX,buy,8.267571247130242,2317.0,19155.96257960077,38.31192515920154,tranche2,2022-06-30,2022-06-01,,
2022-06-30,AURIONPRO,AURIONPRO,buy,61.148870187797996,261.8,16008.774215165517,32.01754843033103,tranche2,2022-06-30,2022-06-01,,
2022-06-30,NTPC,NTPC,buy,195.6459342329365,142.3,27840.416441346864,55.68083288269373,tranche2,2022-06-30,2022-06-01,,
2022-06-30,GHCL,GHCL,buy,28.367581134430033,575.55,16326.961321921204,32.65392264384241,tranche2,2022-06-30,2022-06-01,,
2022-07-29,POLYPLEX,POLYPLEX,buy,8.253145162577614,2321.05,19155.96257960077,38.31192515920154,tranche3,2022-07-29,2022-06-01,,
2022-07-29,NTPC,NTPC,buy,184.43468990623956,150.95,27840.416441346857,55.680832882693714,tranche3,2022-07-29,2022-06-01,,
2022-07-29,GHCL,GHCL,buy,23.974979914715426,681.0,16326.961321921206,32.653922643842414,tranche3,2022-07-29,2022-06-01,,
2022-08-16,AURIONPRO,AURIONPRO,buy,0.0,,16008.774215165518,0.0,cancelled,2022-07-29,2022-06-01,tranche3,next_decision_date
2022-08-16,ALLCARGO,ALLCARGO,sell,145.228909328459,301.0,43713.901707866156,87.42780341573231,rebalance,2022-08-16,2022-08-16,,
2022-08-16,AURIONPRO,AURIONPRO,sell,112.29511368672937,345.0,38741.81422192163,77.48362844384326,rebalance,2022-08-16,2022-08-16,,
2022-08-16,DCMNVL,DCMNVL,sell,243.1938115409481,184.95,44978.69544449835,89.9573908889967,rebalance,2022-08-16,2022-08-16,,
2022-08-16,NITINSPIN,NITINSPIN,sell,219.53287841381285,201.95,44334.6647956695,88.66932959133901,rebalance,2022-08-16,2022-08-16,,
2022-08-16,OIL,OIL,sell,236.4607271501828,191.0,45163.998885684916,90.32799777136984,rebalance,2022-08-16,2022-08-16,,
2022-08-16,ONGC,ONGC,sell,439.6252632115825,139.5,61327.724218015755,122.65544843603152,rebalance,2022-08-16,2022-08-16,,
2022-08-16,NTPC,NTPC,sell,74.0259402098813,159.0,11770.124493371126,23.540248986742252,rebalance,2022-08-16,2022-08-16,,
2022-08-16,MAHSEAMLES,MAHSEAMLES,sell,82.23308275971272,387.5,31865.319569388677,63.730639138777356,rebalance,2022-08-16,2022-08-16,,
2022-08-16,UFLEX,UFLEX,sell,11.201780237989993,682.8,7648.575546499567,15.297151092999135,rebalance,2022-08-16,2022-08-16,,
2022-08-16,GHCL,GHCL,sell,5.381420344812952,621.0,3341.862034128843,6.6837240682576855,rebalance,2022-08-16,2022-08-16,,
2022-08-16,POLYPLEX,POLYPLEX,sell,2.3647164927117394,2241.4,5300.275546764093,10.600551093528185,rebalance,2022-08-16,2022-08-16,,
2022-08-16,VISHNU,VISHNU,sell,35.331340566629734,351.77,12428.505671123341,24.857011342246683,rebalance,2022-08-16,2022-08-16,,
2022-08-16,ITC,ITC,buy,94.32411436526468,308.55,29103.705487402418,58.20741097480484,tranche1,2022-08-16,2022-08-16,,
2022-08-16,POWERGRID,POWERGRID,buy,117.90948344060504,229.2,27024.853604586675,54.04970720917335,tranche1,2022-08-16,2022-08-16,,
2022-08-16,EIDPARRY,EIDPARRY,buy,28.81726392631502,582.7,16791.819689863765,33.58363937972753,tranche1,2022-08-16,2022-08-16,,
2022-08-16,GAIL,GAIL,buy,253.2688237808347,88.29999999999998,22363.637139847702,44.72727427969541,tranche1,2022-08-16,2022-08-16,,
2022-08-19,RITES,RITES,buy,105.01120726028473,272.3,28594.551736975536,57.18910347395107,tranche1,2022-08-16,2022-08-16,,
2022-09-12,GESHIP,GESHIP,buy,37.319701917545096,528.75,19732.79238890197,39.46558477780394,tranche1,2022-08-16,2022-08-16,,
2022-09-15,POWERGRID,POWERGRID,buy,115.762919702663,233.45,27024.853604586675,54.04970720917335,tranche2,2022-09-15,2022-08-16,,
2022-09-15,EIDPARRY,EIDPARRY,buy,29.615202274892,567.0,16791.81968986376,33.58363937972752,tranche2,2022-09-15,2022-08-16,,
2022-09-15,GAIL,GAIL,buy,243.4799906352499,91.85,22363.637139847702,44.72727427969541,tranche2,2022-09-15,2022-08-16,,
2022-09-16,RITES,RITES,buy,96.22935129387695,297.15,28594.551736975533,57.189103473951064,tranche2,2022-09-15,2022-08-16,,
2022-09-19,ITC,ITC,buy,88.43423119842726,329.1,29103.70548740241,58.20741097480482,tranche2,2022-09-15,2022-08-16,,
2022-09-19,GESHIP,GESHIP,buy,36.6439970081745,538.5,19732.79238890197,39.46558477780394,tranche2,2022-09-15,2022-08-16,,
2022-10-17,ITC,ITC,buy,87.90004677560381,331.1,29103.705487402425,58.20741097480485,tranche3,2022-10-17,2022-08-16,,
2022-10-17,POWERGRID,POWERGRID,buy,127.50579667179372,211.95,27024.85360458668,54.049707209173356,tranche3,2022-10-17,2022-08-16,,
2022-10-17,GESHIP,GESHIP,buy,38.616032072215205,511.0,19732.79238890197,39.46558477780394,tranche3,2022-10-17,2022-08-16,,
2022-10-17,EIDPARRY,EIDPARRY,buy,27.348240537237402,614.0,16791.819689863765,33.58363937972753,tranche3,2022-10-17,2022-08-16,,
2022-10-17,GAIL,GAIL,buy,262.79244582664745,85.1,22363.637139847695,44.72727427969539,tranche3,2022-10-17,2022-08-16,,
2022-11-14,RITES,RITES,buy,77.61821861285432,368.4,28594.55173697553,57.18910347395106,tranche3,2022-10-17,2022-08-16,,
2022-11-15,GAIL,GAIL,sell,759.541260242732,88.1,66915.58502738469,133.8311700547694,rebalance,2022-11-15,2022-11-15,,
2022-11-15,RITES,RITES,sell,278.858777167016,367.0,102341.17122029487,204.68234244058974,rebalance,2022-11-15,2022-11-15,,
2022-11-15,MAHSEAMLES,MAHSEAMLES,buy,50.07658890639735,398.0,19930.482384746145,39.86096476949229,rebalance,2022-11-15,2022-11-15,,
2022-11-15,GESHIP,GESHIP,buy,8.094192716258888,615.0,4977.928520499217,9.955857040998433,rebalance,2022-11-15,2022-11-15,,
2022-11-15,ITC,ITC,buy,76.0451031749003,348.95,26535.938752881462,53.07187750576293,rebalance,2022-11-15,2022-11-15,,
2022-11-15,NTPC,NTPC,buy,123.11030846424495,172.3,21211.906148389407,42.42381229677881,rebalance,2022-11-15,2022-11-15,,
2022-11-15,UFLEX,UFLEX,buy,39.00903871728876,665.0,25941.010746997024,51.88202149399405,rebalance,2022-11-15,2022-11-15,,
2022-11-15,GHCL,GHCL,buy,31.25577415952425,594.05,18567.49263946538,37.13498527893076,rebalance,2022-11-15,2022-11-15,,
2022-11-15,VISHNU,VISHNU,buy,85.27080572502818,281.2,23978.150569877926,47.95630113975585,rebalance,2022-11-15,2022-11-15,,
2022-11-15,EIDPARRY,EIDPARRY,buy,19.629850938944216,624.9,12266.69385174624,24.53338770349248,rebalance,2022-11-15,2022-11-15,,
2022-11-15,POWERGRID,POWERGRID,buy,134.92673034317482,210.0,28334.613372066713,56.669226744133425,rebalance,2022-11-15,2022-11-15,,
2022-11-15,POLYPLEX,POLYPLEX,buy,15.831545186132143,1789.8,28335.29957413931,56.67059914827862,rebalance,2022-11-15,2022-11-15,,
2022-11-15,ANDHRAPAP,ANDHRAPAP,buy,52.6471624830014,455.0,23954.45892976564,47.90891785953128,tranche1,2022-11-15,2022-11-15,,
2022-11-15,COALINDIA,COALINDIA,buy,112.61999851674143,234.4,26398.127652324194,52.79625530464839,tranche1,2022-11-15,2022-11-15,,
2022-12-14,ANDHRAPAP,ANDHRAPAP,buy,53.9818792783451,443.75,23954.45892976564,47.90891785953128,tranche2,2022-12-14,2022-11-15,,
2022-12-14,COALINDIA,COALINDIA,buy,113.90777843505587,231.75,26398.127652324198,52.7962553046484,tranche2,2022-12-14,2022-11-15,,
2023-01-12,ANDHRAPAP,ANDHRAPAP,buy,57.03442602325153,420.0,23954.458929765642,47.908917859531286,tranche3,2023-01-12,2022-11-15,,
2023-01-12,COALINDIA,COALINDIA,buy,122.4971120757503,215.5,26398.127652324187,52.796255304648376,tranche3,2023-01-12,2022-11-15,,
