symbol,D,pe,pass_mcap,pass_pe,bs_usable,roce,de,pass_roce,pass_de,passes,ticker
ABFRL,2019-02-15,70.75076951533576,True,False,,,,True,True,False,ABFRL
BASF,2019-02-15,147.656612373279,True,False,,,,True,True,False,BASF
DLF,2019-02-15,529.0612801125374,True,False,,,,True,True,False,DLF
DMART,2019-02-15,101.54673438403267,True,False,,,,True,True,False,DMART
EIHOTEL,2019-02-15,74.565975129794,True,False,,,,True,True,False,EIHOTEL
FCONSUMER,2019-02-15,793.0002394987945,True,False,,,,True,True,False,FCONSUMER
HATHWAY,2019-02-15,211.62008733624455,True,False,,,,True,True,False,HATHWAY
HATSUN,2019-02-15,112.55141649516771,True,False,,,,True,True,False,HATSUN
INDOCO,2019-02-15,265.6716417910448,True,False,,,,True,True,False,INDOCO
JINDALSTEL,2019-02-15,239.86089799186067,True,False,,,,True,True,False,JINDALSTEL
KAMATHOTEL,2019-02-15,4.221241091788376,False,True,,,,True,True,False,KAMATHOTEL
NAUKRI,2019-02-15,71.22552816106524,True,False,,,,True,True,False,NAUKRI
NH,2019-02-15,100.5429231787319,True,False,,,,True,True,False,NH
SNOWMAN,2019-02-15,80.55660248658323,True,False,,,,True,True,False,SNOWMAN
TATACOMM,2019-02-15,92.51794676671612,True,False,,,,True,True,False,TATACOMM
TITAGARH,2019-02-15,82.72134619423271,True,False,,,,True,True,False,TWL
TRENT,2019-02-15,92.51246795808825,True,False,,,,True,True,False,TRENT
3MINDIA,2019-06-03,79.31634046055481,True,False,,,,True,True,False,3MINDIA
ABB,2019-06-03,77.68699554561985,True,False,,,,True,True,False,ABB
AEGISLOG,2019-06-03,83.60567744454,True,False,,,,True,True,False,AEGISCHEM
ARIES,2019-06-03,6.603945917040876,False,True,,,,True,True,False,ARIES
ASTERDM,2019-06-03,151.25314188507653,True,False,,,,True,True,False,ASTERDM
ASTRAL,2019-06-03,107.5706304081675,True,False,,,,True,True,False,ASTRAL
ASTRAZEN,2019-06-03,90.41778961946143,True,False,,,,True,True,False,ASTRAZEN
BLS,2019-06-03,100.18794190065283,True,False,,,,True,True,False,BLS
BLUEDART,2019-06-03,73.4167235336737,True,False,,,,True,True,False,BLUEDART
BPL,2019-06-03,116.74179008370895,True,False,,,,True,True,False,BPL
BYKE,2019-06-03,19.649556481883916,False,True,,,,True,True,False,BYKE
CCAVENUE,2019-06-03,126.47940074906367,True,False,,,,True,True,False,INFIBEAM
DLF,2019-06-03,623.2687415743508,True,False,,,,True,True,False,DLF
DMART,2019-06-03,88.21282607177625,True,False,,,,True,True,False,DMART
EIHOTEL,2019-06-03,72.61872333927708,True,False,,,,True,True,False,EIHOTEL
FCONSUMER,2019-06-03,375.3834432521896,True,False,,,,True,True,False,FCONSUMER
FEL,2019-06-03,71.58237486829407,True,False,,,,True,True,False,FEL
GANESHHOU,2019-06-03,2.781546714349575,False,True,,,,True,True,False,GANESHHOUC
GILLETTE,2019-06-03,100.29578158117845,True,False,,,,True,True,False,GILLETTE
GODREJIND,2019-06-03,81.60637366332666,True,False,,,,True,True,False,GODREJIND
HATSUN,2019-06-03,100.63543849872525,True,False,,,,True,True,False,HATSUN
HGM,2019-06-03,122.76236835429367,True,False,,,,True,True,False,HOVS
INDHOTEL,2019-06-03,78.26769112838801,True,False,,,,True,True,False,INDHOTEL
INOXWIND,2019-06-03,1256.0185448304085,True,False,,,,True,True,False,INOXWIND
ITDC,2019-06-03,122.4207273437087,True,False,,,,True,True,False,ITDC
LEMONTREE,2019-06-03,93.73796902423985,True,False,,,,True,True,False,LEMONTREE
LINDEINDIA,2019-06-03,71.93352399876194,True,False,,,,True,True,False,LINDEINDIA
NAUKRI,2019-06-03,79.42954415502885,True,False,,,,True,True,False,NAUKRI
NH,2019-06-03,95.58293288836477,True,False,,,,True,True,False,NH
OMAXE,2019-06-03,161.97004689913143,True,False,,,,True,True,False,OMAXE
PGHH,2019-06-03,88.48874250256593,True,False,,,,True,True,False,PGHH
REFEX,2019-06-03,2.871794295779545,False,True,,,,True,True,False,REFEX
RESPONIND,2019-06-03,83.4895600838089,True,False,,,,True,True,False,RESPONIND
SCHNEIDER,2019-06-03,662.3639362286971,True,False,,,,True,True,False,SCHNEIDER
TASTYBITE,2019-06-03,70.88452280777618,True,False,,,,True,True,False,TASTYBITE
TATACOMM,2019-06-03,227.97010059889357,True,False,,,,True,True,False,TATACOMM
TDPOWERSYS,2019-06-03,155.76004808883997,True,False,,,,True,True,False,TDPOWERSYS
THOMASCOOK,2019-06-03,329.24570056595365,True,False,,,,True,True,False,THOMASCOOK
TITAGARH,2019-06-03,101.03925413882553,True,False,,,,True,True,False,TWL
TRENT,2019-06-03,101.84576941534534,True,False,,,,True,True,False,TRENT
VAIBHAVGBL,2019-06-03,75.96003616928583,True,False,,,,True,True,False,VAIBHAVGBL
VGUARD,2019-06-03,77.29480926673017,True,False,,,,True,True,False,VGUARD
3MINDIA,2019-08-16,76.73617335631853,True,False,,,,True,True,False,3MINDIA
ABB,2019-08-16,72.25567260933808,True,False,,,,True,True,False,ABB
APTECHT,2019-08-16,85.28735632183908,True,False,,,,True,True,False,APTECHT
BLUEDART,2019-08-16,78.48254371553806,True,False,,,,True,True,False,BLUEDART
CMICABLES,2019-08-16,2.2771151321875873,False,True,,,,True,True,False,CMICABLES
DMART,2019-08-16,91.15622405350608,True,False,,,,True,True,False,DMART
DUCON,2019-08-16,9.859695891238943,False,True,,,,True,True,False,DUCON
EROSMEDIA,2019-08-16,0.4266595189433283,False,True,,,,True,True,False,EROSMEDIA
FCONSUMER,2019-08-16,420.3716691459862,True,False,,,,True,True,False,FCONSUMER
GILLETTE,2019-08-16,96.40763229286536,True,False,,,,True,True,False,GILLETTE
GODREJPROP,2019-08-16,71.6331345255284,True,False,,,,True,True,False,GODREJPROP
HATSUN,2019-08-16,76.65431606650034,True,False,,,,True,True,False,HATSUN
JINDWORLD,2019-08-16,79.92984666377954,True,False,,,,True,True,False,JINDWORLD
LEMONTREE,2019-08-16,77.92878935971706,True,False,,,,True,True,False,LEMONTREE
MANINFRA,2019-08-16,109.13356559042374,True,False,,,,True,True,False,MANINFRA
NAUKRI,2019-08-16,84.30757732989328,True,False,,,,True,True,False,NAUKRI
OMAXE,2019-08-16,73.6112412177986,True,False,,,,True,True,False,OMAXE
PGEL,2019-08-16,6.911577369288901,False,True,,,,True,True,False,PGEL
PGHH,2019-08-16,82.94882997003708,True,False,,,,True,True,False,PGHH
PILITA,2019-08-16,84.56221260299095,True,False,,,,True,True,False,PILITA
TALWALKARS,2019-08-16,1.961133069828722,False,True,,,,True,True,False,TALWALKARS
TALWGYM,2019-08-16,2.1345521906772267,False,True,,,,True,True,False,TALWGYM
TRENT,2019-08-16,100.21791476660505,True,False,,,,True,True,False,TRENT
UBL,2019-08-16,71.95904552377729,True,False,,,,True,True,False,UBL
ABB,2019-11-15,84.97680909331945,True,False,,,,True,True,False,ABB
ACLGATI,2019-11-15,102.04837490551776,True,False,,,,True,True,False,GATI
APTECHT,2019-11-15,82.76166389773654,True,False,,,,True,True,False,APTECHT
ASTRAZEN,2019-11-15,88.41515316040476,True,False,,,,True,True,False,ASTRAZEN
AUTOAXLES,2019-11-15,80.89103037941761,True,False,,,,True,True,False,AUTOAXLES
BERGEPAINT,2019-11-15,75.36680118375034,True,False,,,,True,True,False,BERGEPAINT
BLUEDART,2019-11-15,82.06442513516942,True,False,,,,True,True,False,BLUEDART
DMART,2019-11-15,106.2157897440206,True,False,,,,True,True,False,DMART
FCONSUMER,2019-11-15,634.6023902814579,True,False,,,,True,True,False,FCONSUMER
GODREJPROP,2019-11-15,73.31447274642166,True,False,,,,True,True,False,GODREJPROP
GVPIL,2019-11-15,71.82214504835216,True,False,,,,True,True,False,GEPIL
GVT&D,2019-11-15,82.53663556838266,True,False,,,,True,True,False,GET&D
HATSUN,2019-11-15,81.71631558272406,True,False,,,,True,True,False,HATSUN
INCREDIBLE,2019-11-15,148.9747471719231,True,False,,,,True,True,False,ADHUNIKIND
KCP,2019-11-15,188.9400607686236,True,False,,,,True,True,False,KCP
LEMONTREE,2019-11-15,108.85064104504723,True,False,,,,True,True,False,LEMONTREE
NIITLTD,2019-11-15,302.3931432188835,True,False,,,,True,True,False,NIITLTD
ONMOBILE,2019-11-15,140.47755883962782,True,False,,,,True,True,False,ONMOBILE
PGEL,2019-11-15,7.039081596220922,False,True,,,,True,True,False,PGEL
REFEX,2019-11-15,1.8700806340484544,False,True,,,,True,True,False,REFEX
RESPONIND,2019-11-15,120.49753189877862,True,False,,,,True,True,False,RESPONIND
SMLMAH,2019-11-15,126.26985813504338,True,False,,,,True,True,False,SMLISUZU
TASTYBITE,2019-11-15,74.10708250179687,True,False,,,,True,True,False,TASTYBITE
TITAN,2019-11-15,72.08804657071347,True,False,,,,True,True,False,TITAN
TMPV,2019-11-15,215.6203852214319,True,False,,,,True,True,False,TATAMOTORS
TRENT,2019-11-15,113.49048428490683,True,False,,,,True,True,False,TRENT
UBL,2019-11-15,72.27878014551636,True,False,,,,True,True,False,UBL
3MINDIA,2020-02-17,77.92582101405635,True,False,,,,True,True,False,3MINDIA
ABB,2020-02-17,70.28666684591185,True,False,,,,True,True,False,ABB
ABFRL,2020-02-17,104.16638244723515,True,False,,,,True,True,False,ABFRL
ARVINDFASN,2020-02-17,143.77564707205843,True,False,,,,True,True,False,ARVINDFASN
ASTRAZEN,2020-02-17,98.86429405906254,True,False,,,,True,True,False,ASTRAZEN
BAJAJELEC,2020-02-17,148.81913606579158,True,False,,,,True,True,False,BAJAJELEC
BERGEPAINT,2020-02-17,84.18664718075667,True,False,,,,True,True,False,BERGEPAINT
BFUTILITIE,2020-02-17,1511.6803634583807,True,False,,,,True,True,False,BFUTILITIE
BLUEDART,2020-02-17,109.56115291150368,True,False,,,,True,True,False,BLUEDART
CHALET,2020-02-17,91.96838146216601,True,False,,,,True,True,False,CHALET
DISHTV,2020-02-17,865.9248120300751,True,False,,,,True,True,False,DISHTV
DMART,2020-02-17,119.05809786372386,True,False,,,,True,True,False,DMART
FCONSUMER,2020-02-17,416.8728353336333,True,False,,,,True,True,False,FCONSUMER
GMMPFAUDLR,2020-02-17,74.42019291698936,True,False,,,,True,True,False,GMMPFAUDLR
GODREJPROP,2020-02-17,74.39409521378997,True,False,,,,True,True,False,GODREJPROP
GVPIL,2020-02-17,78.2372963478893,True,False,,,,True,True,False,GEPIL
HATSUN,2020-02-17,84.90184792207204,True,False,,,,True,True,False,HATSUN
HINDALCO,2020-02-17,73.39381204033309,True,False,,,,True,True,False,HINDALCO
HINDUNILVR,2020-02-17,70.0214532115352,True,False,,,,True,True,False,HINDUNILVR
HONAUT,2020-02-17,70.15127991002116,True,False,,,,True,True,False,HONAUT
KCP,2020-02-17,180.39362626998204,True,False,,,,True,True,False,KCP
KOKUYOCMLN,2020-02-17,79.35401187502028,True,False,,,,True,True,False,KOKUYOCMLN
LEMONTREE,2020-02-17,108.13709248258442,True,False,,,,True,True,False,LEMONTREE
LUPIN,2020-02-17,75.48427038388344,True,False,,,,True,True,False,LUPIN
METROPOLIS,2020-02-17,99.54328643272952,True,False,,,,True,True,False,METROPOLIS
RELAXO,2020-02-17,86.30170922971216,True,False,,,,True,True,False,RELAXO
RESPONIND,2020-02-17,114.32736693248071,True,False,,,,True,True,False,RESPONIND
RIIL,2020-02-17,72.72252199166631,True,False,,,,True,True,False,RIIL
SHOPERSTOP,2020-02-17,1018.0537305239397,True,False,,,,True,True,False,SHOPERSTOP
SMLMAH,2020-02-17,288.5009050518348,True,False,,,,True,True,False,SMLISUZU
STYRENIX,2020-02-17,129.91395001275183,True,False,,,,True,True,False,INEOSSTYRO
TATACOMM,2020-02-17,70.0804804288242,True,False,,,,True,True,False,TATACOMM
TITAN,2020-02-17,76.53269330616196,True,False,,,,True,True,False,TITAN
TRENT,2020-02-17,159.90387806393727,True,False,,,,True,True,False,TRENT
UBL,2020-02-17,74.40750146766436,True,False,,,,True,True,False,UBL
UNITDSPR,2020-02-17,89.17305413082995,True,False,,,,True,True,False,MCDOWELL-N
3MINDIA,2020-06-01,94.12307648132041,True,False,,,,True,True,False,3MINDIA
ALPHAGEO,2020-06-01,3.3697417247882298,False,True,,,,True,True,False,ALPHAGEO
APTECHT,2020-06-01,1850.477174944801,True,False,,,,True,True,False,APTECHT
ASTRAZEN,2020-06-01,105.7369328852171,True,False,,,,True,True,False,ASTRAZEN
BAJAJELEC,2020-06-01,131.16049054642173,True,False,,,,True,True,False,BAJAJELEC
BASF,2020-06-01,92.5530672691716,True,False,,,,True,True,False,BASF
BERGEPAINT,2020-06-01,71.4264730005816,True,False,,,,True,True,False,BERGEPAINT
BFUTILITIE,2020-06-01,725.512899456865,True,False,,,,True,True,False,BFUTILITIE
BIOCON,2020-06-01,151.9349789944809,True,False,,,,True,True,False,BIOCON
BLUEDART,2020-06-01,183.99557524174185,True,False,,,,True,True,False,BLUEDART
DISHTV,2020-06-01,311.8796992481203,True,False,,,,True,True,False,DISHTV
DMART,2020-06-01,111.44732636192262,True,False,,,,True,True,False,DMART
FCONSUMER,2020-06-01,164.04718057110568,True,False,,,,True,True,False,FCONSUMER
GMMPFAUDLR,2020-06-01,89.57064355546649,True,False,,,,True,True,False,GMMPFAUDLR
GODREJIND,2020-06-01,199.50260869565216,True,False,,,,True,True,False,GODREJIND
KCP,2020-06-01,113.03510876853042,True,False,,,,True,True,False,KCP
NELCO,2020-06-01,153.90539408390796,True,False,,,,True,True,False,NELCO
REFEX,2020-06-01,1.414150230349068,False,True,,,,True,True,False,REFEX
RELAXO,2020-06-01,73.44329733253052,True,False,,,,True,True,False,RELAXO
RESPONIND,2020-06-01,107.17003038767722,True,False,,,,True,True,False,RESPONIND
SHOPERSTOP,2020-06-01,364.34481677934355,True,False,,,,True,True,False,SHOPERSTOP
SMLMAH,2020-06-01,182.96256376501566,True,False,,,,True,True,False,SMLISUZU
STYRENIX,2020-06-01,100.24135648763809,True,False,,,,True,True,False,INEOSSTYRO
TATACOMM,2020-06-01,85.57214400722464,True,False,,,,True,True,False,TATACOMM
TATACONSUM,2020-06-01,79.9453222054698,True,False,,,,True,True,False,TATACONSUM
TRENT,2020-06-01,113.17341891768649,True,False,,,,True,True,False,TRENT
VIYASH,2020-06-01,96.72628251728028,True,False,,,,True,True,False,SEQUENT
ZFCVINDIA,2020-06-01,82.70864671275619,True,False,,,,True,True,False,WABCOINDIA
3MINDIA,2020-08-17,124.25461498491467,True,False,,,,True,True,False,3MINDIA
ABB,2020-08-17,84.8888101223118,True,False,,,,True,True,False,ABB
ADANIENT,2020-08-17,76.90913980204661,True,False,,,,True,True,False,ADANIENT
ADANIGREEN,2020-08-17,573.2086178276307,True,False,,,,True,True,False,ADANIGREEN
AFFLE,2020-08-17,94.88736907509322,True,False,,,,True,True,False,AFFLE
AMBER,2020-08-17,71.85522538739167,True,False,,,,True,True,False,AMBER
APTECHT,2020-08-17,116.09822824387702,True,False,,,,True,True,False,APTECHT
ARIES,2020-08-17,9.04432332774364,False,True,,,,True,True,False,ARIES
ASAHIINDIA,2020-08-17,107.69669525030031,True,False,,,,True,True,False,ASAHIINDIA
ASIANPAINT,2020-08-17,75.04763331324244,True,False,,,,True,True,False,ASIANPAINT
ASTRAZEN,2020-08-17,350.67317436112063,True,False,,,,True,True,False,ASTRAZEN
BASF,2020-08-17,109.32631465694558,True,False,,,,True,True,False,BASF
BATAINDIA,2020-08-17,124.81038581181183,True,False,,,,True,True,False,BATAINDIA
BEML,2020-08-17,104.41485314011443,True,False,,,,True,True,False,BEML
BERGEPAINT,2020-08-17,105.90634929651264,True,False,,,,True,True,False,BERGEPAINT
BFUTILITIE,2020-08-17,367.64460677279766,True,False,,,,True,True,False,BFUTILITIE
BHARATFORG,2020-08-17,136.9986568595061,True,False,,,,True,True,False,BHARATFORG
BIRLACABLE,2020-08-17,89.40571444900758,True,False,,,,True,True,False,BIRLACABLE
BLUESTARCO,2020-08-17,105.65744599742618,True,False,,,,True,True,False,BLUESTARCO
BRIGADE,2020-08-17,141.5816464237517,True,False,,,,True,True,False,BRIGADE
CCAVENUE,2020-08-17,100.95344589809534,True,False,,,,True,True,False,INFIBEAM
DIXON,2020-08-17,93.41895725527615,True,False,,,,True,True,False,DIXON
DMART,2020-08-17,137.70530451866404,True,False,,,,True,True,False,DMART
DREDGECORP,2020-08-17,132.78590634274576,True,False,,,,True,True,False,DREDGECORP
EICHERMOT,2020-08-17,400.4325481383437,True,False,,,,True,True,False,EICHERMOT
EIHOTEL,2020-08-17,122.32285831830124,True,False,,,,True,True,False,EIHOTEL
ELGIEQUIP,2020-08-17,241.13556671557788,True,False,,,,True,True,False,ELGIEQUIP
FLFL,2020-08-17,80.29515968604095,True,False,,,,True,True,False,FLFL
GMMPFAUDLR,2020-08-17,116.29121872259617,True,False,,,,True,True,False,GMMPFAUDLR
GODREJPROP,2020-08-17,81.58333148127569,True,False,,,,True,True,False,GODREJPROP
GOODLUCK,2020-08-17,2.7202398459179187,False,True,,,,True,True,False,GOODLUCK
GVPIL,2020-08-17,78.42646315014552,True,False,,,,True,True,False,GEPIL
HATSUN,2020-08-17,100.56312684132038,True,False,,,,True,True,False,HATSUN
HBLENGINE,2020-08-17,96.77516085734405,True,False,,,,True,True,False,HBLPOWER
HINDUNILVR,2020-08-17,70.98166189648924,True,False,,,,True,True,False,HINDUNILVR
INDIACEM,2020-08-17,195.7252525252525,True,False,,,,True,True,False,INDIACEM
ITDC,2020-08-17,104.28208936897043,True,False,,,,True,True,False,ITDC
JAMNAAUTO,2020-08-17,106.85096870342774,True,False,,,,True,True,False,JAMNAAUTO
JINDALSTEL,2020-08-17,487.2841328730184,True,False,,,,True,True,False,JINDALSTEL
KAMATHOTEL,2020-08-17,7.6771461682171,False,True,,,,True,True,False,KAMATHOTEL
KMSUGAR,2020-08-17,3.491511433620092,False,True,,,,True,True,False,KMSUGAR
LALPATHLAB,2020-08-17,77.84964086193136,True,False,,,,True,True,False,LALPATHLAB
LUPIN,2020-08-17,183.47499856395766,True,False,,,,True,True,False,LUPIN
MAHLOG,2020-08-17,103.60049384428304,True,False,,,,True,True,False,MAHLOG
METROPOLIS,2020-08-17,70.29433396116592,True,False,,,,True,True,False,METROPOLIS
ORIENTELEC,2020-08-17,114.31280956406692,True,False,,,,True,True,False,ORIENTELEC
PENIND,2020-08-17,85.65254237288136,True,False,,,,True,True,False,PENIND
PIDILITIND,2020-08-17,74.68442467464045,True,False,,,,True,True,False,PIDILITIND
PVRINOX,2020-08-17,220.42844744520735,True,False,,,,True,True,False,PVR
RADIOCITY,2020-08-17,108.77355687606112,True,False,,,,True,True,False,RADIOCITY
RAYMOND,2020-08-17,144.7042215084913,True,False,,,,True,True,False,RAYMOND
REFEX,2020-08-17,1.9301505527929894,False,True,,,,True,True,False,REFEX
RELAXO,2020-08-17,77.57690172521778,True,False,,,,True,True,False,RELAXO
RESPONIND,2020-08-17,106.06728370749639,True,False,,,,True,True,False,RESPONIND
RIIL,2020-08-17,78.56667059137833,True,False,,,,True,True,False,RIIL
SAFARI,2020-08-17,262.3405366978457,True,False,,,,True,True,False,SAFARI
SHANKARA,2020-08-17,92.71401104322997,True,False,,,,True,True,False,SHANKARA
SUBROS,2020-08-17,74.13507734768979,True,False,,,,True,True,False,SUBROS
SUVEN,2020-08-17,144.9989819474713,True,False,,,,True,True,False,SUVEN
TATAPOWER,2020-08-17,72.72661435976826,True,False,,,,True,True,False,TATAPOWER
TATASTEEL,2020-08-17,84.62872520626011,True,False,,,,True,True,False,TATASTEEL
TEAMLEASE,2020-08-17,102.99392207092468,True,False,,,,True,True,False,TEAMLEASE
TITAN,2020-08-17,116.87965052575775,True,False,,,,True,True,False,TITAN
UBL,2020-08-17,170.89790474951326,True,False,,,,True,True,False,UBL
UNITDSPR,2020-08-17,208.52922681957403,True,False,,,,True,True,False,MCDOWELL-N
URJA,2020-08-17,87.06030422779192,True,False,,,,True,True,False,URJA
VBL,2020-08-17,74.94280857274177,True,False,,,,True,True,False,VBL
VIPIND,2020-08-17,148.14128754675568,True,False,,,,True,True,False,VIPIND
WHIRLPOOL,2020-08-17,84.79652568476136,True,False,,,,True,True,False,WHIRLPOOL
ZFCVINDIA,2020-08-17,182.8213788636996,True,False,,,,True,True,False,WABCOINDIA
3MINDIA,2020-11-17,141.59573292789185,True,False,,,,True,True,False,3MINDIA
ABB,2020-11-17,87.02966594314431,True,False,,,,True,True,False,ABB
ADANIGREEN,2020-11-17,3431.182248984698,True,False,,,,True,True,False,ADANIGREEN
AFFLE,2020-11-17,91.43606956788908,True,False,,,,True,True,False,AFFLE
ALPA,2020-11-17,12.951604447711741,False,True,,,,True,True,False,ALPA
AMBER,2020-11-17,111.00154418072637,True,False,,,,True,True,False,AMBER
APCOTEXIND,2020-11-17,131.41193569471503,True,False,,,,True,True,False,APCOTEXIND
ASAHIINDIA,2020-11-17,109.04495448340303,True,False,,,,True,True,False,ASAHIINDIA
ASIANPAINT,2020-11-17,90.4704215775396,True,False,,,,True,True,False,ASIANPAINT
ASTRAL,2020-11-17,82.39682664967249,True,False,,,,True,True,False,ASTRAL
ASTRAZEN,2020-11-17,133.21267644493,True,False,,,,True,True,False,ASTRAZEN
BAJAJELEC,2020-11-17,325.4058524059594,True,False,,,,True,True,False,BAJAJELEC
BATAINDIA,2020-11-17,1518.4348583877995,True,False,,,,True,True,False,BATAINDIA
BERGEPAINT,2020-11-17,118.46989616348782,True,False,,,,True,True,False,BERGEPAINT
BFUTILITIE,2020-11-17,1099.4377024400774,True,False,,,,True,True,False,BFUTILITIE
BIOFILCHEM,2020-11-17,143.7404136327141,True,False,,,,True,True,False,BIOFILCHEM
BLUESTARCO,2020-11-17,255.4760119381639,True,False,,,,True,True,False,BLUESTARCO
BUTTERFLY,2020-11-17,357.3143846020922,True,False,,,,True,True,False,BUTTERFLY
CCAVENUE,2020-11-17,138.39405754235008,True,False,,,,True,True,False,INFIBEAM
DELTACORP,2020-11-17,301.26220016542595,True,False,,,,True,True,False,DELTACORP
DFMFOODS,2020-11-17,88.97618533707463,True,False,,,,True,True,False,DFMFOODS
DIXON,2020-11-17,113.7378097154375,True,False,,,,True,True,False,DIXON
DMART,2020-11-17,172.7094503773439,True,False,,,,True,True,False,DMART
ELGIEQUIP,2020-11-17,101.63240613114176,True,False,,,,True,True,False,ELGIEQUIP
GODREJPROP,2020-11-17,109.34829320182777,True,False,,,,True,True,False,GODREJPROP
GREENPANEL,2020-11-17,1336.1862193952272,True,False,,,,True,True,False,GREENPANEL
GSS,2020-11-17,246.46144546026756,False,False,,,,True,True,False,GSS
HATSUN,2020-11-17,83.99415662472809,True,False,,,,True,True,False,HATSUN
HBLENGINE,2020-11-17,72.45701556168478,True,False,,,,True,True,False,HBLPOWER
HINDWAREAP,2020-11-17,126.55694535878865,True,False,,,,True,True,False,SHIL
JAICORPLTD,2020-11-17,108.86279539624525,True,False,,,,True,True,False,JAICORPLTD
JAMNAAUTO,2020-11-17,114.45134233945113,True,False,,,,True,True,False,JAMNAAUTO
JAYBARMARU,2020-11-17,88.7861854738076,True,False,,,,True,True,False,JAYBARMARU
JUBLFOOD,2020-11-17,221.20393584300123,True,False,,,,True,True,False,JUBLFOOD
KANSAINER,2020-11-17,71.91520296900872,True,False,,,,True,True,False,KANSAINER
KIOCL,2020-11-17,105.11052631578947,True,False,,,,True,True,False,KIOCL
KIRIINDUS,2020-11-17,387.5745477998031,True,False,,,,True,True,False,KIRIINDUS
LALPATHLAB,2020-11-17,88.42086675080405,True,False,,,,True,True,False,LALPATHLAB
LUMAXIND,2020-11-17,97.29444670813461,True,False,,,,True,True,False,LUMAXIND
LUPIN,2020-11-17,966.7518646972964,True,False,,,,True,True,False,LUPIN
MAHLOG,2020-11-17,117.05055701291182,True,False,,,,True,True,False,MAHLOG
NAUKRI,2020-11-17,166.35089506102995,True,False,,,,True,True,False,NAUKRI
ORIENTELEC,2020-11-17,76.26256284145857,True,False,,,,True,True,False,ORIENTELEC
PAGEIND,2020-11-17,129.13803992375975,True,False,,,,True,True,False,PAGEIND
PHOENIXLTD,2020-11-17,197.18617945482393,True,False,,,,True,True,False,PHOENIXLTD
PIDILITIND,2020-11-17,87.80936622411059,True,False,,,,True,True,False,PIDILITIND
RELAXO,2020-11-17,87.86865331409723,True,False,,,,True,True,False,RELAXO
RESPONIND,2020-11-17,161.49426728916004,True,False,,,,True,True,False,RESPONIND
RIIL,2020-11-17,76.39262222062459,True,False,,,,True,True,False,RIIL
SHAKTIPUMP,2020-11-17,106.65336258004604,True,False,,,,True,True,False,SHAKTIPUMP
SHALBY,2020-11-17,145.17707655833667,True,False,,,,True,True,False,SHALBY
SHANKARA,2020-11-17,135.70993509803876,True,False,,,,True,True,False,SHANKARA
SHANTIGEAR,2020-11-17,73.2125019509911,True,False,,,,True,True,False,SHANTIGEAR
SIRCA,2020-11-17,169.855558253481,True,False,,,,True,True,False,SIRCA
SUBROS,2020-11-17,78.40546715033241,True,False,,,,True,True,False,SUBROS
SUNTECK,2020-11-17,73.8513711318482,True,False,,,,True,True,False,SUNTECK
TASTYBITE,2020-11-17,87.05522586069293,True,False,,,,True,True,False,TASTYBITE
TEAMLEASE,2020-11-17,119.41198754049418,True,False,,,,True,True,False,TEAMLEASE
THYROCARE,2020-11-17,73.08353741261303,True,False,,,,True,True,False,THYROCARE
TITAN,2020-11-17,163.1719869636028,True,False,,,,True,True,False,TITAN
TNPL,2020-11-17,244.81178873650427,True,False,,,,True,True,False,TNPL
UBL,2020-11-17,695.7316108621144,True,False,,,,True,True,False,UBL
UNITDSPR,2020-11-17,236.97413242495205,True,False,,,,True,True,False,MCDOWELL-N
UNOMINDA,2020-11-17,208.21169914957693,True,False,,,,True,True,False,MINDAIND
URJA,2020-11-17,85.63308612569696,True,False,,,,True,True,False,URJA
WHIRLPOOL,2020-11-17,86.88486209422913,True,False,,,,True,True,False,WHIRLPOOL
ZFCVINDIA,2020-11-17,125.11192843533856,True,False,,,,True,True,False,WABCOINDIA
3MINDIA,2021-02-15,153.5041062241492,True,False,,,,True,True,False,3MINDIA
ABB,2021-02-15,180.79439057883567,True,False,,,,True,True,False,ABB
ABREL,2021-02-15,73.66557426564978,True,False,,,,True,True,False,CENTURYTEX
ADANIENT,2021-02-15,123.80428768133737,True,False,,,,True,True,False,ADANIENT
ADANIGREEN,2021-02-15,932.4121971646128,True,False,,,,True,True,False,ADANIGREEN
ADOR,2021-02-15,83.23357413140694,True,False,,,,True,True,False,ADORWELD
AFFLE,2021-02-15,148.88238756081648,True,False,,,,True,True,False,AFFLE
AMBER,2021-02-15,154.2232952876946,True,False,,,,True,True,False,AMBER
ANANTRAJ,2021-02-15,1017.16,True,False,,,,True,True,False,ANANTRAJ
AROGRANITE,2021-02-15,16.996015210545014,False,True,,,,True,True,False,AROGRANITE
ASAHIINDIA,2021-02-15,77.90214714859017,True,False,,,,True,True,False,ASAHIINDIA
ASIANPAINT,2021-02-15,85.49138162715276,True,False,,,,True,True,False,ASIANPAINT
ASTRAL,2021-02-15,104.59015250023663,True,False,,,,True,True,False,ASTRAL
ASTRAMICRO,2021-02-15,75.00876909804045,True,False,,,,True,True,False,ASTRAMICRO
ASTRAZEN,2021-02-15,121.37793527110205,True,False,,,,True,True,False,ASTRAZEN
ATGL,2021-02-15,91.5965357642278,True,False,,,,True,True,False,ATGL
AUTOAXLES,2021-02-15,308.6992173255766,True,False,,,,True,True,False,AUTOAXLES
BAJAJELEC,2021-02-15,114.20090546110335,True,False,,,,True,True,False,BAJAJELEC
BASF,2021-02-15,79.29507732140652,True,False,,,,True,True,False,BASF
BERGEPAINT,2021-02-15,120.46034331672621,True,False,,,,True,True,False,BERGEPAINT
BIRLACABLE,2021-02-15,92.35036848792885,True,False,,,,True,True,False,BIRLACABLE
BLUEDART,2021-02-15,1538.7860532311574,True,False,,,,True,True,False,BLUEDART
BLUESTARCO,2021-02-15,195.6955578638641,True,False,,,,True,True,False,BLUESTARCO
BORORENEW,2021-02-15,129.1836996309684,True,False,,,,True,True,False,BORORENEW
CANTABIL,2021-02-15,87.99840002399439,True,False,,,,True,True,False,CANTABIL
CCAVENUE,2021-02-15,152.27954178519258,True,False,,,,True,True,False,INFIBEAM
CEREBRAINT,2021-02-15,89.86278347881222,True,False,,,,True,True,False,CEREBRAINT
COMPINFO,2021-02-15,4.175379541911283,False,True,,,,True,True,False,COMPINFO
CORDSCABLE,2021-02-15,8.521650336622974,False,True,,,,True,True,False,CORDSCABLE
DFMFOODS,2021-02-15,76.39908955678622,True,False,,,,True,True,False,DFMFOODS
DIXON,2021-02-15,151.20771951508286,True,False,,,,True,True,False,DIXON
DMART,2021-02-15,198.27018196259658,True,False,,,,True,True,False,DMART
ELGIEQUIP,2021-02-15,89.19808227340262,True,False,,,,True,True,False,ELGIEQUIP
FMGOETZE,2021-02-15,139.06213957273673,True,False,,,,True,True,False,FMGOETZE
GREAVESCOT,2021-02-15,262.93614016944434,True,False,,,,True,True,False,GREAVESCOT
HATSUN,2021-02-15,78.23797996864364,True,False,,,,True,True,False,HATSUN
HAVELLS,2021-02-15,77.81405365254253,True,False,,,,True,True,False,HAVELLS
HBLENGINE,2021-02-15,76.66157971002606,True,False,,,,True,True,False,HBLPOWER
HISARMETAL,2021-02-15,17.713909637929245,False,True,,,,True,True,False,HISARMETAL
HONAUT,2021-02-15,79.16746797216221,True,False,,,,True,True,False,HONAUT
IFBIND,2021-02-15,150.73357642602122,True,False,,,,True,True,False,IFBIND
INDIAMART,2021-02-15,98.9022312230514,True,False,,,,True,True,False,INDIAMART
INTENTECH,2021-02-15,4.876185932123207,False,True,,,,True,True,False,INTENTECH
IRCTC,2021-02-15,142.8192714224793,True,False,,,,True,True,False,IRCTC
JAMNAAUTO,2021-02-15,74.55782834846383,True,False,,,,True,True,False,JAMNAAUTO
JUBLFOOD,2021-02-15,216.3422867552278,True,False,,,,True,True,False,JUBLFOOD
KINGFA,2021-02-15,167.0375134078159,True,False,,,,True,True,False,KINGFA
KIRIINDUS,2021-02-15,2023.9471513836136,True,False,,,,True,True,False,KIRIINDUS
KMSUGAR,2021-02-15,3.5978654694391934,False,True,,,,True,True,False,KMSUGAR
LALPATHLAB,2021-02-15,82.07481241697445,True,False,,,,True,True,False,LALPATHLAB
LMW,2021-02-15,217.97688365194995,True,False,,,,True,True,False,LAXMIMACH
LUMAXIND,2021-02-15,191.80965232694,True,False,,,,True,True,False,LUMAXIND
M&M,2021-02-15,198.99932938565493,True,False,,,,True,True,False,M&M
MAANALU,2021-02-15,12.202340805395757,False,True,,,,True,True,False,MAANALU
MAHLOG,2021-02-15,131.22897558443879,True,False,,,,True,True,False,MAHLOG
MANINFRA,2021-02-15,101.89726751374103,True,False,,,,True,True,False,MANINFRA
MIRZAINT,2021-02-15,95.29125865946058,True,False,,,,True,True,False,MIRZAINT
MMFL,2021-02-15,80.24246055394481,True,False,,,,True,True,False,MMFL
MOTHERSON,2021-02-15,130.58846688633923,True,False,,,,True,True,False,MOTHERSUMI
NAUKRI,2021-02-15,250.0225290397255,True,False,,,,True,True,False,NAUKRI
NAVNETEDUL,2021-02-15,75.30087094220112,True,False,,,,True,True,False,NAVNETEDUL
ONWARDTEC,2021-02-15,71.43586466482212,True,False,,,,True,True,False,ONWARDTEC
ORIENTBELL,2021-02-15,185.80062088143023,True,False,,,,True,True,False,ORIENTBELL
PAGEIND,2021-02-15,133.70545122305427,True,False,,,,True,True,False,PAGEIND
PHOENIXLTD,2021-02-15,662.3106320241493,True,False,,,,True,True,False,PHOENIXLTD
PIDILITIND,2021-02-15,88.96230557987238,True,False,,,,True,True,False,PIDILITIND
PILITA,2021-02-15,264.1612873897627,True,False,,,,True,True,False,PILITA
PPAP,2021-02-15,313.19973804570304,True,False,,,,True,True,False,PPAP
RELAXO,2021-02-15,89.82107084512204,True,False,,,,True,True,False,RELAXO
RESPONIND,2021-02-15,77.78676625800865,True,False,,,,True,True,False,RESPONIND
RIIL,2021-02-15,79.10758196624147,True,False,,,,True,True,False,RIIL
SHALBY,2021-02-15,76.0233413761829,True,False,,,,True,True,False,SHALBY
SHANTIGEAR,2021-02-15,78.47093023255815,True,False,,,,True,True,False,SHANTIGEAR
SIEMENS,2021-02-15,84.6231262866701,True,False,,,,True,True,False,SIEMENS
SIRCA,2021-02-15,249.04679460510044,True,False,,,,True,True,False,SIRCA
SOMANYCERA,2021-02-15,105.74129370609019,True,False,,,,True,True,False,SOMANYCERA
SUNTECK,2021-02-15,139.1820275705966,True,False,,,,True,True,False,SUNTECK
SYMPHONY,2021-02-15,79.77214377406932,True,False,,,,True,True,False,SYMPHONY
TASTYBITE,2021-02-15,105.82408240212632,True,False,,,,True,True,False,TASTYBITE
TEAMLEASE,2021-02-15,176.43846350174402,True,False,,,,True,True,False,TEAMLEASE
TERASOFT,2021-02-15,45.09505525379285,False,True,,,,True,True,False,TERASOFT
TEXINFRA,2021-02-15,217.81819979987435,True,False,,,,True,True,False,TEXINFRA
TEXMOPIPES,2021-02-15,12.02737506565313,False,True,,,,True,True,False,TEXMOPIPES
THERMAX,2021-02-15,70.29657088223014,True,False,,,,True,True,False,THERMAX
TIINDIA,2021-02-15,72.90627478715642,True,False,,,,True,True,False,TIINDIA
TIMKEN,2021-02-15,71.26233471225083,True,False,,,,True,True,False,TIMKEN
TITAGARH,2021-02-15,157.81257926899573,True,False,,,,True,True,False,TWL
TITAN,2021-02-15,175.94032815243048,True,False,,,,True,True,False,TITAN
TVSMOTOR,2021-02-15,70.91781079248442,True,False,,,,True,True,False,TVSMOTOR
UBL,2021-02-15,10619.804809033365,True,False,,,,True,True,False,UBL
UNICHEMLAB,2021-02-15,128.0114335294653,True,False,,,,True,True,False,UNICHEMLAB
UNITDSPR,2021-02-15,207.94730040664396,True,False,,,,True,True,False,MCDOWELL-N
UNOMINDA,2021-02-15,143.55500133236956,True,False,,,,True,True,False,MINDAIND
URJA,2021-02-15,302.7578648788035,True,False,,,,True,True,False,URJA
VAKRANGEE,2021-02-15,79.92230731646345,True,False,,,,True,True,False,VAKRANGEE
VINDHYATEL,2021-02-15,1263.512988112002,True,False,,,,True,True,False,VINDHYATEL
VOLTAS,2021-02-15,70.08606433157144,True,False,,,,True,True,False,VOLTAS
VRLLOG,2021-02-15,205.49176115146986,True,False,,,,True,True,False,VRLLOG
WENDT,2021-02-15,95.33419009465736,True,False,,,,True,True,False,WENDT
WHIRLPOOL,2021-02-15,106.11786722337571,True,False,,,,True,True,False,WHIRLPOOL
WOCKPHARMA,2021-02-15,4207.547837243402,True,False,,,,True,True,False,WOCKPHARMA
XELPMOC,2021-02-15,87.74086301723482,True,False,,,,True,True,False,XELPMOC
ZFCVINDIA,2021-02-15,134.66472298267345,True,False,,,,True,True,False,WABCOINDIA
ZOTA,2021-02-15,1854.2297560975612,True,False,,,,True,True,False,ZOTA
3IINFOLTD,2021-06-01,405.2428888403899,True,False,,,,True,True,False,3IINFOTECH
3MINDIA,2021-06-01,177.16066776030843,True,False,,,,True,True,False,3MINDIA
ABB,2021-06-01,148.2133547349291,True,False,,,,True,True,False,ABB
ADANIENT,2021-06-01,144.42968828057994,True,False,,,,True,True,False,ADANIENT
ADANIGREEN,2021-06-01,846.8716832472862,True,False,,,,True,True,False,ADANIGREEN
AFFLE,2021-06-01,100.3987925470709,True,False,,,,True,True,False,AFFLE
ALEMBICLTD,2021-06-01,240.35049092209542,True,False,,,,True,True,False,ALEMBICLTD
AMBER,2021-06-01,110.34624832291055,True,False,,,,True,True,False,AMBER
ANANTRAJ,2021-06-01,1418.36,True,False,,,,True,True,False,ANANTRAJ
ARTEMISMED,2021-06-01,124.03611698009031,True,False,,,,True,True,False,ARTEMISMED
ARVIND,2021-06-01,257.7475247524752,True,False,,,,True,True,False,ARVIND
ASAHIINDIA,2021-06-01,84.11881068455969,True,False,,,,True,True,False,ASAHIINDIA
ASIANPAINT,2021-06-01,89.91278674229086,True,False,,,,True,True,False,ASIANPAINT
ASTRAL,2021-06-01,90.78048484246209,True,False,,,,True,True,False,ASTRAL
ASTRAZEN,2021-06-01,101.24181172626726,True,False,,,,True,True,False,ASTRAZEN
ATGL,2021-06-01,304.2333676595734,True,False,,,,True,True,False,ATGL
AUTOAXLES,2021-06-01,76.31353318406603,True,False,,,,True,True,False,AUTOAXLES
BAJAJELEC,2021-06-01,73.31704190926614,True,False,,,,True,True,False,BAJAJELEC
BASF,2021-06-01,72.52376074588416,True,False,,,,True,True,False,BASF
BERGEPAINT,2021-06-01,107.95596450835082,True,False,,,,True,True,False,BERGEPAINT
BIRLACABLE,2021-06-01,113.72980940279542,True,False,,,,True,True,False,BIRLACABLE
BLUEDART,2021-06-01,111.76273575980284,True,False,,,,True,True,False,BLUEDART
BLUESTARCO,2021-06-01,80.89196789395693,True,False,,,,True,True,False,BLUESTARCO
BOSCH-HCIL,2021-06-01,236.39394103914435,True,False,,,,True,True,False,JCHAC
CANTABIL,2021-06-01,91.97852302788978,True,False,,,,True,True,False,CANTABIL
CCAVENUE,2021-06-01,105.70195201235899,True,False,,,,True,True,False,INFIBEAM
CEREBRAINT,2021-06-01,85.96277117593431,True,False,,,,True,True,False,CEREBRAINT
CIEINDIA,2021-06-01,140.67493604329775,True,False,,,,True,True,False,MAHINDCIE
CONCOR,2021-06-01,74.7939424048558,True,False,,,,True,True,False,CONCOR
DCW,2021-06-01,253.79675726977933,True,False,,,,True,True,False,DCW
DIAMONDYD,2021-06-01,94.92844395683868,True,False,,,,True,True,False,DIAMONDYD
DIGISPICE,2021-06-01,192.83379758054303,True,False,,,,True,True,False,DIGISPICE
DIXON,2021-06-01,146.52041597046622,True,False,,,,True,True,False,DIXON
DMART,2021-06-01,180.96838907976064,True,False,,,,True,True,False,DMART
DSSL,2021-06-01,13.636549400779069,False,True,,,,True,True,False,DSSL
DYNAMATECH,2021-06-01,74.16761427689171,True,False,,,,True,True,False,DYNAMATECH
EMBDL,2021-06-01,1013.366941465689,True,False,,,,True,True,False,IBREALEST
FINEORG,2021-06-01,72.71023440987874,True,False,,,,True,True,False,FINEORG
FMGOETZE,2021-06-01,137.9330218431757,True,False,,,,True,True,False,FMGOETZE
GENUSPAPER,2021-06-01,75.60860594022488,True,False,,,,True,True,False,GENUSPAPER
GMMPFAUDLR,2021-06-01,72.3481987172411,True,False,,,,True,True,False,GMMPFAUDLR
GODREJIND,2021-06-01,483.7328843395605,True,False,,,,True,True,False,GODREJIND
GREAVESCOT,2021-06-01,185.934094511591,True,False,,,,True,True,False,GREAVESCOT
HATSUN,2021-06-01,75.22370073919348,True,False,,,,True,True,False,HATSUN
HBLENGINE,2021-06-01,95.51618444951897,True,False,,,,True,True,False,HBLPOWER
HESTERBIO,2021-06-01,79.4839889868183,True,False,,,,True,True,False,HESTERBIO
HISARMETAL,2021-06-01,18.93871900612097,False,True,,,,True,True,False,HISARMETAL
HONAUT,2021-06-01,81.09149227395866,True,False,,,,True,True,False,HONAUT
IFBIND,2021-06-01,118.79324537229745,True,False,,,,True,True,False,IFBIND
INDIAMART,2021-06-01,77.22169905704607,True,False,,,,True,True,False,INDIAMART
IRCTC,2021-06-01,156.94534174678827,True,False,,,,True,True,False,IRCTC
JAMNAAUTO,2021-06-01,91.22948351435933,True,False,,,,True,True,False,JAMNAAUTO
JMCPROJECT,2021-06-01,303.86004703520206,True,False,,,,True,True,False,JMCPROJECT
JPPOWER,2021-06-01,74.92681246771139,True,False,,,,True,True,False,JPPOWER
JTEKTINDIA,2021-06-01,534.3826943212359,True,False,,,,True,True,False,JTEKTINDIA
JUBLFOOD,2021-06-01,241.30933300572354,True,False,,,,True,True,False,JUBLFOOD
KILITCH,2021-06-01,139.3502875054196,True,False,,,,True,True,False,KILITCH
KINGFA,2021-06-01,246.6369697386781,True,False,,,,True,True,False,KINGFA
KIRIINDUS,2021-06-01,2052.8197504069453,True,False,,,,True,True,False,KIRIINDUS
LALPATHLAB,2021-06-01,82.42131768390325,True,False,,,,True,True,False,LALPATHLAB
LAMBODHARA,2021-06-01,14.629561330986087,False,True,,,,True,True,False,LAMBODHARA
LINDEINDIA,2021-06-01,116.69445137761863,True,False,,,,True,True,False,LINDEINDIA
LMW,2021-06-01,106.91073681310027,True,False,,,,True,True,False,LAXMIMACH
LUMAXIND,2021-06-01,214.6176484918104,True,False,,,,True,True,False,LUMAXIND
MAHLOG,2021-06-01,123.13652215917234,True,False,,,,True,True,False,MAHLOG
MANAKCOAT,2021-06-01,16.495549062825706,False,True,,,,True,True,False,MANAKCOAT
METROPOLIS,2021-06-01,71.84284835524213,True,False,,,,True,True,False,METROPOLIS
MIRZAINT,2021-06-01,100.78518808515514,True,False,,,,True,True,False,MIRZAINT
MMFL,2021-06-01,78.56491782459405,True,False,,,,True,True,False,MMFL
MOTHERSON,2021-06-01,158.9830194936578,True,False,,,,True,True,False,MOTHERSUMI
NAUKRI,2021-06-01,202.1773044801956,True,False,,,,True,True,False,NAUKRI
NAVNETEDUL,2021-06-01,184.1176548896403,True,False,,,,True,True,False,NAVNETEDUL
NEOGEN,2021-06-01,70.0400697736799,True,False,,,,True,True,False,NEOGEN
ORIENTBELL,2021-06-01,91.26546660703637,True,False,,,,True,True,False,ORIENTBELL
PAGEIND,2021-06-01,100.42625422729678,True,False,,,,True,True,False,PAGEIND
PATANJALI,2021-06-01,93.59090939575772,True,False,,,,True,True,False,RUCHI
PHOENIXLTD,2021-06-01,731.8630950231608,True,False,,,,True,True,False,PHOENIXLTD
PIDILITIND,2021-06-01,94.39272773563088,True,False,,,,True,True,False,PIDILITIND
PILITA,2021-06-01,76.63764439166577,True,False,,,,True,True,False,PILITA
POLYMED,2021-06-01,70.09465740895611,True,False,,,,True,True,False,POLYMED
PPAP,2021-06-01,81.86055726567392,True,False,,,,True,True,False,PPAP
PRAJIND,2021-06-01,76.23846138311501,True,False,,,,True,True,False,PRAJIND
RELAXO,2021-06-01,96.81031753343619,True,False,,,,True,True,False,RELAXO
RIIL,2021-06-01,84.01184179158673,True,False,,,,True,True,False,RIIL
RKFORGE,2021-06-01,99.9190598739364,True,False,,,,True,True,False,RKFORGE
ROSSARI,2021-06-01,80.0107506578863,True,False,,,,True,True,False,ROSSARI
SHANKARA,2021-06-01,72.23424254557732,True,False,,,,True,True,False,SHANKARA
SIEMENS,2021-06-01,80.44061711058026,True,False,,,,True,True,False,SIEMENS
SNOWMAN,2021-06-01,12837.27272727273,True,False,,,,True,True,False,SNOWMAN
SOMANYCERA,2021-06-01,116.8896572196902,True,False,,,,True,True,False,SOMANYCERA
SUNDROP,2021-06-01,73.21190193999126,True,False,,,,True,True,False,ATFL
SUNTECK,2021-06-01,104.9674368571727,True,False,,,,True,True,False,SUNTECK
TASTYBITE,2021-06-01,101.83505013575054,True,False,,,,True,True,False,TASTYBITE
TEAMLEASE,2021-06-01,190.9563024241743,True,False,,,,True,True,False,TEAMLEASE
TEXRAIL,2021-06-01,208.87431222051742,True,False,,,,True,True,False,TEXRAIL
TIINDIA,2021-06-01,91.11748185841091,True,False,,,,True,True,False,TIINDIA
TITAGARH,2021-06-01,175.48633690764441,True,False,,,,True,True,False,TWL
TITAN,2021-06-01,144.6688131518625,True,False,,,,True,True,False,TITAN
TSFINV,2021-06-01,79.5824770837954,True,False,,,,True,True,False,SUNDARMHLD
TVSELECT,2021-06-01,351.23407643312106,True,False,,,,True,True,False,TVSELECT
UBL,2021-06-01,273.72996752008265,True,False,,,,True,True,False,UBL
UNICHEMLAB,2021-06-01,70.04393068780475,True,False,,,,True,True,False,UNICHEMLAB
UNITDSPR,2021-06-01,104.15964562726822,True,False,,,,True,True,False,MCDOWELL-N
UNOMINDA,2021-06-01,148.19647424697183,True,False,,,,True,True,False,MINDAIND
URJA,2021-06-01,273.64653171738007,True,False,,,,True,True,False,URJA
VINDHYATEL,2021-06-01,1672.4463212196708,True,False,,,,True,True,False,VINDHYATEL
VISHWARAJ,2021-06-01,77.60651238225937,True,False,,,,True,True,False,VISHWARAJ
VRLLOG,2021-06-01,231.57167832167826,True,False,,,,True,True,False,VRLLOG
WHEELS,2021-06-01,6331.985099412055,True,False,,,,True,True,False,WHEELS
WHIRLPOOL,2021-06-01,92.47945677017194,True,False,,,,True,True,False,WHIRLPOOL
XELPMOC,2021-06-01,95.53383317865807,True,False,,,,True,True,False,XELPMOC
ZENTEC,2021-06-01,201.9831787354786,True,False,,,,True,True,False,ZENTEC
ZFCVINDIA,2021-06-01,124.83981258735135,True,False,,,,True,True,False,WABCOINDIA
3MINDIA,2021-08-16,115.42228513197686,True,False,,,,True,True,False,3MINDIA
AARVI,2021-08-16,10.090871192631484,False,True,,,,True,True,False,AARVI
ABB,2021-08-16,126.96658380840391,True,False,,,,True,True,False,ABB
ABREL,2021-08-16,188.3467348927875,True,False,,,,True,True,False,CENTURYTEX
ADANIENT,2021-08-16,117.24802090326786,True,False,,,,True,True,False,ADANIENT
ADANIGREEN,2021-08-16,780.7121465253077,True,False,,,,True,True,False,ADANIGREEN
AFFLE,2021-08-16,72.40768057345123,True,False,,,,True,True,False,AFFLE
AKASH,2021-08-16,206.70006595794206,True,False,,,,True,True,False,AKASH
ALEMBICLTD,2021-08-16,179.4094211505086,True,False,,,,True,True,False,ALEMBICLTD
AMBER,2021-08-16,83.23540846495881,True,False,,,,True,True,False,AMBER
ANANTRAJ,2021-08-16,135.1881902186162,True,False,,,,True,True,False,ANANTRAJ
APOLLOHOSP,2021-08-16,119.26777065196063,True,False,,,,True,True,False,APOLLOHOSP
ASIANPAINT,2021-08-16,81.47133061044603,True,False,,,,True,True,False,ASIANPAINT
ASTRAL,2021-08-16,87.2703765889319,True,False,,,,True,True,False,ASTRAL
ASTRAZEN,2021-08-16,94.04157401955685,True,False,,,,True,True,False,ASTRAZEN
ATGL,2021-08-16,174.1541127736222,True,False,,,,True,True,False,ATGL
BANARBEADS,2021-08-16,24.127465330667683,False,True,,,,True,True,False,BANARBEADS
BERGEPAINT,2021-08-16,93.06363656669372,True,False,,,,True,True,False,BERGEPAINT
BIOFILCHEM,2021-08-16,89.22784915735024,True,False,,,,True,True,False,BIOFILCHEM
BOSCH-HCIL,2021-08-16,133.31769638128858,True,False,,,,True,True,False,JCHAC
BSL,2021-08-16,6.786118885779023,False,True,,,,True,True,False,BSL
CCAVENUE,2021-08-16,91.8827669802913,True,False,,,,True,True,False,INFIBEAM
CEMPRO,2021-08-16,97.74917838657744,True,False,,,,True,True,False,ITDCEM
CENTEXT,2021-08-16,15.252923076923079,False,True,,,,True,True,False,CENTEXT
CEREBRAINT,2021-08-16,118.21403989443705,True,False,,,,True,True,False,CEREBRAINT
CHENNPETRO,2021-08-16,120.57714439159123,True,False,,,,True,True,False,CHENNPETRO
CORDSCABLE,2021-08-16,13.190743632854783,False,True,,,,True,True,False,CORDSCABLE
DCW,2021-08-16,71.68476450942057,True,False,,,,True,True,False,DCW
DFMFOODS,2021-08-16,90.86134453781511,True,False,,,,True,True,False,DFMFOODS
DIAMONDYD,2021-08-16,87.28531692444834,True,False,,,,True,True,False,DIAMONDYD
DIGISPICE,2021-08-16,739.2545441602202,True,False,,,,True,True,False,DIGISPICE
DIXON,2021-08-16,139.9856648193007,True,False,,,,True,True,False,DIXON
DLF,2021-08-16,86.25223071019597,True,False,,,,True,True,False,DLF
DMART,2021-08-16,201.3446547063376,True,False,,,,True,True,False,DMART
DYNAMATECH,2021-08-16,105.97625032140253,True,False,,,,True,True,False,DYNAMATECH
EMAMIREAL,2021-08-16,122.81894370402968,True,False,,,,True,True,False,EMAMIREAL
FORTIS,2021-08-16,101.16333695974681,True,False,,,,True,True,False,FORTIS
GEEKAYWIRE,2021-08-16,14.92077128554735,False,True,,,,True,True,False,GEEKAYWIRE
GMMPFAUDLR,2021-08-16,108.87718030988158,True,False,,,,True,True,False,GMMPFAUDLR
GODREJIND,2021-08-16,173.50063025138704,True,False,,,,True,True,False,GODREJIND
GREAVESCOT,2021-08-16,165.77615719278222,True,False,,,,True,True,False,GREAVESCOT
GVPIL,2021-08-16,210.39746862089837,True,False,,,,True,True,False,GEPIL
HAPPSTMNDS,2021-08-16,128.84728399360569,True,False,,,,True,True,False,HAPPSTMNDS
HATSUN,2021-08-16,81.83995959794304,True,False,,,,True,True,False,HATSUN
HEGAM,2021-08-16,458.5811521291533,True,False,,,,True,True,False,HEG
HINDCOPPER,2021-08-16,99.62454502294668,True,False,,,,True,True,False,HINDCOPPER
HISARMETAL,2021-08-16,8.892783595495771,False,True,,,,True,True,False,HISARMETAL
HONAUT,2021-08-16,78.77088938227082,True,False,,,,True,True,False,HONAUT
INDIAMART,2021-08-16,73.82020514692395,True,False,,,,True,True,False,INDIAMART
ITI,2021-08-16,444.2634138772053,True,False,,,,True,True,False,ITI
JUBLFOOD,2021-08-16,134.48158386660361,True,False,,,,True,True,False,JUBLFOOD
KINGFA,2021-08-16,80.32716827133055,True,False,,,,True,True,False,KINGFA
KOPRAN,2021-08-16,173.2146871103999,True,False,,,,True,True,False,KOPRAN
KUANTUM,2021-08-16,109.45549654037137,True,False,,,,True,True,False,KUANTUM
LALPATHLAB,2021-08-16,78.52087325054669,True,False,,,,True,True,False,LALPATHLAB
LAMBODHARA,2021-08-16,6.6587768028467655,False,True,,,,True,True,False,LAMBODHARA
LIBAS,2021-08-16,13.559331059942318,False,True,,,,True,True,False,LIBAS
LINDEINDIA,2021-08-16,92.69700197104189,True,False,,,,True,True,False,LINDEINDIA
LMW,2021-08-16,93.62154012245874,True,False,,,,True,True,False,LAXMIMACH
MADHAV,2021-08-16,179.1917521226155,False,False,,,,True,True,False,MADHAV
MAHLOG,2021-08-16,86.7895852481142,True,False,,,,True,True,False,MAHLOG
MAXHEALTH,2021-08-16,96.21392728740891,True,False,,,,True,True,False,MAXHEALTH
NAUKRI,2021-08-16,343.8398304334539,True,False,,,,True,True,False,NAUKRI
NAVINFLUOR,2021-08-16,78.71044494877789,True,False,,,,True,True,False,NAVINFLUOR
NAVNETEDUL,2021-08-16,276.20771334956567,True,False,,,,True,True,False,NAVNETEDUL
NECCLTD,2021-08-16,16.322339284386715,False,True,,,,True,True,False,NECCLTD
NELCO,2021-08-16,75.80855211212003,True,False,,,,True,True,False,NELCO
OLECTRA,2021-08-16,176.95472690098336,True,False,,,,True,True,False,OLECTRA
PAGEIND,2021-08-16,88.90167132670544,True,False,,,,True,True,False,PAGEIND
PANACHE,2021-08-16,51.10222495642366,False,True,,,,True,True,False,PANACHE
PARACABLES,2021-08-16,81.31975292063919,True,False,,,,True,True,False,PARACABLES
PATINTLOG,2021-08-16,275.616285235236,False,False,,,,True,True,False,PATINTLOG
PHOENIXLTD,2021-08-16,287.2199723070628,True,False,,,,True,True,False,PHOENIXLTD
PIDILITIND,2021-08-16,84.55016741141382,True,False,,,,True,True,False,PIDILITIND
PRECAM,2021-08-16,864.8852645848892,True,False,,,,True,True,False,PRECAM
PREMEXPLN,2021-08-16,141.2991805644256,True,False,,,,True,True,False,PREMEXPLN
PRESSMN,2021-08-16,13.899279489984531,False,True,,,,True,True,False,PRESSMN
PRESTIGE,2021-08-16,70.14234088059591,True,False,,,,True,True,False,PRESTIGE
QUESS,2021-08-16,169.0717068955483,True,False,,,,True,True,False,QUESS
RELAXO,2021-08-16,97.90957291317466,True,False,,,,True,True,False,RELAXO
RIIL,2021-08-16,124.56829703747893,True,False,,,,True,True,False,RIIL
ROSSARI,2021-08-16,83.08508276844418,True,False,,,,True,True,False,ROSSARI
ROUTE,2021-08-16,81.55897714669265,True,False,,,,True,True,False,ROUTE
SAFARI,2021-08-16,1875.5097524328983,True,False,,,,True,True,False,SAFARI
SAGARDEEP,2021-08-16,109.53980374797108,True,False,,,,True,True,False,SAGARDEEP
SCHNEIDER,2021-08-16,129.11269545131483,True,False,,,,True,True,False,SCHNEIDER
SECURKLOUD,2021-08-16,72.09809966963847,True,False,,,,True,True,False,SECURKLOUD
SHIVAMILLS,2021-08-16,5.272186846737815,False,True,,,,True,True,False,SHIVAMILLS
SHREERAMA,2021-08-16,20.036363636363635,False,True,,,,True,True,False,SHREERAMA
SIEMENS,2021-08-16,75.03457023827956,True,False,,,,True,True,False,SIEMENS
SOBHA,2021-08-16,85.91135734072022,True,False,,,,True,True,False,SOBHA
SUNDROP,2021-08-16,90.5323077281952,True,False,,,,True,True,False,ATFL
TASTYBITE,2021-08-16,107.81093700203215,True,False,,,,True,True,False,TASTYBITE
TATACONSUM,2021-08-16,78.79271805874014,True,False,,,,True,True,False,TATACONSUM
TATAPOWER,2021-08-16,70.10726997447581,True,False,,,,True,True,False,TATAPOWER
TEAMLEASE,2021-08-16,78.96903664557809,True,False,,,,True,True,False,TEAMLEASE
TEJASNET,2021-08-16,70.93533258620145,True,False,,,,True,True,False,TEJASNET
TERASOFT,2021-08-16,57.49888368518883,False,True,,,,True,True,False,TERASOFT
TITAN,2021-08-16,125.67960871690501,True,False,,,,True,True,False,TITAN
TREJHARA,2021-08-16,5.799648272239417,False,True,,,,True,True,False,TREJHARA
TSFINV,2021-08-16,103.06521157970403,True,False,,,,True,True,False,SUNDARMHLD
UBL,2021-08-16,138.13511066466148,True,False,,,,True,True,False,UBL
UNICHEMLAB,2021-08-16,97.93604572318128,True,False,,,,True,True,False,UNICHEMLAB
UNIVCABLES,2021-08-16,213.94980947232352,True,False,,,,True,True,False,UNIVCABLES
VAISHALI,2021-08-16,21.620150340579286,False,True,,,,True,True,False,VAISHALI
VINATIORGA,2021-08-16,70.10808445620503,True,False,,,,True,True,False,VINATIORGA
VIYASH,2021-08-16,80.12209278718666,True,False,,,,True,True,False,SEQUENT
WHIRLPOOL,2021-08-16,75.60712185800382,True,False,,,,True,True,False,WHIRLPOOL
XELPMOC,2021-08-16,587.1614220680946,True,False,,,,True,True,False,XELPMOC
ZENTEC,2021-08-16,249.35060456403272,True,False,,,,True,True,False,ZENTEC
ZFCVINDIA,2021-08-16,90.57326994241329,True,False,,,,True,True,False,WABCOINDIA
ZOTA,2021-08-16,507.6299712822263,True,False,,,,True,True,False,ZOTA
3MINDIA,2021-11-15,134.24881352475398,True,False,,,,True,True,False,3MINDIA
ABB,2021-11-15,143.52062233140242,True,False,,,,True,True,False,ABB
ABREL,2021-11-15,106.59315779598472,True,False,,,,True,True,False,CENTURYTEX
ADANIENT,2021-11-15,174.65718550067348,True,False,,,,True,True,False,ADANIENT
ADANIGREEN,2021-11-15,595.6299638758526,True,False,,,,True,True,False,ADANIGREEN
ADSL,2021-11-15,110.44751009421267,True,False,,,,True,True,False,ADSL
AGASTYAEN,2021-11-15,43.534559199991286,False,True,,,,True,True,False,SANGINITA
AKASH,2021-11-15,232.99699099317422,True,False,,,,True,True,False,AKASH
ALKALI,2021-11-15,41.91915054099043,False,True,,,,True,True,False,ALKALI
AMBER,2021-11-15,90.56252915498347,True,False,,,,True,True,False,AMBER
ANANTRAJ,2021-11-15,81.34555984555985,True,False,,,,True,True,False,ANANTRAJ
APOLLOHOSP,2021-11-15,93.00600811711377,True,False,,,,True,True,False,APOLLOHOSP
ASIANPAINT,2021-11-15,91.43126464567243,True,False,,,,True,True,False,ASIANPAINT
ASTRAL,2021-11-15,88.6613368217571,True,False,,,,True,True,False,ASTRAL
ASTRAZEN,2021-11-15,108.91568553037723,True,False,,,,True,True,False,ASTRAZEN
ATGL,2021-11-15,310.1525502161308,True,False,,,,True,True,False,ATGL
BATAINDIA,2021-11-15,983.444677181302,True,False,,,,True,True,False,BATAINDIA
BERGEPAINT,2021-11-15,91.62379725736797,True,False,,,,True,True,False,BERGEPAINT
BOSCH-HCIL,2021-11-15,102.8341743560169,True,False,,,,True,True,False,JCHAC
BRIGADE,2021-11-15,1338.1417827849564,True,False,,,,True,True,False,BRIGADE
CCAVENUE,2021-11-15,82.827583515749,True,False,,,,True,True,False,INFIBEAM
CENTEXT,2021-11-15,11.030470914127426,False,True,,,,True,True,False,CENTEXT
CENTUM,2021-11-15,202.4251656045803,True,False,,,,True,True,False,CENTUM
CORDSCABLE,2021-11-15,11.128752423838321,False,True,,,,True,True,False,CORDSCABLE
DELTACORP,2021-11-15,2505.3350041771096,True,False,,,,True,True,False,DELTACORP
DFMFOODS,2021-11-15,303.7205256498734,True,False,,,,True,True,False,DFMFOODS
DIXON,2021-11-15,169.61417053081954,True,False,,,,True,True,False,DIXON
DLF,2021-11-15,109.27554893545866,True,False,,,,True,True,False,DLF
DMART,2021-11-15,239.43538653678834,True,False,,,,True,True,False,DMART
DONEAR,2021-11-15,115.95342541330695,True,False,,,,True,True,False,DONEAR
DYNAMATECH,2021-11-15,106.04448983120447,True,False,,,,True,True,False,DYNAMATECH
GENESYS,2021-11-15,1218.8185498595947,True,False,,,,True,True,False,GENESYS
GMMPFAUDLR,2021-11-15,99.69669264549077,True,False,,,,True,True,False,GMMPFAUDLR
GODREJIND,2021-11-15,155.06587567089431,True,False,,,,True,True,False,GODREJIND
GSS,2021-11-15,70.28112854600268,True,False,,,,True,True,False,GSS
GVPIL,2021-11-15,112.03379428547098,True,False,,,,True,True,False,GEPIL
GVT&D,2021-11-15,80.55956389289723,True,False,,,,True,True,False,GET&D
HAPPSTMNDS,2021-11-15,113.19482252718296,True,False,,,,True,True,False,HAPPSTMNDS
HATSUN,2021-11-15,110.53396065465978,True,False,,,,True,True,False,HATSUN
HAVELLS,2021-11-15,72.18999833524974,True,False,,,,True,True,False,HAVELLS
HISARMETAL,2021-11-15,7.407487422914637,False,True,,,,True,True,False,HISARMETAL
HONAUT,2021-11-15,90.34524391742002,True,False,,,,True,True,False,HONAUT
IEX,2021-11-15,91.46481499998926,True,False,,,,True,True,False,IEX
IFBIND,2021-11-15,82.6016149895834,True,False,,,,True,True,False,IFBIND
INDIAMART,2021-11-15,73.57838606885531,True,False,,,,True,True,False,INDIAMART
ITI,2021-11-15,424.9404498939466,True,False,,,,True,True,False,ITI
JHS,2021-11-15,29.941902080549724,False,True,,,,True,True,False,JHS
JUBLFOOD,2021-11-15,126.81056175371228,True,False,,,,True,True,False,JUBLFOOD
LALPATHLAB,2021-11-15,73.12557828724171,True,False,,,,True,True,False,LALPATHLAB
LIBAS,2021-11-15,10.392078609804376,False,True,,,,True,True,False,LIBAS
LINDEINDIA,2021-11-15,111.62589878590859,True,False,,,,True,True,False,LINDEINDIA
LMW,2021-11-15,84.57563999377817,True,False,,,,True,True,False,LAXMIMACH
LOKESHMACH,2021-11-15,16.74016394906506,False,True,,,,True,True,False,LOKESHMACH
MAHLOG,2021-11-15,100.9296568445991,True,False,,,,True,True,False,MAHLOG
MAXHEALTH,2021-11-15,72.0318861701092,True,False,,,,True,True,False,MAXHEALTH
MHRIL,2021-11-15,178.46558378661203,True,False,,,,True,True,False,MHRIL
NAUKRI,2021-11-15,405.78236797522777,True,False,,,,True,True,False,NAUKRI
NAVINFLUOR,2021-11-15,74.96081197948808,True,False,,,,True,True,False,NAVINFLUOR
NECCLTD,2021-11-15,16.789416597433767,False,True,,,,True,True,False,NECCLTD
NELCO,2021-11-15,116.68843283582089,True,False,,,,True,True,False,NELCO
NEOGEN,2021-11-15,86.04298701369208,True,False,,,,True,True,False,NEOGEN
OLECTRA,2021-11-15,311.9701602935853,True,False,,,,True,True,False,OLECTRA
ONIDA,2021-11-15,175.11887608069165,True,False,,,,True,True,False,MIRCELECTR
PAGEIND,2021-11-15,102.35389012987733,True,False,,,,True,True,False,PAGEIND
PEL,2021-11-15,73.36309914747851,True,False,,,,True,True,False,PEL
PGHH,2021-11-15,78.3137224322072,True,False,,,,True,True,False,PGHH
PHOENIXLTD,2021-11-15,122.4822461281841,True,False,,,,True,True,False,PHOENIXLTD
PIDILITIND,2021-11-15,91.6658101299984,True,False,,,,True,True,False,PIDILITIND
POWERINDIA,2021-11-15,86.69167003250438,True,False,,,,True,True,False,POWERINDIA
PRECAM,2021-11-15,93.71021702394937,True,False,,,,True,True,False,PRECAM
PREMEXPLN,2021-11-15,1551.05175535969,True,False,,,,True,True,False,PREMEXPLN
PRESTIGE,2021-11-15,111.00957209511726,True,False,,,,True,True,False,PRESTIGE
QUESS,2021-11-15,211.19107657742737,True,False,,,,True,True,False,QUESS
RAMCOSYS,2021-11-15,298.88365009746593,True,False,,,,True,True,False,RAMCOSYS
RAYMOND,2021-11-15,231.28844662703537,True,False,,,,True,True,False,RAYMOND
RELAXO,2021-11-15,117.39134406896385,True,False,,,,True,True,False,RELAXO
RIIL,2021-11-15,124.35902028465847,True,False,,,,True,True,False,RIIL
ROML,2021-11-15,620.4720214934223,True,False,,,,True,True,False,ROML
ROSSARI,2021-11-15,82.67248493137863,True,False,,,,True,True,False,ROSSARI
ROUTE,2021-11-15,74.79606203821699,True,False,,,,True,True,False,ROUTE
RUSHIL,2021-11-15,77.74643424762006,True,False,,,,True,True,False,RUSHIL
SAFARI,2021-11-15,101.0772217442279,True,False,,,,True,True,False,SAFARI
SECURKLOUD,2021-11-15,109.28704040832552,True,False,,,,True,True,False,SECURKLOUD
SHEMAROO,2021-11-15,244.30657518333547,True,False,,,,True,True,False,SHEMAROO
SIEMENS,2021-11-15,79.71096465918848,True,False,,,,True,True,False,SIEMENS
SNOWMAN,2021-11-15,315.7944623993054,True,False,,,,True,True,False,SNOWMAN
SOBHA,2021-11-15,86.07489827525232,True,False,,,,True,True,False,SOBHA
STEELCITY,2021-11-15,8.042950918071925,False,True,,,,True,True,False,STEELCITY
SUNDROP,2021-11-15,103.43883831886797,True,False,,,,True,True,False,ATFL
TARC,2021-11-15,122.04092229599163,True,False,,,,True,True,False,TARC
TARMAT,2021-11-15,15.234547163626672,False,True,,,,True,True,False,TARMAT
TASTYBITE,2021-11-15,112.56412384488168,True,False,,,,True,True,False,TASTYBITE
TATACONSUM,2021-11-15,81.31413793314147,True,False,,,,True,True,False,TATACONSUM
TATAPOWER,2021-11-15,194.3054902586638,True,False,,,,True,True,False,TATAPOWER
TEAMLEASE,2021-11-15,85.5485820351539,True,False,,,,True,True,False,TEAMLEASE
TEJASNET,2021-11-15,79.46934617521765,True,False,,,,True,True,False,TEJASNET
TITAN,2021-11-15,128.3515691167499,True,False,,,,True,True,False,TITAN
TMPV,2021-11-15,283.99496414776763,True,False,,,,True,True,False,TATAMOTORS
TREJHARA,2021-11-15,5.332439486724697,False,True,,,,True,True,False,TREJHARA
TRENT,2021-11-15,648.4192133904136,True,False,,,,True,True,False,TRENT
TRITURBINE,2021-11-15,128.71869614899896,True,False,,,,True,True,False,TRITURBINE
TSFINV,2021-11-15,76.97258011252896,True,False,,,,True,True,False,SUNDARMHLD
UBL,2021-11-15,133.65381474005585,True,False,,,,True,True,False,UBL
UNITDSPR,2021-11-15,81.53287805217981,True,False,,,,True,True,False,MCDOWELL-N
UNIVCABLES,2021-11-15,86.68890440693771,True,False,,,,True,True,False,UNIVCABLES
VIPCLOTHNG,2021-11-15,70.36055192907548,True,False,,,,True,True,False,VIPCLOTHNG
VIPIND,2021-11-15,854.3306255044087,True,False,,,,True,True,False,VIPIND
VMART,2021-11-15,2460.6770603817818,True,False,,,,True,True,False,VMART
WHIRLPOOL,2021-11-15,98.83278086686238,True,False,,,,True,True,False,WHIRLPOOL
ZENTEC,2021-11-15,1303.3471041919586,True,False,,,,True,True,False,ZENTEC
ZFCVINDIA,2021-11-15,100.34652712452554,True,False,,,,True,True,False,WABCOINDIA
ZOTA,2021-11-15,184.2859756738584,True,False,,,,True,True,False,ZOTA
3MINDIA,2022-02-15,109.89508436541374,True,False,,,,True,True,False,3MINDIA
ABB,2022-02-15,107.71297670434451,True,False,,,,True,True,False,ABB
ABREL,2022-02-15,136.11641687232063,True,False,,,,True,True,False,CENTURYTEX
ADANIENSOL,2022-02-15,78.17699465141257,True,False,,,,True,True,False,ADANITRANS
ADANIENT,2022-02-15,170.432104042837,True,False,,,,True,True,False,ADANIENT
ADANIGREEN,2022-02-15,595.4658975915808,True,False,,,,True,True,False,ADANIGREEN
ADSL,2022-02-15,119.56969494544644,True,False,,,,True,True,False,ADSL
AFFLE,2022-02-15,75.52932036436134,True,False,,,,True,True,False,AFFLE
AKASH,2022-02-15,219.20690452924697,True,False,,,,True,True,False,AKASH
ALKALI,2022-02-15,50.23176828522505,False,True,,,,True,True,False,ALKALI
AMBER,2022-02-15,90.72533912421149,True,False,,,,True,True,False,AMBER
ANURAS,2022-02-15,71.88721122735946,True,False,,,,True,True,False,ANURAS
APOLLOHOSP,2022-02-15,79.76270500291923,True,False,,,,True,True,False,APOLLOHOSP
ARCHIDPLY,2022-02-15,16.754306050000775,False,True,,,,True,True,False,ARCHIDPLY
AROGRANITE,2022-02-15,7.194213290504767,False,True,,,,True,True,False,AROGRANITE
ASIANPAINT,2022-02-15,98.75713734028074,True,False,,,,True,True,False,ASIANPAINT
ASTRAL,2022-02-15,75.94617270640606,True,False,,,,True,True,False,ASTRAL
ASTRAZEN,2022-02-15,112.84801435411545,True,False,,,,True,True,False,ASTRAZEN
ATGL,2022-02-15,324.73787121434873,True,False,,,,True,True,False,ATGL
BAJAJELEC,2022-02-15,86.29919867143799,True,False,,,,True,True,False,BAJAJELEC
BATAINDIA,2022-02-15,334.5680384928114,True,False,,,,True,True,False,BATAINDIA
BERGEPAINT,2022-02-15,82.44479701091706,True,False,,,,True,True,False,BERGEPAINT
BHARTIARTL,2022-02-15,145.36871469524078,True,False,,,,True,True,False,BHARTIARTL
BIOFILCHEM,2022-02-15,224.48111483641333,True,False,,,,True,True,False,BIOFILCHEM
BLKASHYAP,2022-02-15,138.4953183732438,True,False,,,,True,True,False,BLKASHYAP
BOSCH-HCIL,2022-02-15,111.72200098530257,True,False,,,,True,True,False,JCHAC
BRIGADE,2022-02-15,302.6599255453518,True,False,,,,True,True,False,BRIGADE
CALSOFT,2022-02-15,8.025291592418597,False,True,,,,True,True,False,CALSOFT
CCAVENUE,2022-02-15,76.39165641824148,True,False,,,,True,True,False,INFIBEAM
CENTEXT,2022-02-15,14.459615384615384,False,True,,,,True,True,False,CENTEXT
CENTUM,2022-02-15,174.09854258981298,True,False,,,,True,True,False,CENTUM
CORDSCABLE,2022-02-15,11.385465556004519,False,True,,,,True,True,False,CORDSCABLE
DELTACORP,2022-02-15,92.42053949216593,True,False,,,,True,True,False,DELTACORP
DIXON,2022-02-15,141.9438752532777,True,False,,,,True,True,False,DIXON
DLF,2022-02-15,80.21414869352529,True,False,,,,True,True,False,DLF
DMART,2022-02-15,174.30444977042305,True,False,,,,True,True,False,DMART
DPSCLTD,2022-02-15,190.7559883232695,True,False,,,,True,True,False,DPSCLTD
EIHAHOTELS,2022-02-15,117.37844475359017,True,False,,,,True,True,False,EIHAHOTELS
ELGIEQUIP,2022-02-15,82.78800470245268,True,False,,,,True,True,False,ELGIEQUIP
EMBDL,2022-02-15,319.6093776076725,True,False,,,,True,True,False,IBREALEST
ENIL,2022-02-15,1145.0014374894943,True,False,,,,True,True,False,ENIL
GENESYS,2022-02-15,1564.0565146764384,True,False,,,,True,True,False,GENESYS
GMMPFAUDLR,2022-02-15,77.85107271596391,True,False,,,,True,True,False,GMMPFAUDLR
GREENPOWER,2022-02-15,167.28132387706856,True,False,,,,True,True,False,GREENPOWER
GVPIL,2022-02-15,71.72037876852325,True,False,,,,True,True,False,GEPIL
HAPPSTMNDS,2022-02-15,84.69403651586441,True,False,,,,True,True,False,HAPPSTMNDS
HATSUN,2022-02-15,96.64070042873047,True,False,,,,True,True,False,HATSUN
HONAUT,2022-02-15,98.23354829388475,True,False,,,,True,True,False,HONAUT
IGARASHI,2022-02-15,79.45302291170555,True,False,,,,True,True,False,IGARASHI
INDOWIND,2022-02-15,100.13469046291132,True,False,,,,True,True,False,INDOWIND
ITDC,2022-02-15,331.401297290613,True,False,,,,True,True,False,ITDC
JUBLFOOD,2022-02-15,90.75981802314543,True,False,,,,True,True,False,JUBLFOOD
JUSTDIAL,2022-02-15,80.49824131650023,True,False,,,,True,True,False,JUSTDIAL
LAMBODHARA,2022-02-15,5.31660970095681,False,True,,,,True,True,False,LAMBODHARA
LIBAS,2022-02-15,4.9744279535574005,False,True,,,,True,True,False,LIBAS
LINDEINDIA,2022-02-15,112.62068869066104,True,False,,,,True,True,False,LINDEINDIA
LMW,2022-02-15,74.38226913963805,True,False,,,,True,True,False,LAXMIMACH
MAHLOG,2022-02-15,77.23200414293112,True,False,,,,True,True,False,MAHLOG
MARUTI,2022-02-15,82.02143976648475,True,False,,,,True,True,False,MARUTI
MGEL,2022-02-15,4056.574951844998,True,False,,,,True,True,False,MGEL
MHRIL,2022-02-15,94.16528911859916,True,False,,,,True,True,False,MHRIL
MTARTECH,2022-02-15,98.68773038441284,True,False,,,,True,True,False,MTARTECH
NAVINFLUOR,2022-02-15,74.90664700594306,True,False,,,,True,True,False,NAVINFLUOR
NAZARA,2022-02-15,120.57399120358,True,False,,,,True,True,False,NAZARA
NELCO,2022-02-15,91.79386823222438,True,False,,,,True,True,False,NELCO
NEOGEN,2022-02-15,88.16817950283912,True,False,,,,True,True,False,NEOGEN
OLECTRA,2022-02-15,207.3125847582342,True,False,,,,True,True,False,OLECTRA
ONEPOINT,2022-02-15,22.89029778782078,False,True,,,,True,True,False,ONEPOINT
ONIDA,2022-02-15,169.72022094140252,True,False,,,,True,True,False,MIRCELECTR
ORTINGLOBE,2022-02-15,27.53375232774674,False,True,,,,True,True,False,ORTINLAB
PAGEIND,2022-02-15,99.03662277176429,True,False,,,,True,True,False,PAGEIND
PGHH,2022-02-15,86.39927774289066,True,False,,,,True,True,False,PGHH
PHOENIXLTD,2022-02-15,85.34573575364463,True,False,,,,True,True,False,PHOENIXLTD
PIDILITIND,2022-02-15,96.6282256518348,True,False,,,,True,True,False,PIDILITIND
POWERINDIA,2022-02-15,103.79897293866483,True,False,,,,True,True,False,POWERINDIA
PRECAM,2022-02-15,133.3839253379271,True,False,,,,True,True,False,PRECAM
PRESSMN,2022-02-15,20.075517174082748,False,True,,,,True,True,False,PRESSMN
PRESTIGE,2022-02-15,95.00662526091762,True,False,,,,True,True,False,PRESTIGE
QUESS,2022-02-15,78.72211540229394,True,False,,,,True,True,False,QUESS
RELAXO,2022-02-15,115.76155846838556,True,False,,,,True,True,False,RELAXO
RESPONIND,2022-02-15,89.7170597232223,True,False,,,,True,True,False,RESPONIND
RIIL,2022-02-15,146.06504043191075,True,False,,,,True,True,False,RIIL
SAFARI,2022-02-15,75.63733448817489,True,False,,,,True,True,False,SAFARI
SAGARDEEP,2022-02-15,74.32091876459901,True,False,,,,True,True,False,SAGARDEEP
SCHNEIDER,2022-02-15,176.833028095331,True,False,,,,True,True,False,SCHNEIDER
SGL,2022-02-15,24.009219122243877,False,True,,,,True,True,False,SGL
SIEMENS,2022-02-15,80.30163731038098,True,False,,,,True,True,False,SIEMENS
SNOWMAN,2022-02-15,405.34358904852263,True,False,,,,True,True,False,SNOWMAN
SOBHA,2022-02-15,72.62870028306867,True,False,,,,True,True,False,SOBHA
SORILINFRA,2022-02-15,78.17896389324959,True,False,,,,True,True,False,SORILINFRA
SUNDROP,2022-02-15,100.88211259079904,True,False,,,,True,True,False,ATFL
SURANASOL,2022-02-15,235.27553401543707,True,False,,,,True,True,False,SURANASOL
TAJGVK,2022-02-15,133.5001092418615,True,False,,,,True,True,False,TAJGVK
TARC,2022-02-15,99.640231443267,True,False,,,,True,True,False,TARC
TARMAT,2022-02-15,14.755179217572417,False,True,,,,True,True,False,TARMAT
TASTYBITE,2022-02-15,162.35919803010216,True,False,,,,True,True,False,TASTYBITE
TATAPOWER,2022-02-15,725.8283453383384,True,False,,,,True,True,False,TATAPOWER
TCNSBRANDS,2022-02-15,1080.8341983701866,True,False,,,,True,True,False,TCNSBRANDS
TEJASNET,2022-02-15,231.3603470880646,True,False,,,,True,True,False,TEJASNET
TERASOFT,2022-02-15,343.05121555707126,False,False,,,,True,True,False,TERASOFT
THERMAX,2022-02-15,70.04639105625947,True,False,,,,True,True,False,THERMAX
TI,2022-02-15,81.55189344560559,True,False,,,,True,True,False,TI
TITAN,2022-02-15,95.07214648916413,True,False,,,,True,True,False,TITAN
TREJHARA,2022-02-15,7.594093588203602,False,True,,,,True,True,False,TREJHARA
TRENT,2022-02-15,351.2829491303255,True,False,,,,True,True,False,TRENT
TRITURBINE,2022-02-15,96.49405183074003,True,False,,,,True,True,False,TRITURBINE
UBL,2022-02-15,111.69601303816556,True,False,,,,True,True,False,UBL
UNIVCABLES,2022-02-15,114.2222687367175,True,False,,,,True,True,False,UNIVCABLES
UNOMINDA,2022-02-15,72.36255699826663,True,False,,,,True,True,False,MINDAIND
URJA,2022-02-15,287.62095547215745,True,False,,,,True,True,False,URJA
VASWANI,2022-02-15,25.350737302020754,False,True,,,,True,True,False,VASWANI
VIPIND,2022-02-15,174.22987276204793,True,False,,,,True,True,False,VIPIND
VMART,2022-02-15,1938.2402570193046,True,False,,,,True,True,False,VMART
WHIRLPOOL,2022-02-15,79.65562679324147,True,False,,,,True,True,False,WHIRLPOOL
ZFCVINDIA,2022-02-15,110.57518862658365,True,False,,,,True,True,False,WABCOINDIA
ZOTA,2022-02-15,100.36776368084334,True,False,,,,True,True,False,ZOTA
3MINDIA,2022-06-01,83.6463257948509,True,False,,,,True,True,False,3MINDIA
AARTISURF,2022-06-01,95.167937368754,True,False,,,,True,True,False,AARTISURF
ABB,2022-06-01,125.13270788107471,True,False,,,,True,True,False,ABB
ADANIENT,2022-06-01,501.78959731111854,True,False,,,,True,True,False,ADANIENT
ADANIGREEN,2022-06-01,615.2240566037735,True,False,,,,True,True,False,ADANIGREEN
AGROPHOS,2022-06-01,13.910170891302965,False,True,,,,True,True,False,AGROPHOS
AMBER,2022-06-01,79.72552227958079,True,False,,,,True,True,False,AMBER
AMDIND,2022-06-01,11.811390013391337,False,True,,,,True,True,False,AMDIND
APOLLOHOSP,2022-06-01,70.87759509389633,True,False,,,,True,True,False,APOLLOHOSP
AROGRANITE,2022-06-01,7.770915909677854,False,True,,,,True,True,False,AROGRANITE
ASHOKLEY,2022-06-01,1294.766074051478,True,False,,,,True,True,False,ASHOKLEY
ASIANPAINT,2022-06-01,86.58032947811421,True,False,,,,True,True,False,ASIANPAINT
ASTRAL,2022-06-01,70.57266428793774,True,False,,,,True,True,False,ASTRAL
ASTRAZEN,2022-06-01,122.11014600995169,True,False,,,,True,True,False,ASTRAZEN
ATGL,2022-06-01,521.9092578903748,True,False,,,,True,True,False,ATGL
AURIGROW,2022-06-01,12.259620628722269,False,True,,,,True,True,False,GODHA
BAJAJELEC,2022-06-01,82.6104908634763,True,False,,,,True,True,False,BAJAJELEC
BATAINDIA,2022-06-01,234.0792541403483,True,False,,,,True,True,False,BATAINDIA
BERGEPAINT,2022-06-01,71.92648756944044,True,False,,,,True,True,False,BERGEPAINT
BHARTIARTL,2022-06-01,93.46538365273479,True,False,,,,True,True,False,BHARTIARTL
BLKASHYAP,2022-06-01,92.64493828126194,True,False,,,,True,True,False,BLKASHYAP
BOSCH-HCIL,2022-06-01,283.4291324088845,True,False,,,,True,True,False,JCHAC
BUTTERFLY,2022-06-01,111.61698253058523,True,False,,,,True,True,False,BUTTERFLY
CEATLTD,2022-06-01,74.82398417276255,True,False,,,,True,True,False,CEATLTD
CENTEXT,2022-06-01,13.720623987034037,False,True,,,,True,True,False,CENTEXT
CEREBRAINT,2022-06-01,264.5035386346314,True,False,,,,True,True,False,CEREBRAINT
CLEAN,2022-06-01,81.33161378514514,True,False,,,,True,True,False,CLEAN
DELTACORP,2022-06-01,76.82315789473684,True,False,,,,True,True,False,DELTACORP
DIAMONDYD,2022-06-01,90.4525888737446,True,False,,,,True,True,False,DIAMONDYD
DIGISPICE,2022-06-01,104.28502804865931,True,False,,,,True,True,False,DIGISPICE
DIXON,2022-06-01,119.33440628444474,True,False,,,,True,True,False,DIXON
DLF,2022-06-01,80.23364469348442,True,False,,,,True,True,False,DLF
DMART,2022-06-01,172.42131242741002,True,False,,,,True,True,False,DMART
DUCON,2022-06-01,90.99828543067274,True,False,,,,True,True,False,DUCON
EASEMYTRIP,2022-06-01,78.18758920670722,True,False,,,,True,True,False,EASEMYTRIP
EIHAHOTELS,2022-06-01,87.15832937491119,True,False,,,,True,True,False,EIHAHOTELS
GANGAFORGE,2022-06-01,71.84972426470588,False,False,,,,True,True,False,GANGAFORGE
GENESYS,2022-06-01,255.16189231023844,True,False,,,,True,True,False,GENESYS
GLOBE,2022-06-01,14.089217001858334,False,True,,,,True,True,False,GLOBE
GMMPFAUDLR,2022-06-01,81.34470364255911,True,False,,,,True,True,False,GMMPFAUDLR
GODREJPROP,2022-06-01,72.19492018518767,True,False,,,,True,True,False,GODREJPROP
GSS,2022-06-01,135.44917593172565,True,False,,,,True,True,False,GSS
HATSUN,2022-06-01,90.43100687944022,True,False,,,,True,True,False,HATSUN
HISARMETAL,2022-06-01,5.459850281303761,False,True,,,,True,True,False,HISARMETAL
HONAUT,2022-06-01,83.92961496306329,True,False,,,,True,True,False,HONAUT
HUHTAMAKI,2022-06-01,76.19020421783725,True,False,,,,True,True,False,HUHTAMAKI
IGARASHI,2022-06-01,778.5623218475499,True,False,,,,True,True,False,IGARASHI
INDIGOPNTS,2022-06-01,90.58835055052054,True,False,,,,True,True,False,INDIGOPNTS
INDOWIND,2022-06-01,72.65142219743447,True,False,,,,True,True,False,INDOWIND
ITDC,2022-06-01,294.88422468196563,True,False,,,,True,True,False,ITDC
ITI,2022-06-01,70.79418296690962,True,False,,,,True,True,False,ITI
JSWISPL,2022-06-01,812.5474175663845,True,False,,,,True,True,False,JSWISPL
JUBLFOOD,2022-06-01,83.40169978480117,True,False,,,,True,True,False,JUBLFOOD
JWL,2022-06-01,152.6411476375306,True,False,,,,True,True,False,CEBBCO
KANANIIND,2022-06-01,171.17388575015696,True,False,,,,True,True,False,KANANIIND
KANORICHEM,2022-06-01,255.66463805253042,True,False,,,,True,True,False,KANORICHEM
KCPSUGIND,2022-06-01,70.97053726169844,True,False,,,,True,True,False,KCPSUGIND
LAMBODHARA,2022-06-01,5.485331390941823,False,True,,,,True,True,False,LAMBODHARA
LASA,2022-06-01,70.4953935690893,True,False,,,,True,True,False,LASA
LGBFORGE,2022-06-01,81.27643504531721,True,False,,,,True,True,False,LGBFORGE
LIBAS,2022-06-01,5.3390511927097295,False,True,,,,True,True,False,LIBAS
LINDEINDIA,2022-06-01,90.53905059488348,True,False,,,,True,True,False,LINDEINDIA
LLOYDSENGG,2022-06-01,255.80130145278451,True,False,,,,True,True,False,LSIL
MAHLOG,2022-06-01,95.25317031825564,True,False,,,,True,True,False,MAHLOG
MGEL,2022-06-01,679.9435445140375,True,False,,,,True,True,False,MGEL
MTARTECH,2022-06-01,72.07585462650987,True,False,,,,True,True,False,MTARTECH
NATCOPHARM,2022-06-01,74.15132177871149,True,False,,,,True,True,False,NATCOPHARM
NAVINFLUOR,2022-06-01,73.93577317712878,True,False,,,,True,True,False,NAVINFLUOR
NAZARA,2022-06-01,81.9074710408022,True,False,,,,True,True,False,NAZARA
NDLVENTURE,2022-06-01,504.2844507366076,True,False,,,,True,True,False,NXTDIGITAL
NELCO,2022-06-01,83.34251933505202,True,False,,,,True,True,False,NELCO
NEOGEN,2022-06-01,94.93080753990819,True,False,,,,True,True,False,NEOGEN
NILAINFRA,2022-06-01,188.4554591766488,True,False,,,,True,True,False,NILAINFRA
OLECTRA,2022-06-01,130.52527025778434,True,False,,,,True,True,False,OLECTRA
ORICONENT,2022-06-01,451.1737319524229,True,False,,,,True,True,False,ORICONENT
PFOCUS,2022-06-01,347.28278584859834,True,False,,,,True,True,False,PFOCUS
PGHH,2022-06-01,77.06139859617683,True,False,,,,True,True,False,PGHH
PHOENIXLTD,2022-06-01,84.29453992163268,True,False,,,,True,True,False,PHOENIXLTD
PIDILITIND,2022-06-01,95.50820240908602,True,False,,,,True,True,False,PIDILITIND
PILITA,2022-06-01,87.69260349537223,True,False,,,,True,True,False,PILITA
PPAP,2022-06-01,101.34418263542874,True,False,,,,True,True,False,PPAP
PRAKASHSTL,2022-06-01,2.4562854163646524,False,True,,,,True,True,False,PRAKASHSTL
PRESSMN,2022-06-01,19.415640599001662,False,True,,,,True,True,False,PRESSMN
PRSMJOHNSN,2022-06-01,193.17864108825256,True,False,,,,True,True,False,PRSMJOHNSN
RAJMET,2022-06-01,79.79014733882009,True,False,,,,True,True,False,RAJMET
RELAXO,2022-06-01,105.95404484334794,True,False,,,,True,True,False,RELAXO
RIIL,2022-06-01,185.53111192085223,True,False,,,,True,True,False,RIIL
ROHLTD,2022-06-01,214.34333136421674,True,False,,,,True,True,False,ROHLTD
SIEMENS,2022-06-01,82.49871051669093,True,False,,,,True,True,False,SIEMENS
SNOWMAN,2022-06-01,414.93258963192744,True,False,,,,True,True,False,SNOWMAN
SONACOMS,2022-06-01,93.48282248592696,True,False,,,,True,True,False,SONACOMS
STLTECH,2022-06-01,552.3059380713424,True,False,,,,True,True,False,STLTECH
SUBEXLTD,2022-06-01,76.53009369541053,True,False,,,,True,True,False,SUBEXLTD
SUMEETINDS,2022-06-01,29.350080283735775,False,True,,,,True,True,False,SUMEETINDS
SUNDROP,2022-06-01,82.71074192916278,True,False,,,,True,True,False,ATFL
TAJGVK,2022-06-01,99.23863636363636,True,False,,,,True,True,False,TAJGVK
TASTYBITE,2022-06-01,235.7902455205411,True,False,,,,True,True,False,TASTYBITE
TATAELXSI,2022-06-01,94.96966257138853,True,False,,,,True,True,False,TATAELXSI
TATAPOWER,2022-06-01,90.44959281913663,True,False,,,,True,True,False,TATAPOWER
TEXRAIL,2022-06-01,105.55809403362596,True,False,,,,True,True,False,TEXRAIL
THERMAX,2022-06-01,76.13337766415523,True,False,,,,True,True,False,THERMAX
TITAGARH,2022-06-01,97.03947015398951,True,False,,,,True,True,False,TWL
TITAN,2022-06-01,87.29293153605295,True,False,,,,True,True,False,TITAN
TNPL,2022-06-01,87.10609352369127,True,False,,,,True,True,False,TNPL
TREJHARA,2022-06-01,6.112983334740461,False,True,,,,True,True,False,TREJHARA
TRENT,2022-06-01,586.062522255214,True,False,,,,True,True,False,TRENT
TRITURBINE,2022-06-01,72.14288761603792,True,False,,,,True,True,False,TRITURBINE
TSFINV,2022-06-01,83.83443714304327,True,False,,,,True,True,False,SUNDARMHLD
UBL,2022-06-01,112.80770724860304,True,False,,,,True,True,False,UBL
UNOMINDA,2022-06-01,74.78749517534652,True,False,,,,True,True,False,MINDAIND
URJA,2022-06-01,203.16715691246577,True,False,,,,True,True,False,URJA
VAISHALI,2022-06-01,21.395651229779475,False,True,,,,True,True,False,VAISHALI
VIPIND,2022-06-01,122.77252890691526,True,False,,,,True,True,False,VIPIND
WHIRLPOOL,2022-06-01,89.49727237141907,True,False,,,,True,True,False,WHIRLPOOL
WINDMACHIN,2022-06-01,110.78988529352272,True,False,,,,True,True,False,WINDMACHIN
ZENTEC,2022-06-01,1094.2952991777997,True,False,,,,True,True,False,ZENTEC
ZFCVINDIA,2022-06-01,101.57418229127927,True,False,,,,True,True,False,ZFCVINDIA
ZOTA,2022-06-01,77.51330324666577,True,False,,,,True,True,False,ZOTA
ZUARI,2022-06-01,92.14871630979015,True,False,,,,True,True,False,ZUARI
3IINFOLTD,2022-08-16,125.7108649380805,True,False,,,,True,True,False,3IINFOLTD
3MINDIA,2022-08-16,77.61846307239122,True,False,,,,True,True,False,3MINDIA
AARTISURF,2022-08-16,121.95183296121941,True,False,,,,True,True,False,AARTISURF
ABFRL,2022-08-16,82.69501753666819,True,False,,,,True,True,False,ABFRL
ADANIENT,2022-08-16,354.20670915736855,True,False,,,,True,True,False,ADANIENT
ADANIGREEN,2022-08-16,773.209863249704,True,False,,,,True,True,False,ADANIGREEN
AFFLE,2022-08-16,300.6585554427468,True,False,,,,True,True,False,AFFLE
AGROPHOS,2022-08-16,10.432259234629104,False,True,,,,True,True,False,AGROPHOS
AKSHOPTFBR,2022-08-16,84.35451486259115,True,False,,,,True,True,False,AKSHOPTFBR
APCL,2022-08-16,71.98398343294537,True,False,,,,True,True,False,APCL
ARVINDFASN,2022-08-16,150.16553733055846,True,False,,,,True,True,False,ARVINDFASN
ASHIANA,2022-08-16,149.87606487468287,True,False,,,,True,True,False,ASHIANA
ASHOKLEY,2022-08-16,1385.6351112485456,True,False,,,,True,True,False,ASHOKLEY
ASIANPAINT,2022-08-16,95.22072108535667,True,False,,,,True,True,False,ASIANPAINT
ASTRAL,2022-08-16,78.1404958677686,True,False,,,,True,True,False,ASTRAL
ASTRAZEN,2022-08-16,107.33144929795039,True,False,,,,True,True,False,ASTRAZEN
ATGL,2022-08-16,743.3602176438915,True,False,,,,True,True,False,ATGL
AURIGROW,2022-08-16,122.85150746689209,False,False,,,,True,True,False,GODHA
BATAINDIA,2022-08-16,84.1475748172318,True,False,,,,True,True,False,BATAINDIA
BERGEPAINT,2022-08-16,77.4728479070874,True,False,,,,True,True,False,BERGEPAINT
BOSCH-HCIL,2022-08-16,239.66245347077353,True,False,,,,True,True,False,JCHAC
BRIGADE,2022-08-16,111.60337745746244,True,False,,,,True,True,False,BRIGADE
BUTTERFLY,2022-08-16,77.40180121046922,True,False,,,,True,True,False,BUTTERFLY
CEATLTD,2022-08-16,99.47874339374972,True,False,,,,True,True,False,CEATLTD
CGPOWER,2022-08-16,74.95858641140659,True,False,,,,True,True,False,CGPOWER
CLEAN,2022-08-16,72.77284779947962,True,False,,,,True,True,False,CLEAN
DCAL,2022-08-16,87.38713592233007,True,False,,,,True,True,False,DCAL
DCM,2022-08-16,6.215857841580385,False,True,,,,True,True,False,DCM
DEVYANI,2022-08-16,91.83211804707148,True,False,,,,True,True,False,DEVYANI
DIAMONDYD,2022-08-16,254.07315401740692,True,False,,,,True,True,False,DIAMONDYD
DIGISPICE,2022-08-16,121.0991417629971,True,False,,,,True,True,False,DIGISPICE
DIXON,2022-08-16,104.49336445956347,True,False,,,,True,True,False,DIXON
DLF,2022-08-16,81.8458727135729,True,False,,,,True,True,False,DLF
DMART,2022-08-16,137.73602906438168,True,False,,,,True,True,False,DMART
EIHAHOTELS,2022-08-16,93.08015710526324,True,False,,,,True,True,False,EIHAHOTELS
EIHOTEL,2022-08-16,222.39682775080013,True,False,,,,True,True,False,EIHOTEL
GENESYS,2022-08-16,120.55232055097038,True,False,,,,True,True,False,GENESYS
GODREJPROP,2022-08-16,133.5650152925843,True,False,,,,True,True,False,GODREJPROP
GREAVESCOT,2022-08-16,287.15522908039173,True,False,,,,True,True,False,GREAVESCOT
GRINDWELL,2022-08-16,74.78814776132279,True,False,,,,True,True,False,GRINDWELL
GSS,2022-08-16,78.12644725857884,True,False,,,,True,True,False,GSS
HATSUN,2022-08-16,98.84217062799543,True,False,,,,True,True,False,HATSUN
HONAUT,2022-08-16,100.8894734284802,True,False,,,,True,True,False,HONAUT
INDHOTEL,2022-08-16,169.37941440862977,True,False,,,,True,True,False,INDHOTEL
INDIGOPNTS,2022-08-16,77.43173862491918,True,False,,,,True,True,False,INDIGOPNTS
ITDC,2022-08-16,188.96612260812284,True,False,,,,True,True,False,ITDC
ITI,2022-08-16,97.39821544599823,True,False,,,,True,True,False,ITI
JUBLFOOD,2022-08-16,76.72586200614383,True,False,,,,True,True,False,JUBLFOOD
JUSTDIAL,2022-08-16,191.69496629138297,True,False,,,,True,True,False,JUSTDIAL
JWL,2022-08-16,74.64341730988878,True,False,,,,True,True,False,JWL
LEMONTREE,2022-08-16,597.5080255990721,True,False,,,,True,True,False,LEMONTREE
LIBAS,2022-08-16,6.215894405650521,False,True,,,,True,True,False,LIBAS
LINDEINDIA,2022-08-16,77.20282302724071,True,False,,,,True,True,False,LINDEINDIA
LLOYDSENGG,2022-08-16,326.3308783965564,True,False,,,,True,True,False,LSIL
MAHLOG,2022-08-16,88.89761291295427,True,False,,,,True,True,False,MAHLOG
MOTHERSON,2022-08-16,80.12153670170147,True,False,,,,True,True,False,MOTHERSON
MSPL,2022-08-16,145.08896584666823,True,False,,,,True,True,False,MSPL
MTARTECH,2022-08-16,70.26846952627983,True,False,,,,True,True,False,MTARTECH
NAVINFLUOR,2022-08-16,77.3747101315168,True,False,,,,True,True,False,NAVINFLUOR
NAZARA,2022-08-16,79.24679487179488,True,False,,,,True,True,False,NAZARA
NELCO,2022-08-16,91.07162060436607,True,False,,,,True,True,False,NELCO
NEOGEN,2022-08-16,74.88968090986127,True,False,,,,True,True,False,NEOGEN
NURECA,2022-08-16,223.32189358019116,True,False,,,,True,True,False,NURECA
OLECTRA,2022-08-16,97.79489793123902,True,False,,,,True,True,False,OLECTRA
ONMOBILE,2022-08-16,125.17002255827555,True,False,,,,True,True,False,ONMOBILE
ORIENTHOT,2022-08-16,81.1888353581902,True,False,,,,True,True,False,ORIENTHOT
PGHH,2022-08-16,82.384169498456,True,False,,,,True,True,False,PGHH
PIDILITIND,2022-08-16,99.92634834272826,True,False,,,,True,True,False,PIDILITIND
PRAKASHSTL,2022-08-16,2.37656024671438,False,True,,,,True,True,False,PRAKASHSTL
PRECAM,2022-08-16,73.17160083903858,True,False,,,,True,True,False,PRECAM
PURVA,2022-08-16,72.76912565242317,True,False,,,,True,True,False,PURVA
RAJMET,2022-08-16,72.76605414943506,True,False,,,,True,True,False,RAJMET
RELAXO,2022-08-16,103.79853302898918,True,False,,,,True,True,False,RELAXO
RIIL,2022-08-16,194.69338965457058,True,False,,,,True,True,False,RIIL
ROHLTD,2022-08-16,306.1929273777084,True,False,,,,True,True,False,ROHLTD
ROUTE,2022-08-16,163.694673671348,True,False,,,,True,True,False,ROUTE
SHOPERSTOP,2022-08-16,126.3773903877412,True,False,,,,True,True,False,SHOPERSTOP
SIEMENS,2022-08-16,96.4414145866352,True,False,,,,True,True,False,SIEMENS
SNOWMAN,2022-08-16,184.01485482781905,True,False,,,,True,True,False,SNOWMAN
SONACOMS,2022-08-16,93.7538054254788,True,False,,,,True,True,False,SONACOMS
SPMLINFRA,2022-08-16,97.9338191500543,True,False,,,,True,True,False,SPMLINFRA
SUBEXLTD,2022-08-16,136.06130268199234,True,False,,,,True,True,False,SUBEXLTD
SUNDROP,2022-08-16,77.964593641307,True,False,,,,True,True,False,ATFL
SUNTECK,2022-08-16,183.0967482612014,True,False,,,,True,True,False,SUNTECK
TASTYBITE,2022-08-16,288.4032371254581,True,False,,,,True,True,False,TASTYBITE
TATAELXSI,2022-08-16,116.01152043156677,True,False,,,,True,True,False,TATAELXSI
TATAPOWER,2022-08-16,89.3918153143413,True,False,,,,True,True,False,TATAPOWER
TCNSBRANDS,2022-08-16,126.04578541015175,True,False,,,,True,True,False,TCNSBRANDS
THERMAX,2022-08-16,72.30110128114855,True,False,,,,True,True,False,THERMAX
TITAN,2022-08-16,72.59121671741869,True,False,,,,True,True,False,TITAN
TRENT,2022-08-16,193.58249504779602,True,False,,,,True,True,False,TRENT
TRITURBINE,2022-08-16,70.03810172349498,True,False,,,,True,True,False,TRITURBINE
TSFINV,2022-08-16,94.54694957051038,True,False,,,,True,True,False,SUNDARMHLD
UFBL,2022-08-16,130.22302234923978,True,False,,,,True,True,False,BARBEQUE
UNICHEMLAB,2022-08-16,89.20052275015607,True,False,,,,True,True,False,UNICHEMLAB
UNOMINDA,2022-08-16,72.12348511522259,True,False,,,,True,True,False,UNOMINDA
URJA,2022-08-16,687.5868765331153,True,False,,,,True,True,False,URJA
VAISHALI,2022-08-16,19.479771837377495,False,True,,,,True,True,False,VAISHALI
VIYASH,2022-08-16,95.96846558133572,True,False,,,,True,True,False,SEQUENT
WHIRLPOOL,2022-08-16,77.12223508783144,True,False,,,,True,True,False,WHIRLPOOL
ZENTEC,2022-08-16,138.6028888344428,True,False,,,,True,True,False,ZENTEC
ZFCVINDIA,2022-08-16,96.92055087318589,True,False,,,,True,True,False,ZFCVINDIA
ZOTA,2022-08-16,147.57564182490853,True,False,,,,True,True,False,ZOTA
ZUARI,2022-08-16,105.36513263023329,True,False,,,,True,True,False,ZUARI
3MINDIA,2022-11-15,74.91385002995457,True,False,,,,True,True,False,3MINDIA
AAKASH,2022-11-15,17.426441540861465,False,True,,,,True,True,False,AAKASH
AARTISURF,2022-11-15,132.12009385439757,True,False,,,,True,True,False,AARTISURF
ABFRL,2022-11-15,83.14236468409139,True,False,,,,True,True,False,ABFRL
ACLGATI,2022-11-15,456.0550458715596,True,False,,,,True,True,False,GATI
ADANIENT,2022-11-15,416.5683856150389,True,False,,,,True,True,False,ADANIENT
ADANIGREEN,2022-11-15,544.6960694698355,True,False,,,,True,True,False,ADANIGREEN
AFFLE,2022-11-15,330.28762074454136,True,False,,,,True,True,False,AFFLE
AGROPHOS,2022-11-15,10.38446787645762,False,True,,,,True,True,False,AGROPHOS
AKSHOPTFBR,2022-11-15,276.74242424242425,True,False,,,,True,True,False,AKSHOPTFBR
APOLLOHOSP,2022-11-15,73.35178829168564,True,False,,,,True,True,False,APOLLOHOSP
ARVINDFASN,2022-11-15,195.79170242075745,True,False,,,,True,True,False,ARVINDFASN
ASHIANA,2022-11-15,173.64495622044754,True,False,,,,True,True,False,ASHIANA
ASIANPAINT,2022-11-15,76.51468519246687,True,False,,,,True,True,False,ASIANPAINT
ASTRAL,2022-11-15,90.18759978434407,True,False,,,,True,True,False,ASTRAL
ASTRAZEN,2022-11-15,91.1663648083089,True,False,,,,True,True,False,ASTRAZEN
ATGL,2022-11-15,878.4442133075127,True,False,,,,True,True,False,ATGL
AURIGROW,2022-11-15,67.6246830092984,False,True,,,,True,True,False,GODHA
BANG,2022-11-15,14.165224590371997,False,True,,,,True,True,False,BANG
BATAINDIA,2022-11-15,72.1750387069917,True,False,,,,True,True,False,BATAINDIA
BLKASHYAP,2022-11-15,146.17729069798392,True,False,,,,True,True,False,BLKASHYAP
BRIGADE,2022-11-15,86.31105572555084,True,False,,,,True,True,False,BRIGADE
BSHSL,2022-11-15,117.14348014101745,True,False,,,,True,True,False,BSHSL
CENTUM,2022-11-15,94.92766203703704,True,False,,,,True,True,False,CENTUM
CGPOWER,2022-11-15,72.91520782583426,True,False,,,,True,True,False,CGPOWER
CHALET,2022-11-15,293.12747481822237,True,False,,,,True,True,False,CHALET
CORDSCABLE,2022-11-15,12.866436233386372,False,True,,,,True,True,False,CORDSCABLE
DANGEE,2022-11-15,158.64502301952692,True,False,,,,True,True,False,DANGEE
DEVYANI,2022-11-15,73.55589489205799,True,False,,,,True,True,False,DEVYANI
DIAMONDYD,2022-11-15,315.60727431465625,True,False,,,,True,True,False,DIAMONDYD
DIXON,2022-11-15,125.19271931943288,True,False,,,,True,True,False,DIXON
DLF,2022-11-15,86.80519512573517,True,False,,,,True,True,False,DLF
DMART,2022-11-15,114.99926139577056,True,False,,,,True,True,False,DMART
EASEMYTRIP,2022-11-15,84.10782262719394,True,False,,,,True,True,False,EASEMYTRIP
EIHOTEL,2022-11-15,87.511248441481,True,False,,,,True,True,False,EIHOTEL
ENERGYDEV,2022-11-15,9.478171545968156,False,True,,,,True,True,False,ENERGYDEV
EVEREADY,2022-11-15,109.0056751895275,True,False,,,,True,True,False,EVEREADY
GEEKAYWIRE,2022-11-15,7.972764603029361,False,True,,,,True,True,False,GEEKAYWIRE
GENESYS,2022-11-15,100.81673086689241,True,False,,,,True,True,False,GENESYS
GLOBE,2022-11-15,10.02679765429465,False,True,,,,True,True,False,GLOBE
GOCOLORS,2022-11-15,78.82510487186465,True,False,,,,True,True,False,GOCOLORS
GREAVESCOT,2022-11-15,249.1801419838296,True,False,,,,True,True,False,GREAVESCOT
GSS,2022-11-15,113.94382940563949,True,False,,,,True,True,False,GSS
HCG,2022-11-15,714.6385568738148,True,False,,,,True,True,False,HCG
HINDCON,2022-11-15,24.44844311885649,False,True,,,,True,True,False,HINDCON
HONAUT,2022-11-15,89.90224538718134,True,False,,,,True,True,False,HONAUT
HPAL,2022-11-15,100.38432719211099,True,False,,,,True,True,False,HPAL
INDHOTEL,2022-11-15,99.16698952323448,True,False,,,,True,True,False,INDHOTEL
ISMTLTD,2022-11-15,83.42136265985745,True,False,,,,True,True,False,ISMTLTD
ITDC,2022-11-15,112.22151850135394,True,False,,,,True,True,False,ITDC
ITI,2022-11-15,157.50507135965384,True,False,,,,True,True,False,ITI
JETFREIGHT,2022-11-15,21.938194716092138,False,True,,,,True,True,False,JETFREIGHT
JUBLFOOD,2022-11-15,75.91199615696472,True,False,,,,True,True,False,JUBLFOOD
JUSTDIAL,2022-11-15,113.11350056921336,True,False,,,,True,True,False,JUSTDIAL
LATENTVIEW,2022-11-15,77.14192208265115,True,False,,,,True,True,False,LATENTVIEW
LEMONTREE,2022-11-15,277.9505804514495,True,False,,,,True,True,False,LEMONTREE
LIBAS,2022-11-15,4.559794652812904,False,True,,,,True,True,False,LIBAS
LINDEINDIA,2022-11-15,71.15852141177889,True,False,,,,True,True,False,LINDEINDIA
MAHLOG,2022-11-15,84.87474966348206,True,False,,,,True,True,False,MAHLOG
MAPMYINDIA,2022-11-15,74.03034755014279,True,False,,,,True,True,False,MAPMYINDIA
MAXIND,2022-11-15,77.68275316455696,True,False,,,,True,True,False,MAXIND
MEDICAMEQ,2022-11-15,79.0416810910266,True,False,,,,True,True,False,MEDICAMEQ
MEDPLUS,2022-11-15,188.01757145825292,True,False,,,,True,True,False,MEDPLUS
MGEL,2022-11-15,86.12838256558562,True,False,,,,True,True,False,MGEL
NAUKRI,2022-11-15,75.69644475964604,True,False,,,,True,True,False,NAUKRI
NAVINFLUOR,2022-11-15,79.96625904052239,True,False,,,,True,True,False,NAVINFLUOR
NAZARA,2022-11-15,76.31484718738652,True,False,,,,True,True,False,NAZARA
NELCO,2022-11-15,101.86896764619253,True,False,,,,True,True,False,NELCO
NEOGEN,2022-11-15,72.06732301694989,True,False,,,,True,True,False,NEOGEN
NILAINFRA,2022-11-15,132.81085366477419,True,False,,,,True,True,False,NILAINFRA
OLECTRA,2022-11-15,85.74061644647728,True,False,,,,True,True,False,OLECTRA
ONMOBILE,2022-11-15,83.70432048228639,True,False,,,,True,True,False,ONMOBILE
ORIENTPPR,2022-11-15,200.26779102961524,True,False,,,,True,True,False,ORIENTPPR
PGHH,2022-11-15,88.53905740409252,True,False,,,,True,True,False,PGHH
PIDILITIND,2022-11-15,104.28369135136518,True,False,,,,True,True,False,PIDILITIND
PRAKASHSTL,2022-11-15,1.9941185821014151,False,True,,,,True,True,False,PRAKASHSTL
PREMEXPLN,2022-11-15,106.05931072224672,True,False,,,,True,True,False,PREMEXPLN
PRSMJOHNSN,2022-11-15,199.04700579523504,True,False,,,,True,True,False,PRSMJOHNSN
PURVA,2022-11-15,573.2628361858191,True,False,,,,True,True,False,PURVA
RAMKY,2022-11-15,104.53769553294102,True,False,,,,True,True,False,RAMKY
RATEGAIN,2022-11-15,90.31342591877912,True,False,,,,True,True,False,RATEGAIN
RELAXO,2022-11-15,118.270307401683,True,False,,,,True,True,False,RELAXO
ROUTE,2022-11-15,136.32647532441504,True,False,,,,True,True,False,ROUTE
SERVOTECH,2022-11-15,85.92609669303302,True,False,,,,True,True,False,SERVOTECH
SHILPAMED,2022-11-15,93.78025489399671,True,False,,,,True,True,False,SHILPAMED
SHOPERSTOP,2022-11-15,102.58268168782334,True,False,,,,True,True,False,SHOPERSTOP
SIKKO,2022-11-15,102.33797829719,True,False,,,,True,True,False,SIKKO
SMSPHARMA,2022-11-15,81.16615895493716,True,False,,,,True,True,False,SMSPHARMA
SNOWMAN,2022-11-15,123.56388023303076,True,False,,,,True,True,False,SNOWMAN
SONACOMS,2022-11-15,74.25345134171936,True,False,,,,True,True,False,SONACOMS
SPMLINFRA,2022-11-15,74.3457239953754,True,False,,,,True,True,False,SPMLINFRA
SUBEXLTD,2022-11-15,107.68582375478927,True,False,,,,True,True,False,SUBEXLTD
SUNTECK,2022-11-15,252.3953662134795,True,False,,,,True,True,False,SUNTECK
TASTYBITE,2022-11-15,160.17452028801026,True,False,,,,True,True,False,TASTYBITE
TCNSBRANDS,2022-11-15,121.88868244011093,True,False,,,,True,True,False,TCNSBRANDS
THERMAX,2022-11-15,77.44248973338362,True,False,,,,True,True,False,THERMAX
TITAN,2022-11-15,72.47572494488494,True,False,,,,True,True,False,TITAN
TREJHARA,2022-11-15,7.115704449742488,False,True,,,,True,True,False,TREJHARA
TRENT,2022-11-15,203.9546497191966,True,False,,,,True,True,False,TRENT
UFBL,2022-11-15,118.91307738663593,True,False,,,,True,True,False,BARBEQUE
URJA,2022-11-15,330.18919962491043,True,False,,,,True,True,False,URJA
VIYASH,2022-11-15,182.95483079656958,True,False,,,,True,True,False,SEQUENT
WHIRLPOOL,2022-11-15,73.95389113221485,True,False,,,,True,True,False,WHIRLPOOL
ZENTEC,2022-11-15,86.40513762291364,True,False,,,,True,True,False,ZENTEC
ZFCVINDIA,2022-11-15,84.11217259677474,True,False,,,,True,True,False,ZFCVINDIA
ZOTA,2022-11-15,275.8402231533411,True,False,,,,True,True,False,ZOTA
