pattern,symbol,trade_date,sub,subject
strict,KPIGREEN,2026-02-10,Updates,"Updates: KPI Green Energy Limited has informed the Exchange regarding 'Receipt of Orders for Installation testing and commissioning Work for 300 MWac / 405 MWdc Project at Khavda, Gujarat'."
strict,HGINFRA,2025-11-19,Updates,Updates: H.G. Infra Engineering Limited has informed the Exchange regarding 'H.G. Infra Engineering Limited has received an Order by the DLF Cyber City Developers Limited'.
strict,PNCINFRA,2026-08-03,General Updates,General Updates: PNC Infratech Limited has informed the Exchange about Receipt of Letter of Intent from Airports Authority of India (AAI)
strict,ABCOTS,2025-01-08,Press Release,"Press Release: A B Cotspin India Limited has informed the Exchange regarding a press release dated January 08, 2025, titled ""Receipt of an order""."
strict,NIPPOBATRY,2025-08-07,Updates,"Updates: Indo-National Limited has informed the Exchange regarding 'receipt of order and fixation of date of hearing by the Honorable National Company Law Tribunal, Special Bench, Court-II, Chennai'."
strict,JTLIND,2026-06-10,Press Release,"Press Release: JTL INDUSTRIES LIMITED has informed the Exchange regarding a press release dated Jun 10, 2026, titled ""Receipt of order from Himachal Pradesh State Civil Supplies Corporation Limited""."
strict,CUPID,2025-02-13,Press Release,"Press Release: Cupid Limited has informed the Exchange regarding a press release dated February 12, 2025, titled ""Award of order""."
strict,CAPACITE,2026-06-03,Updates,Updates: Capacite Infraprojects Limited has informed the Exchange regarding 'Receipt of Letter of Intent of Rs. 589 Crore from Ten X Realty East Limited (A subsidiary of Raymond Realty Limited)'.
strict,HGINFRA,2025-05-29,Updates,Updates: H.G. Infra Engineering Limited has informed the Exchange regarding 'Receipt of Letter of Intent from Gujarat Urja Vikas Nigam Limited'.
strict,GVPIL,2026-08-13,General Updates,General Updates: GE Power India Limited has informed the Exchange about Bagging/Receiving of orders/contracts
strict,AYMSYNTEX,2025-03-28,General Updates,"General Updates: AYM Syntex Limited has informed the Exchange about receipt of order from the Commissioner (Appeals) of CGST, Surat."
strict,MCLOUD,2025-05-12,Updates,"Updates: Magellanic Cloud Limited has informed the Exchange regarding 'Pursuant to Regulation 30 read with Schedule III Part A of the Securities and Exchange Board of India (Listing Obligations and Disclosure Requirements), Regulations, 2015, we would like to inform you that our subsidiary company, i.e., Scandron Private Limited has received an Order worth Rs. 5,00,00,000 (Five Crore Rupees) basic value for supply of Drones.None of the promoter/promoter group/group companies have any interest in"
strict,ABCOTS,2025-05-12,Press Release,"Press Release: A B Cotspin India Limited has informed the Exchange regarding a press release dated May 12, 2025, titled "" ""Receipt of an order""""."
strict,KAMATHOTEL,2024-11-08,General Updates,"General Updates: Kamat Hotels (I) Limited has informed the Exchange about the receipt of Order from Income Tax Appellate Tribunal, Mumbai (ITAT)"
strict,CHALET,2025-03-19,General Updates,"General Updates: Chalet Hotels Limited has informed the Exchange about receipt of Order of the Hon ble National Company Law Tribunal, Mumbai Bench directing the Company to convene a meeting of its Equity Shareholders in respect of the Company Scheme Application for Scheme of Arrangement and Amalgamation amongst the Company, Sonmil Industries Private Limited and The Dukes Retreat Private Limited (subsidiaries) and their respective Shareholders and Creditors ."
strict,NECCLTD,2025-03-28,General Updates,"General Updates: Pursuant to the Regulation 30 of the Securities and Exchange Board of India (Listing Obligations and Disclosure Requirements) Regulations, 2015, the Company pleased to inform that, The Company has been awarded a contract from Tata Steel Limited (TSL) for transportation of Steel Products (Coils/Sheets/Tubes) from TSL Sahibabad to various destinations through EV (Electric Heavy Vehicles) for 5 (Five) years and may be extended or renewed for a further period of one year on mutual c"
strict,NLCINDIA,2025-06-23,General Updates,"General Updates: NLC India Limited has informed the Exchange about NLC India Renewables Limited, a Wholly Owned Subsidiary of NLC India Limited, has received a Letter of Award (LoA) from Tamil Nadu Green Energy Corporation Limited (TNGECL) for the development of three (3) standalone Battery Energy Storage System (BESS) projects with an aggregate capacity of 250 MW/500 MWh"
strict,KSCL,2026-04-08,General Updates,"General Updates: Kaveri Seed Company Limited has informed the Exchange about General Updates regarding the Intimation of Disclosure of Receipt of Order from the Income Tax Department under Regulation 30 of SEBI (LODR) Regulations, 2015."
strict,ANTELOPUS,2025-01-31,Updates,"Updates: Selan Exploration Technology Limited has informed the Exchange regarding 'Receipt of order dated January 29, 2025 passed by Hon ble NCLT Chandigarh Bench in relation to the Composite Scheme of Arrangement. '."
strict,ANTELOPUS,2025-04-04,Updates,"Updates: Selan Exploration Technology Limited has informed the Exchange regarding 'Receipt of order for hearing dated March 21, 2025 passed by Hon ble NCLT Chandigarh Bench in relation to the Composite Scheme of Arrangement. '"
strict,PIGL,2025-01-20,Press Release,"Press Release: Power & Instrumentation (Gujarat) Limited has informed the Exchange regarding a press release dated January 17, 2025, titled ""Press Release-with regard to receipt of Work Order worth INR 17.07 Crores (Including taxes) for Supply, Installation, Testing and commissioning of Plant and Equipment at site complete in all respects for 5 MW (AC) Solar Power Project at Latur District, Maharashtra.""."
strict,KPIL,2025-01-01,Press Release,"Press Release: Kalpataru Projects International Limited has informed the Exchange regarding a press release dated December 31, 2024, titled ""PRESS RELEASE- KPIL AWARDED NEW ORDERS OF RS. 1,011 CRORES""."
strict,CAMLINFINE,2026-02-04,General Updates,"General Updates: Camlin Fine Sciences Limited has informed the Exchange about Update on previous intimation regarding receipt of an Order from the Office of the Commissioner of CGST & Central Excise, Palghar Commissionerate."
strict,SOUTHWEST,2026-07-07,Updates,Updates: South West Pinnacle Exploration Limited has informed the Exchange regarding 'Update on receipt of Letter of Award from CMPDI '.
strict,PRECWIRE,2025-01-06,Updates,Updates: Precision Wires India Limited has informed the Exchange regarding 'Intimation of receipt of order under GST regulation'.
strict,UNIDT,2026-07-03,Press Release,"Press Release: United Drilling Tools Limited has informed the Exchange regarding a press release dated July 02, 2026, titled ""Award of order""."
strict,VIPIND,2024-12-18,General Updates,"General Updates: Pursuant to Regulation 30 of the SEBI (Listing Obligations and Disclosure Requirements) Regulations, 2015, we would like to inform that the Company has received an order in its favour from Maharashtra Sales Tax Tribunal, Mumbai ( the Order ) under Section 18A of Central Sales Tax Act 1956 ( the Act) on 17th December 2024, towards the appeals filed against the various assessment orders passed by Assessing officer under the said Act."
strict,NITCO,2024-12-17,Updates,Updates: Nitco Limited has informed the Exchange regarding 'Intimation of receipt of order from Prestige Estates Projects Limited'.
strict,DCI,2026-03-30,General Updates,"General Updates: Dc Infotech And Communication Limited has informed the Exchange about receipt of order from Additional Commissioner CGST, Mumbai East Commissionerate"
strict,APLAPOLLO,2026-08-24,General Updates,"General Updates: APL Apollo Tubes Limited has received order of revised demand from Deputy Commissioner (Appeals), Hosur under Section 73 of the TNGST Act. 2017 for FY 2019-20."
strict,GLOBECIVIL,2025-12-11,Press Release,"Press Release: Globe Civil Projects Limited has informed the Exchange regarding a press release dated December 11, 2025, titled ""PRESS RELEASE DATED DECEMBER 11, 2025 FOR RECEIPT OF AN ORDER FROM GURU GOBIND SINGH INDRAPRASTHA UNIVERSITY (GGSIPU), NEW DELHI.""."
strict,ADANIPOWER,2025-09-11,General Updates,"General Updates: Adani Power Limited has informed the Exchange about Receipt of Letter of Award for supply of additional power from a new 800 MW Thermal Power Project, under Greenshoe Option , whereby total awarded capacity increased to 1600 MW"
strict,IRB,2025-11-17,Updates,Updates: IRB Infrastructure Developers Limited has informed the Exchange regarding update provided by IRB Infrastructure Trust regarding receipt of LOA for TOT-17.
strict,JBCHEPHARM,2025-12-25,General Updates,"General Updates: JB Chemicals & Pharmaceuticals Limited has informed the Exchange about disclosure under Regulation 30 of the SEBI (Listing Obligations and Disclosure Requirements), Regulations, 2015- Receipt of Order"
strict,WAAREEENER,2025-07-21,Updates,"Updates: Waaree Energies Limited has informed the Exchange regarding Receipt of order on July 19, 2025"
strict,VPRPL,2025-02-06,Press Release,"Press Release: Vishnu Prakash R Punglia Limited has informed the Exchange regarding a press release dated February 05, 2025, titled ""VPRPL Awarded Contract by Bharat Heavy Electricals Limited""."
strict,ANTELOPUS,2026-09-02,Updates,Updates: Antelopus Selan Energy Limited has informed the Exchange regarding 'Announcement Under Reg. 30 of SEBI (LODR) Regulations 2015 - Award Of Contract Area to the Company'.
strict,VINCOFE,2026-07-22,General Updates,General Updates: Vintage Coffee And Beverages Limited has informed the Exchange about receipt of Order for Scheme of Amalgamation
strict,ADROITINFO,2026-01-22,Press Release,"Press Release: Adroit Infotech Limited has informed the Exchange regarding a press release dated January 21, 2026, titled "" VERSO ALTIMA INDIA PVT LIMITED (Subsidiary of Adroit Infotech Limited) has received an order valued at INR 46.0 Million from Amdocs Development Limited to manage Application Maintenance Support Services contract for a period of five years""."
strict,DIFFNKG,2026-03-27,General Updates,"General Updates: Diffusion Engineers Limited has informed the Exchange about Intimation under Regulation 30 of SEBI (LODR) Regulations, 2015 Receipt of Order from GST Authorities"
strict,VPRPL,2025-01-02,Press Release,"Press Release: Vishnu Prakash R Punglia Limited has informed the Exchange regarding a press release dated January 01, 2025, titled ""VPRPL received Letter of Intent for Elevation Works of Academic Blocks of Fintech Digital Institute, Jodhpur""."
strict,CAPACITE,2026-02-26,Updates,"Updates: Capacite Infraprojects Limited has informed the Exchange regarding 'Receipt of Letter of Intent of &#8377;537 Crore from TenX Realty Limited, (on behalf of Raymond Limited)'."
strict,SOUTHWEST,2024-12-19,Updates,Updates: South West Pinnacle Exploration Limited has informed the Exchange regarding 'Receipt of Letter of Award from Oil India Ltd'.
strict,APLLTD,2025-02-12,General Updates,General Updates: Alembic Pharmaceuticals Limited has informed the Exchange about General Updates:The Company has received an Order from Office of the Assistant Commissioner - Patna.
strict,HGINFRA,2026-03-11,Updates,Updates: H.G. Infra Engineering Limited has informed the Exchange regarding 'H.G. Infra Engineering Limited has received an Order from Anuppur Thermal Energy (MP) Private Limited '.
strict,KPIL,2025-07-01,Press Release,"Press Release: Kalpataru Projects International Limited has informed the Exchange regarding a press release dated Jun 30, 2025, titled ""KPIL AWARDED NEW ORDERS OF RS. 989 CRORES""."
strict,LUMAXTECH,2026-02-20,General Updates,"General Updates: Lumax Auto Technologies Limited has informed the Exchange about Intimation under Regulation 30 of Securities and Exchange Board of India (Listing Obligations and Disclosure Requirements) Regulations, 2015 ( Listing Regulations ) with respect to receipt of an Order-in-Appeal dated February 18, 2026 with respect to the first appeal before the Joint Commissioner of State Tax, Appeals, Pune Division-2, Maharashtra. The first appeal filed by the Company has been partly allowed and th"
strict,KPEL,2026-09-09,Updates,Updates: K.P. Energy Limited has informed the Exchange regarding 'Receipt of Letter of Intent (LOI) for 21 MW Wind / 21 MWp Solar Hybrid Power Project under Group Captive Arrangement'.
strict,BGRENERGY,2026-02-04,General Updates,General Updates: BGR Energy Systems Limited has informed the Exchange about that company has received order under TNGST Act 2017
strict,AJOONI,2025-12-02,Updates,Updates: Ajooni Biotech Limited has informed the Exchange regarding 'Intimation regarding commencement of commercial production at newly installed manufacturing facilities and receipt of new orders of Rs. 27 Crores'.
strict,VPRPL,2024-12-09,Press Release,"Press Release: Vishnu Prakash R Punglia Limited has informed the Exchange regarding a press release dated December 09, 2024, titled ""VPRPL awarded contract by NWR ajmer division""."
strict,DYNAMATECH,2024-12-18,Press Release,"Press Release: Dynamatic Technologies Limited has informed the Exchange regarding a press release dated December 18, 2024, titled ""We wish to announce that the Company has awarded contract to Aequs for supply of complexAirbus A220 door components. In this context, please find enclosed the Press Release""."
strict,UNIDT,2025-06-16,Press Release,"Press Release: United Drilling Tools Limited has informed the Exchange regarding a press release dated Jun 16, 2025, titled ""Award of Order""."
strict,WAAREEENER,2024-12-09,General Updates,General Updates: Waaree Energies Limited has informed the Exchange about General Updates Receipt of Order
strict,GLOBECIVIL,2026-03-02,Press Release,"Press Release: Globe Civil Projects Limited has informed the Exchange regarding a press release dated February 27, 2026, titled ""Pursuant to Regulation 30 of the SEBI (Listing Obligations and Disclosure Requirements) Regulations, 2015, we hereby enclose a copy of the Press Release dated February 27, 2026. The Press Release announces that Globe Civil Projects Limited has been identified as the lowest bidder (L1) in relation to the receipt of an order from Indian Institute of Technology, New Delhi"
strict,VOLTAS,2025-02-12,General Updates,General Updates: Voltas Limited has informed the Exchange about receipt Order from GST Authority.
strict,HINDOILEXP,2025-04-16,Updates,Updates: Hindustan Oil Exploration Company Limited has informed the Exchange regarding 'Award of a Contract Area to the Company under Special Discovered Small Fields Bid Round 2024'.
strict,SOUTHWEST,2025-07-02,Updates,Updates: South West Pinnacle Exploration Limited has informed the Exchange regarding 'receipt of Letter of Award from CMPDI'.
strict,HGINFRA,2025-08-06,Updates,"Updates: H.G. Infra Engineering Limited has informed the Exchange regarding 'Receipt of Letter of Award (LOA) from Military Engineer Services (MES), Mumbai '."
strict,WCIL,2025-01-03,Press Release,"Press Release: Western Carriers (India) Limited has informed the Exchange regarding a press release dated January 03, 2025, titled ""In accordance with Regulation 30 of SEBI (Listing Obligations and Disclosure Requirements) Regulations, 2015, please find enclosed herewith media release on receipt of the work order by the Company.""."
strict,AKASH,2026-01-27,General Updates,General Updates: Akash Infra Projects Limited has informed the Exchange about Receipt of Work Order
strict,KPEL,2026-02-26,Updates,Updates: K.P. Energy Limited has informed the Exchange regarding 'Intimation of Receipt of Letter of Award (LoA) for Development of a Wind-Solar Hybrid Power Project in Gujarat Aggregating to 40.8 MW'.
strict,CAPACITE,2025-08-06,Updates,Updates: Capacite Infraprojects Limited has informed the Exchange regarding 'Receipt of Letter of Intent of &#8377;113.74 Crore (Rupees One Hundred Thirteen Crores and Seventy-Four Lakhs Only) from Hinduja Group Limited'.
strict,CUMMINSIND,2026-03-30,General Updates,"General Updates: Cummins India Limited has informed the Exchange regarding receipt of order from Additional Commissioner CGST, Pune-II Commissionerate (Authority)."
strict,PACEDIGITK,2026-05-21,Press Release,"Press Release: Pace Digitek Limited has informed the Exchange regarding a press release dated May 20, 2026, titled ""Intimation of Press Release for bagging/receipt of orders""."
strict,ODIGMA,2025-12-12,Updates,Updates: Odigma Consultancy Solutions Limited has informed the Exchange regarding 'receipt of the Order from the GST Authority'.
strict,DIACABS,2026-03-31,Press Release,"Press Release: Diamond Power Infrastructure Limited has informed the Exchange regarding a press release dated March 30, 2026, titled """"Receipt of Major Order for EHV Cables from Gujarat Energy Transmission Company Limited ""."
strict,BHAGYANGR,2025-02-06,General Updates,General Updates: Bhagyanagar India Limited has informed the Exchange about Intimation of receiving Letter of Awards for development of 65.7 MW (AC) Solar Power Project
strict,IBULLSLTD,2025-03-06,Updates,Updates: Yaari Digital Integrated Services Limited has informed the Exchange regarding 'receipt of order passed by Hon'ble National Company Law Appellate Tribunal (NCLAT) in relation to the proposed Scheme of Arrangement'.
strict,SAMHI,2026-06-17,General Updates,"General Updates: Samhi Hotels Limited has informed the Exchange about receipt Of Order From The Office Of The Divisional Commissioner, Revenue Department: Stamp And Registration Branch, Government Of National Capital Of Delhi ('Collector Of Stamps, GNCTD')"
strict,PNCINFRA,2025-08-15,Updates,Updates: PNC Infratech Limited has informed the Exchange regarding 'Update on Receipt of Letter of Award from NHPC Limited'.
strict,KPIGREEN,2025-08-06,Updates,Updates: KPI Green Energy Limited has informed the Exchange regarding 'receipt of Letter of Award from Aditya Birla Renewables Limited for 64 MWac / 96 MWp Solar Balance of Plant. The detailed disclosure is attached herewith.'.
strict,VOLTAS,2024-10-31,Updates,Updates: Voltas Limited has informed the Exchange regarding 'Receipt of Order from GST Authority.'.
strict,INOXINDIA,2024-11-11,Press Release,"Press Release: INOX India Limited has informed the Exchange regarding a press release dated November 11, 2024, titled ""INOX India Limited awarded Contract to set up Mini LNG Terminal for Island Power Producers at The Bahamas""."
strict,MANYAVAR,2024-12-02,General Updates,"General Updates: Vedant Fashions Limited has informed the Exchange regarding receipt of an Order dated November 29, 2024 (received on Nov 29, 2024), from the Income Tax Appellate Tribunal B Bench Kolkata, vide the enclosed letter."
strict,ANTELOPUS,2025-05-07,Updates,"Updates: Selan Exploration Technology Limited has informed the Exchange regarding 'Receipt of order for hearing dated March 21, 2025 passed by Hon ble NCLT Chandigarh Bench in relation to the Composite Scheme of Arrangement.'."
strict,SOUTHWEST,2025-10-13,Updates,Updates: South West Pinnacle Exploration Limited has informed the Exchange regarding 'Receipt of Letter of Award/Work Order'.
strict,WELCORP,2025-03-17,General Updates,General Updates: Welspun Corp Limited has informed the Exchange about General Updates - Receipt of new Orders in the USA
strict,CEMPRO,2024-10-03,Press Release,"Press Release: ITD Cementation India Limited has informed the Exchange regarding a press release dated October 03, 2024, titled ""ITD Cementation India Limited Secured New Contract Worth approx RS 1,937 Crore including taxes and duties""."
strict,DIACABS,2024-10-09,General Updates,General Updates: Diamond Power Infrastructure Limited has informed the Exchange regarding the receipt of letter of intent
strict,NUCLEUS,2026-03-31,General Updates,"General Updates: Nucleus Software Exports Limited has informed the Exchange regarding receipt of order from Income Tax Department, Delhi"
strict,ROSSTECH,2026-05-07,Updates,Updates: Rossell Techsys Limited has informed the Exchange regarding 'Receipt of order'.
strict,SHRADHA,2025-07-29,General Updates,General Updates: Shradha Infraprojects Limited has informed the Exchange about General Updates regarding Receipt of Work Order by Active Infrastructures limited from Ceinsys Tech Ltd. for the Consideration of Rs. 4.65 Crores.
strict,UNIDT,2025-03-03,Press Release,"Press Release: United Drilling Tools Limited has informed the Exchange regarding a press release dated March 03, 2025, titled ""Award of Order""."
strict,VPRPL,2025-03-03,Updates,Updates: Vishnu Prakash R Punglia Limited has informed the Exchange regarding 'VPRPL-SBEL JV awarded contract'.
strict,EVERESTIND,2025-12-25,General Updates,"General Updates: This intimation is with reference to our intimation dated September 23, 2025 regarding the receipt of Show Cause Notice from the Assistant Commissioner Central Goods & Service Tax, Division, Roorkee, Uttarakhand. We wish to inform you that the Company had replied to the said SCN and after hearing the case, the Company has received an order from CGST, Roorkee on December 23, 2025 at 3:57 p.m. (IST). Pursuant to the said order, the Tax demand has been reduced by Rs. 1,23,01,446/- "
strict,SOUTHWEST,2025-06-27,Updates,"Updates: South West Pinnacle Exploration Limited has informed the Exchange regarding 'Announcement for Award of Contract to M/s Alara Resources LLC, Oman, a JV company of M/s South west Pinnacle Exploration Ltd'."
strict,CEMPRO,2025-05-14,Press Release,"Press Release: ITD Cementation India Limited has informed the Exchange regarding a press release dated May 13, 2025, titled ""ITD Cementation India Limited secured New Contract Worth ~ Rs 593 Crore including all taxes and duties but excluding GST""."
strict,AJOONI,2026-02-06,General Updates,General Updates: Ajooni Biotech Limited has informed the Exchange about Securing order valued at Rs. 47.52 Crores
strict,KPIL,2025-04-01,Press Release,"Press Release: Kalpataru Projects International Limited has informed the Exchange regarding a press release dated March 31, 2025, titled ""KPIL AWARDED NEW ORDERS OF APPROX. RS. 621 CRORES.""."
strict,MARKOLINES,2026-03-06,Press Release (Revised),"Press Release (Revised): Markolines Pavement Technologies Limited has informed the Exchange regarding a revised press release dated March 05, 2026, titled ""Revised Press Release for Disclosure of receipt of Work Orders""."
strict,TOTAL,2026-03-20,Updates,Updates: Total Transport Systems Limited has informed the Exchange regarding 'Receipt of Order from GSTAuthorities'.
strict,UNICHEMLAB,2026-02-09,Updates,Updates: Unichem Laboratories Limited has informed the Exchange regarding 'Received an order from Deputy Commissioner of State Tax'.
strict,JSWSTEEL,2025-02-10,General Updates,"General Updates: The Company has received an order from the Office of the CGST and Central Excise, Rourkela Commissionerate (GST Department) for GST payment"
strict,BHEL,2025-02-17,General Updates,General Updates: Receipt of LOI from Singareni Collieries Company Limited
strict,GRINFRA,2024-12-13,General Updates,"General Updates: G R Infraprojects Limited has informed the Exchange about General Updates regarding receipt of Letter of Intent for the project Transmission Scheme for integration of Bijapur REZ in the State of Karnataka."""
strict,SIMPLEXINF,2026-02-09,Updates,Updates: Simplex Infrastructures Limited has informed the Exchange regarding 'Intimation of Award of New Contract'.
strict,ASTRAMICRO,2024-12-13,General Updates,"General Updates: Receipt of order by Astra Rafael Comsys Private Limited, Joint Venture company."
strict,ADANIENSOL,2025-11-19,General Updates,General Updates: Adani Energy Solutions Limited has informed the Exchange about Intimation for Receipt of Letter of Intent
strict,MANYAVAR,2025-02-10,Updates,"Updates: Vedant Fashions Limited has informed the Exchange regarding 'receipt of an Order dated February 07, 2025 (received on February 07, 2025) under adjudication proceedings from the Office of Assistant Commissioner (ST), Jubilee Hills 4 Circle, Punjagutta Division, Telangana, under the TGST/CGST Act, 2017, vide the enclosed letter.'"
strict,COFORGE,2025-10-20,General Updates,"General Updates: Coforge Limited has informed the Exchange about Receipt of order passed by Hon ble National Company Law Tribunal, Chandigarh Bench ( NCLT ) for inter alia convening meeting of the equity shareholders, secured creditors and unsecured creditors of Coforge Limited"
strict,ALMONDZ,2025-06-16,General Updates,"General Updates: Intimation of receipt of order from UPEIDA by Almondz Global Infra-Consultant Limited, a Wholly owned Subsidiary of the Company - Disclosure under Regulation 30 of the Securities and Exchange Board of India (Listing Obligations and Disclosure Requirements) Regulations, 2015, as amended ( SEBI Listing Regulations )"
strict,AJOONI,2026-02-06,General Updates,General Updates: Ajooni Biotech Limited has informed the Exchange about Securing Order Valued at &#8377;47.52 Crores
strict,SRM,2026-06-30,General Updates,General Updates: SRM Contractors Limited has informed the Exchange about Bagging of Contracts
strict,WCIL,2024-10-18,Press Release,"Press Release: Western Carriers (India) Limited has informed the Exchange regarding a press release dated October 17, 2024, titled ""Press Release on receipt of the work order by the Company under Regulation 30 of SEBI(Listing Obligations and Disclosure Requirements) Regulations, 2015""."
strict,ASTRAMICRO,2026-04-02,General Updates,"General Updates: Receipt of order by Astra Rafael Comsys Private Limited, Joint Venture Company."
strict,JSWSTEEL,2025-01-03,General Updates,"General Updates: JSW Steel Limited has received an order dated 26.12.2024 from the Office of Assistant Commissioner of Central Tax, Hosapete Division"
strict,MCLOUD,2026-08-06,Press Release,"Press Release: Magellanic Cloud Limited has informed the Exchange regarding a press release dated August 06, 2026, pertaining to the Receipt of LOA from Western Railway, Ratlam Division by Provigil Surveillance Limited, wholly owned subsidiary."
strict,LICI,2026-01-01,Updates,"Updates: 'This is to inform that the Life Insurance Corporation of India has received orders from GST authorities for collection of GST, Interest and penalty for Telangana, Maharashtra and Delhi states'."
strict,SUPREMEINF,2025-12-10,General Updates,General Updates: Supreme Infrastructure India Limited has informed the Exchange about the Company Securing Contract Of 71.31 Crores
strict,PACEDIGITK,2026-05-18,Press Release,"Press Release: Pace Digitek Limited has informed the Exchange regarding a press release dated May 18, 2026, titled ""Press release for receipt of order""."
strict,GRSE,2024-12-06,General Updates,"General Updates: Please refer our letter No. SECY/GRSE/BD-69/29/2024 dated 18 Sep 2024, wherein we have communicated that GRSE bagged Order for Construction and delivery of Additional four (04) Multi-Purpose Vessels of 7,500 DWT each . In terms of Regulation 30 and other applicable provisions of the Securities and Exchange Board of India (Listing Obligations and Disclosure Requirements) Regulations, 2015, we wish to inform you that the Company has signed Contract for construction and delivery of"
strict,SHRADHA,2025-06-25,General Updates,"General Updates: Shradha Infraprojects Limited has informed the Exchange about General Updates regarding Receipt of Work Order for Sub-Consultancy of services by ACTIVE INFRASTRUCTURE LIMITED, Subsidiary of Shradha Infraprojects Limited from INNOVINC MANAGEMENT SERVICES PRIVATE LIMITED, for the agreed Sub-Consultancy fees of INR 10 Crores only."
strict,PACEDIGITK,2026-02-20,Press Release,"Press Release: Pace Digitek Limited has informed the Exchange regarding a press release dated February 20, 2026, titled ""Intimation of Press Release for bagging/receipt of orders""."
strict,AKASH,2025-10-01,General Updates,General Updates: Akash Infra Projects Limited has informed the Exchange about Receipt of Work Order
strict,KPIL,2024-11-13,Press Release,"Press Release: Kalpataru Projects International Limited has informed the Exchange regarding a press release dated November 13, 2024, titled ""KPIL AWARDED NEW ORDERS OF RS. 2,273 CRORES""."
strict,PROSTARM,2025-10-29,General Updates,General Updates: Prostarm Info Systems Limited has informed the Exchange about Update on litigation Intimation regarding receipt of order for drop of proceedings against the Show Cause Notice from GST Department
strict,CEMPRO,2024-12-31,Press Release,"Press Release: ITD Cementation India Limited has informed the Exchange regarding a press release dated December 31, 2024, titled ""ITD Cementation India Limited Secured New Contract Worth Rs 1,648 Crore excluding GST""."
strict,BHEL,2025-02-10,General Updates,General Updates: BHEL has received an LOI from Rajasthan Part I Power Transmission Limited (SPV under M/s Adani Energy Solutions Limited)
strict,GENSOL,2025-01-06,Press Release,"Press Release: Gensol Engineering Limited has informed the Exchange regarding a press release dated January 06, 2025, titled ""Gensol Secured an order of Rs. 1061.97 Crores.""."
moderate,VOLTAMP,2024-11-05,Updates,"Updates: Voltamp Transformers Limited has informed the Exchange regarding 'Pursuant to Regulation 30 of the SEBI (Listing Obligations and Disclosure Requirements) Regulations, 2015, wewish to inform you that the Company has received Letter of Intent from Gujarat Energy TransmissionCorporation Limited, for &#8377;263.33 Crore (exclusive of GST) for supply of various ratings of Power Transformers.'."
moderate,SYNGENE,2025-03-27,Updates,Updates: Syngene International Limited has informed the Exchange regarding 'Intimation of additional disclosure on receipt of orders from the Income Tax Department'.
moderate,VOLTAS,2025-02-12,General Updates,General Updates: Voltas Limited has informed the Exchange about receipt Order from GST Authority.
moderate,ODIGMA,2025-12-12,Updates,Updates: Odigma Consultancy Solutions Limited has informed the Exchange regarding 'receipt of the Order from the GST Authority'.
moderate,MCLOUD,2026-08-12,Press Release,"Press Release: Magellanic Cloud Limited has informed the Exchange regarding a press release dated August 12, 2026, regarding the receipt of Purchase Orders from NCR Corporation Private by IVIS International Private Limited"
moderate,IRB,2025-11-17,Updates,Updates: IRB Infrastructure Developers Limited has informed the Exchange regarding update provided by IRB Infrastructure Trust regarding receipt of LOA for TOT-17.
moderate,RCF,2025-08-12,Updates,Updates: Rashtriya Chemicals and Fertilizers Limited has informed the Exchange regarding 'Receipt of the Order from the Competition Commission of India'.
moderate,GENESYS,2025-12-05,Updates,Updates: Genesys International Corporation Limited has informed the Exchange regarding Press Release titled 'Genesys launches India's first subsurface 3D mapping and wins prestigious order'.
moderate,AJOONI,2026-02-06,General Updates,General Updates: Ajooni Biotech Limited has informed the Exchange about Securing Order Valued at &#8377;47.52 Crores
moderate,SUZLON,2025-02-12,Press Release,"Press Release: Suzlon Energy Limited has informed the Exchange regarding a press release dated February 12, 2025, titled ""Suzlon Wins Repeat Order from Oyster Renewable in Less Than 9 Months""."
moderate,MCLOUD,2026-08-06,Updates,"Updates: Magellanic Cloud Limited has informed the Exchange regarding 'Receipt of LOA from Western Railway, Ratlam Division by Provigil Surveillance Limited, wholly owned subsidiary'."
moderate,VINCOFE,2026-07-22,General Updates,General Updates: Vintage Coffee And Beverages Limited has informed the Exchange about receipt of Order for Scheme of Amalgamation
moderate,KPEL,2026-09-09,Updates,Updates: K.P. Energy Limited has informed the Exchange regarding 'Receipt of Letter of Intent (LOI) for 21 MW Wind / 21 MWp Solar Hybrid Power Project under Group Captive Arrangement'.
moderate,MCLOUD,2026-08-20,General Updates,General Updates: Magellanic Cloud Limited Receipt of Second Purchase Order by Wholly Owned Subsidiary IVIS International Pvt Ltd from Capri Global Capital Limited Strengthens BFSI Presence with Expanded Engagement
moderate,UNIDT,2026-06-05,Press Release,"Press Release: United Drilling Tools Limited has informed the Exchange regarding a press release dated Jun 05, 2026, titled ""Award of Order""."
moderate,EPACKPEB,2025-11-06,Updates,"Updates: EPack Prefab Technologies Limited has informed the Exchange regarding 'Receipt Of Material Purchase Orders Under Regulation 30 Read With Para C Of Part A Of Schedule III Of Securities And Exchange Board Of India (Listing Obligations And Disclosure Requirements) Regulations, 2015'."
moderate,TPHQ,2024-12-30,Updates,Updates: Teamo Productions HQ Limited has informed the Exchange regarding 'Media Release Teamo Productions HQ Limited (TPHQ) wins orders valued INR 120 Million from the reputed Infrastructure Development Company '.
moderate,NITCO,2025-05-01,General Updates,General Updates: Nitco Limited has informed the Exchange about Intimation of receipt of order from Prestige Estates Projects Limited
moderate,VERANDA,2026-08-24,General Updates,"General Updates: Receipt of Copy of Order of Scheme of Arrangement Obtained from the Hon'ble NCLT, Chennai Bench"
moderate,TEJASNET,2026-02-26,Press Release,"Press Release: Tejas Networks Limited has informed the Exchange regarding a press release dated February 26, 2026, titled ""Tejas Networks wins contract to supply 5G Massive MIMO Radios""."
moderate,GSPL,2026-04-13,General Updates,"General Updates: Gujarat State Petronet Limited has informed the Exchange regarding receipt of Rectification order u/s 154 of Income Tax Act, 1961"
moderate,ABCOTS,2024-12-05,Press Release,"Press Release: A B Cotspin India Limited has informed the Exchange regarding a press release dated December 05, 2024, titled ""Receipt of an order""."
moderate,PTCIL,2026-01-09,Press Release,"Press Release: PTC Industries Limited has informed the Exchange regarding a press release dated January 09, 2026, titled ""Aerolloy Technologies Wins Development and Supply Order from Blue Origin for Large Superalloy Investment Castings for New Glenn s BE-4 Engines""."
moderate,ASHOKA,2025-12-08,General Updates,General Updates: Ashoka Buildcon Limited has informed the Exchange about Receipt of Work Order for additional Scope for the existing BMC Project
moderate,COFORGE,2025-10-20,General Updates,"General Updates: Coforge Limited has informed the Exchange about Receipt of order passed by Hon ble National Company Law Tribunal, Chandigarh Bench ( NCLT ) for inter alia convening meeting of the equity shareholders, secured creditors and unsecured creditors of Coforge Limited"
moderate,LICI,2025-12-11,Updates,"Updates: 'It is to inform that the Life Insurance Corporation of India has received demand order for Goods & Service Tax, Interest and penalty for Maharashtra State.'."
moderate,LATTEYS,2024-11-25,Updates,Updates: Latteys Industries Limited has informed the Exchange regarding 'Receipt of Work Order Worth 1.87 Crore plus GST'.
moderate,PROSTARM,2025-10-29,General Updates,General Updates: Prostarm Info Systems Limited has informed the Exchange about Update on litigation Intimation regarding receipt of order for drop of proceedings against the Show Cause Notice from GST Department
moderate,SHREECEM,2026-05-13,General Updates,"General Updates: SHREE CEMENT LIMITED has informed the Exchange Company has received GST demand order from the Assistant Commissioner, Central GST & Central Excise, Pali."
moderate,ABFRL,2024-11-29,General Updates,"General Updates: Aditya Birla Fashion and Retail Limited has informed the Exchange about Receipt of Order passed by National Company Law Tribunal, Mumbai Bench ( NCLT ) regarding the Scheme of Arrangement among Aditya Birla Fashion and Retail Limited ( Demerged Company ), Aditya Birla Lifestyle Brands Limited ( Resulting Company ) and their respective shareholders and creditors."
moderate,AJOONI,2025-12-02,Updates,Updates: Ajooni Biotech Limited has informed the Exchange regarding 'Intimation regarding commencement of commercial production at newly installed manufacturing facilities and receipt of new orders of Rs. 27 Crores'.
moderate,GLOBECIVIL,2026-03-02,Press Release,"Press Release: Globe Civil Projects Limited has informed the Exchange regarding a press release dated February 27, 2026, titled ""Pursuant to Regulation 30 of the SEBI (Listing Obligations and Disclosure Requirements) Regulations, 2015, we hereby enclose a copy of the Press Release dated February 27, 2026. The Press Release announces that Globe Civil Projects Limited has been identified as the lowest bidder (L1) in relation to the receipt of an order from Indian Institute of Technology, New Delhi"
moderate,WCIL,2025-01-31,Press Release,"Press Release: Western Carriers (India) Limited has informed the Exchange regarding a press release dated January 30, 2025, titled ""Press Release on receipt of the work order by the Company under Regulation 30 of SEBI(Listing Obligations and Disclosure Requirements) Regulations, 2015""."
moderate,MASTEK,2025-06-17,Press Release,"Press Release: Mastek Limited has informed the Exchange regarding a press release dated Jun 16, 2025, titled ""Mastek Awarded NHS England Contract for Board and SIRO Cybersecurity Training""."
moderate,FUSION,2026-06-03,General Updates,"General Updates: The Company is in receipt of an order passed by the Income Tax Appellate Tribunal, (ITAT) New Delhi for dismissal of the appeal filed by the Income Tax Officer (ITO) under the Income Tax Act, 1961."
moderate,ATLANTAELE,2026-08-19,Press Release,"Press Release: Atlanta Electricals Limited has informed the Exchange regarding a press release dated August 18, 2026, titled ""Press Releasse on Receipt of Letter of Intent""."
moderate,GRSE,2024-12-06,General Updates,"General Updates: Please refer our letter No. SECY/GRSE/BD-69/29/2024 dated 18 Sep 2024, wherein we have communicated that GRSE bagged Order for Construction and delivery of Additional four (04) Multi-Purpose Vessels of 7,500 DWT each . In terms of Regulation 30 and other applicable provisions of the Securities and Exchange Board of India (Listing Obligations and Disclosure Requirements) Regulations, 2015, we wish to inform you that the Company has signed Contract for construction and delivery of"
moderate,VPRPL,2025-02-06,Press Release,"Press Release: Vishnu Prakash R Punglia Limited has informed the Exchange regarding a press release dated February 05, 2025, titled ""VPRPL Awarded Contract by Bharat Heavy Electricals Limited""."
moderate,SHREECEM,2026-02-25,General Updates,"General Updates: SHREE CEMENT LIMITED has informed the Exchange about receipt of GST demand order from the Joint Commissioner, Central Tax & Central Excise, Belagavi"
moderate,AKASH,2025-12-18,General Updates,General Updates: Akash Infra Projects Limited has informed the Exchange about Receipt of Work Order
moderate,NMDC,2026-03-19,General Updates,"General Updates: NMDC Limited has informed the Exchange about General Updates - Intimation of the receipt of order issued by Ministry of Steel, Government of India in respect of appointment of Shri Anurag Kapil as Director (Finance) on the Board of the Company."
moderate,KPIL,2025-03-07,Press Release,"Press Release: Kalpataru Projects International Limited has informed the Exchange regarding a press release dated March 06, 2025, titled ""KPIL AWARDED NEW ORDERS OF RS. 2,306 CRORES""."
moderate,DOLLAR,2025-06-19,General Updates,"General Updates: Dollar Industries Limited has informed the Exchange about General Updates, Disclosure under Regulation 30 of the SEBI (Listing Obligations and Disclosure Requirements) Regulations, 2015 ( Listing Regulations )- receipt of demand order by the Company from office of the GST and Central Excise Department"
moderate,ADANIPOWER,2025-08-07,General Updates,General Updates: Adani Power Limited has informed the Exchange about Receipt of Letter of Intent for 2400 MW Thermal Power Project.
moderate,WAAREEENER,2025-08-26,Updates,"Updates: Waaree Energies Limited has informed the Exchange regarding 'Receipt of order on August 26, 2025'."
moderate,MANYAVAR,2025-02-10,Updates,"Updates: Vedant Fashions Limited has informed the Exchange regarding 'receipt of an Order-in-Original dated February 02, 2025 (received on February 07, 2025) from the Office of the Assistant Commissioner, CGST and Central Excise, Chowringhee Division, Kolkata North Commissionerate, GST Bhawan, Kolkata, under the CGST Act 2017, vide the enclosed letter.'"
moderate,SOLARA,2026-08-28,Updates,Updates: SOLARA: Solara Active Pharma Sciences Limited has informed the Exchange regarding Intimation in connection with the receipt of Rectification Order.
moderate,SHREECEM,2025-02-25,Updates,Updates: SHREE CEMENT LIMITED has informed the Exchange regarding 'Receipt of Demand Order'.
moderate,KALPATARU,2025-12-30,General Updates,"General Updates: Kalpataru Limited has informed the Exchange about receipt of an Order passed by the Joint Commissioner, Office of the Commissioner of CGST, Mumbai"
moderate,KPEL,2026-03-27,Updates,Updates: K.P. Energy Limited has informed the Exchange regarding 'Receipt of Letter of Award (LoA) for Development of a Wind-Solar Hybrid Power Project in Gujarat Aggregating to 91.4 MW'.
moderate,SHREECEM,2025-10-01,Updates,Updates: SHREE CEMENT LIMITED has informed the Exchange regarding 'Receipt Of Order From West Bengal Pollution Control Board'.
moderate,BGRENERGY,2026-05-12,General Updates,General Updates: BGR Energy Systems Limited has informed the Exchange about that the company has received GST Order under Section 74 of CGST Act 2017
moderate,TEMBO,2025-11-21,Press Release,"Press Release: Tembo Global Industries Limited has informed the Exchange regarding a press release dated November 20, 2025, titled ""Tembo Global Industries Limited has informed the Exchange regarding a press release titled ""Press Release Tembo Global Industries Limited on Bagging of Order"". ""."
moderate,UNICHEMLAB,2026-02-09,Updates,Updates: Unichem Laboratories Limited has informed the Exchange regarding 'Received an order from Deputy Commissioner of State Tax'.
moderate,MCLOUD,2026-08-06,Press Release,"Press Release: Magellanic Cloud Limited has informed the Exchange regarding a press release dated August 06, 2026, pertaining to the Receipt of LOA from Western Railway, Ratlam Division by Provigil Surveillance Limited, wholly owned subsidiary."
moderate,KPIGREEN,2026-09-01,General Updates,General Updates: KPI Green Energy Limited has informed the Exchange about Receipt of Letter of Intent (LOI) for 33.6 /76.6 MW DC Wind-Solar Hybrid Power Project under Group Captive Arrangement. The Disclosure is attached herewith.
moderate,JSWENERGY,2026-06-04,General Updates,"General Updates: JSW Energy Limited has informed the Exchange about the receipt of Order of the Hon ble National Company Law Tribunal, Mumbai Bench ( Hon ble Tribunal ) for holding meetings of the Equity Shareholders and Unsecured Creditors of the Company"
moderate,SHREECEM,2026-01-01,General Updates,General Updates: SHREE CEMENT LIMITED has informed the Exchange about receipt of GST demand orders
moderate,SERVOTECH,2025-04-24,Press Release,"Press Release: Servotech Renewable Power System Limited has informed the Exchange regarding a press release dated April 23, 2025, titled ""Company has secured a prestigious order aggregating to INR 15.89 Crores from Waltair Division, East Coast Railway, for on&#8208;grid rooftop solar project""."
moderate,VPRPL,2025-01-02,Press Release,"Press Release: Vishnu Prakash R Punglia Limited has informed the Exchange regarding a press release dated January 01, 2025, titled ""VPRPL received Letter of Intent for Elevation Works of Academic Blocks of Fintech Digital Institute, Jodhpur""."
moderate,ASIANENE,2026-09-08,General Updates,"General Updates: Asian Energy Services Limited has informed the Exchange about Receipt of Letter of Intent by Oilmax Energy Private Limited (""OEPL""- Holding/Amalgamating Company) for the Pakro Vanadium and Graphite Block."
moderate,PACEDIGITK,2026-05-21,Press Release,"Press Release: Pace Digitek Limited has informed the Exchange regarding a press release dated May 20, 2026, titled ""Intimation of Press Release for bagging/receipt of orders""."
moderate,SOUTHWEST,2024-12-20,Press Release,"Press Release: South West Pinnacle Exploration Limited has informed the Exchange regarding a press release dated December 19, 2024, titled ""Company wins Letter of Award for Imparting services of Passive Seismic Tomography (PST) from Oil India Limited Aggregate value of Rs. 60 Crores""."
moderate,REFEX,2025-03-31,Updates,"Updates: 'Intimation under Regulation 30 of SEBI (Listing Obligations and Disclosure requirements) Regulations 2015 - the Company has received the order, issued by Additional Commissioner GST and Central Excise Bhopal for the FY 2018-19 to 2020-21 for a Tax Demand'."
moderate,GENSOL,2025-01-06,Press Release,"Press Release: Gensol Engineering Limited has informed the Exchange regarding a press release dated January 06, 2025, titled ""Gensol Secured an order of Rs. 1061.97 Crores.""."
moderate,GUJENERGY,2025-09-11,General Updates,"General Updates: Gujarat Gas Limited has informed the Exchange about General Updates - Receipt of Order of the Hon'ble Ministry of Corporate Affairs, New Delhi in relation to Composite Scheme of Amalgamation and Arrangement."
moderate,DBL,2026-07-07,Updates,"Updates: Dilip Buildcon Limited has informed the Exchange regarding 'Dilip Buildcon Limited has received letter of award (LOA) for Construction of Diversion Road from 4/700 km to 11/500 km of Duduka-Gopalpur-Toparia Road (6 Lane with Service Road) in the District of Sundargarh on EPC Mode, order worth Rs. 160.20 Crores.'."
moderate,DENTA,2025-07-23,Updates,Updates: Denta Water and Infra Solutions Limited has informed the Exchange regarding 'Company has bagged new orders to execute 7 projects as on date and amounting to Rs.1830.06 Millions '.
moderate,AKASH,2025-09-05,General Updates,General Updates: Akash Infra Projects Limited has informed the Exchange about Receipt of Work Order
moderate,AXISCADES,2026-02-23,Press Release,"Press Release: AXISCADES Technologies Limited has informed the Exchange regarding a press release dated February 23, 2026, titled ""AXISCADES continues to win more production order for supplying Avionics hardware for LCA Mk1A Program""."
moderate,MARKOLINES,2026-03-05,Press Release,"Press Release: Markolines Pavement Technologies Limited has informed the Exchange regarding a press release dated March 05, 2026, titled ""Disclosure of receipt of various Work Orders by the Company""."
moderate,DIACABS,2024-10-09,General Updates,General Updates: Diamond Power Infrastructure Limited has informed the Exchange regarding the receipt of letter of intent
moderate,ATLANTAELE,2026-06-04,Press Release,"Press Release: Atlanta Electricals Limited has informed the Exchange regarding a press release dated Jun 03, 2026, titled ""Press Release on receipt of order""."
moderate,SUZLON,2026-03-24,Press Release,"Press Release: Suzlon Energy Limited has informed the Exchange regarding a press release dated March 24, 2026, titled ""Suzlon wins its sixth repeat order of 100 MW from GAIL""."
moderate,UNIDT,2025-06-16,Press Release,"Press Release: United Drilling Tools Limited has informed the Exchange regarding a press release dated Jun 16, 2025, titled ""Award of Order""."
moderate,HGINFRA,2026-04-14,Updates,Updates: H.G. Infra Engineering Limited has informed the Exchange regarding 'H.G. Infra Engineering Limited has received an Order from Mirzapur Thermal Energy (UP) Private Limited'.
moderate,SHREECEM,2025-12-29,General Updates,"General Updates: SHREE CEMENT LIMITED has informed the Exchange regarding receipt of demand order from Excise & Taxation Officer, State Mohali, Ropar, Punjab"
moderate,NIPPOBATRY,2025-08-07,Updates,"Updates: Indo-National Limited has informed the Exchange regarding 'receipt of order and fixation of date of hearing by the Honorable National Company Law Tribunal, Special Bench, Court-II, Chennai'."
moderate,DEVIT,2025-02-17,Press Release,"Press Release: Dev Information Technology Limited has informed the Exchange regarding a press release dated February 17, 2025, titled ""DEV IT Wins GEDA Contract; Strengthening Foothold in the Government Sector ""."
moderate,ASTRAMICRO,2025-11-03,General Updates,"General Updates: Disclosure of Information under Regulation 30 of SEBI (LODR) Regulations, 2015. Receipt of order by Astra Rafael Comsys Private Limited, Joint Venture Company"
moderate,CEMPRO,2025-06-20,Press Release,"Press Release: ITD Cementation India Limited has informed the Exchange regarding a press release dated Jun 19, 2025, titled ""ITD Cementation India Limited Secured two new Contracts worth Rs 960 Crore excluding GST""."
moderate,TEMBO,2024-12-04,Press Release,"Press Release: Tembo Global Industries Limited has informed the Exchange regarding a press release dated December 04, 2024, titled ""Press Release Tembo Global Industries Limited on Bagging of Order""."
moderate,GRSE,2025-06-11,Press Release,"Press Release: Please refer our letter No. SECY/GRSE/BD-69/CA/04/25-26 dated 09 Apr 2025, wherein we have communicated about the Receipt of Letter of Award for Construction and Delivery of Two Coastal Research Vessels for the Geological Survey of India. In terms of Regulation 30 and other applicable provisions of the Securities and Exchange Board of India (Listing Obligations and Disclosure Requirements) Regulations, 2015, we wish to inform you that the Company has signed the Contract for Constr"
moderate,SHREECEM,2025-02-24,Updates,Updates: SHREE CEMENT LIMITED has informed the Exchange regarding 'Receipt of Demand Order'.
moderate,CEMPRO,2024-10-03,Press Release,"Press Release: ITD Cementation India Limited has informed the Exchange regarding a press release dated October 03, 2024, titled ""ITD Cementation India Limited Secured New Contract Worth approx RS 1,937 Crore including taxes and duties""."
moderate,WELCORP,2025-03-17,General Updates,General Updates: Welspun Corp Limited has informed the Exchange about General Updates - Receipt of new Orders in the USA
moderate,WAAREEENER,2024-12-09,General Updates,General Updates: Waaree Energies Limited has informed the Exchange about General Updates Receipt of Order
moderate,HPL,2025-03-13,Updates,Updates: HPL Electric & Power Limited has informed the Exchange regarding 'Intimation Of Bagging Of Orders'.
moderate,CEMPRO,2025-05-14,Press Release,"Press Release: ITD Cementation India Limited has informed the Exchange regarding a press release dated May 13, 2025, titled ""ITD Cementation India Limited secured New Contract Worth ~ Rs 593 Crore including all taxes and duties but excluding GST""."
moderate,VIVIANA,2024-11-11,Updates,"Updates: Viviana Power Tech Limited has informed the Exchange regarding 'Intimation of receiving the new turnkey contract for an amount of Rs.32,34,39,129.00from M/s. Madhya Gujarat Vij Company Limited under the SI Scheme.'."
moderate,VARROC,2026-02-04,Press Release,"Press Release: Varroc Engineering Limited has informed the Exchange regarding a press release dated February 03, 2026, titled ""Varroc Engineering Wins Strategic Contract for AC-Bi-Directional Wall Charger with Leading Global Electric Vehicle OEM""."
moderate,CGPOWER,2024-11-27,Press Release,"Press Release: CG Power and Industrial Solutions Limited has informed the Exchange regarding a press release dated November 27, 2024, titled ""G.G.Tronics India Private Limited, a subsidiary of CG Power andIndustrial Solutions Limited, wins a prestigious KAVACH orderfrom Chittaranjan Locomotive Works, Government of India""."
moderate,TOTAL,2026-03-20,Updates,Updates: Total Transport Systems Limited has informed the Exchange regarding 'Receipt of Order from GSTAuthorities'.
moderate,PACEDIGITK,2026-05-18,Press Release,"Press Release: Pace Digitek Limited has informed the Exchange regarding a press release dated May 18, 2026, titled ""Press release for receipt of order""."
moderate,UNIDT,2025-07-07,Press Release,"Press Release: United Drilling Tools Limited has informed the Exchange regarding a press release dated July 07, 2025, titled ""Award of Order""."
moderate,REFEX,2025-12-22,General Updates,"General Updates: Disclosure under Regulation 30 of SEBI (LODR) Regulations 2015 - The Company received order from Deputy Commissioner State Tax, Jodhpur, Rajasthan for FY 2018-19 for Tax, Internet and Penalty."
moderate,FOCUS,2025-10-06,General Updates,General Updates: Focus Lighting and Fixtures Limited has informed the Exchange that it has received a Letter of Intent (LoI) for a potential order.
moderate,AXISCADES,2026-02-09,Press Release,"Press Release: AXISCADES Technologies Limited has informed the Exchange regarding a press release dated February 09, 2026, titled ""AXISCADES wins large production order for supplying avionics hardware for LCA Mk1A Program scaling up the indigenisation""."
moderate,VPRPL,2025-03-03,Updates,Updates: Vishnu Prakash R Punglia Limited has informed the Exchange regarding 'VPRPL-SBEL JV awarded contract'.
moderate,FORTIS,2025-12-31,General Updates,General Updates: Fortis Healthcare Limited has informed the Exchange about receipt of GST orders as per attached disclosure.
moderate,BHEL,2025-02-10,General Updates,General Updates: BHEL has received an LOI from Rajasthan Part I Power Transmission Limited (SPV under M/s Adani Energy Solutions Limited)
moderate,ACLGATI,2025-05-12,General Updates,"General Updates: Intimation Under Regulation 30 Of Securities And Exchange Board Of India (Listing Obligations And Disclosure Requirements) Regulations, 2015 (The 'Listing Regulations') Regarding Receipt Of Petition Admission Order From Hon'Ble National Company Law Tribunal, Mumbai Bench ('NCLT')"
moderate,ROSSTECH,2026-05-07,Updates,Updates: Rossell Techsys Limited has informed the Exchange regarding 'Receipt of order'.
moderate,EIMCOELECO,2024-12-04,Updates,Updates: Eimco Elecon (India) Limited has informed the Exchange regarding 'Update on Awarded / bagged orders/contracts'.
moderate,ABCOTS,2025-05-12,Press Release,"Press Release: A B Cotspin India Limited has informed the Exchange regarding a press release dated May 12, 2025, titled "" ""Receipt of an order""""."
moderate,MAXIND,2025-12-17,General Updates,General Updates: Max India Limited has informed the Exchange about receipt of RD Order for Change in Registered Office
moderate,GSPL,2026-03-24,General Updates,General Updates: Gujarat State Petronet Limited has informed the Exchange about disclosure under Regulation 30 of SEBI Listing Regulations regarding receipt of Income Tax Order
moderate,ABCOTS,2025-03-27,Press Release,"Press Release: A B Cotspin India Limited has informed the Exchange regarding a press release dated March 27, 2025, titled ""Receipt of an Order""."
moderate,PACEDIGITK,2026-01-15,Press Release,"Press Release: Pace Digitek Limited has informed the Exchange regarding a press release dated January 14, 2026, titled ""Intimation of Press Release for bagging/receipt of orders.""."
moderate,ATLANTAELE,2026-01-30,Press Release,"Press Release: Atlanta Electricals Limited has informed the Exchange regarding a press release dated January 29, 2026, titled ""Media Release on Receipt of Orders from Karnataka Power Transmission Corporation Limited (KPTCL) and Datta Power Infra Private Limited aggregating to &#8377; 288.00 crores ""."
moderate,VITAL,2026-06-11,General Updates,"General Updates: Vital Chemtech Limited has informed the Exchange about our subsidiary Company Vital Synthesis Limited has received Final Consent Order from Gujarat Pollution Control Board, Which provides Consolidated consent and authorization (CC&A) for the Manufacturing of the items/Products as mentioned in the order."
moderate,KOTYARK,2025-04-17,Updates,"Updates: Kotyark Industries Limited has informed the Exchange regarding 'Intimation under Regulation 30 of the SEBI (Listing Obligations and Disclosure Requirements) Regulations, 2015 - Receipt of Letter of Intent for Biodiesel Supply'."
moderate,KPIL,2024-10-01,Press Release,"Press Release: Kalpataru Projects International Limited has informed the Exchange regarding a press release dated September 30, 2024, titled ""KPIL AWARDED NEW ORDERS OF RS. 1,241 CRORES""."
moderate,SGIL,2025-07-09,Updates,Updates: Synergy Green Industries Limited has informed the Exchange regarding 'Receipt of development order for 3.3 MW Parts to Adani Wind'.
moderate,GLOBECIVIL,2025-09-22,Press Release,"Press Release: Globe Civil Projects Limited has informed the Exchange regarding a press release dated September 19, 2025, titled ""PRESS RELEASE DATED SEPTEMBER 19, 2025 FOR RECEIPT OF AN ORDER FROM TELECOMMUNICATIONS CONSULTANTS INDIA LIMITED (TCIL).""."
moderate,ASTERDM,2026-01-22,General Updates,"General Updates: Aster DM Healthcare Limited has informed the Exchange about receipt of NCLT Order dated January 21, 2026"
moderate,ALLCARGO,2025-05-12,General Updates,"General Updates: Intimation under Regulation 30 of Securities and Exchange Board of India (ListingObligations and Disclosure Requirements) Regulations, 2015 (the Listing Regulations )regarding receipt of petition admission order from Hon ble National Company Law Tribunal,Mumbai Bench ( NCLT )"
moderate,MANYAVAR,2025-12-29,General Updates,"General Updates: Vedant Fashions Limited has informed the Exchange regarding receipt of an Order-In-Original dated December 26, 2025 from the Office of the Assistant Commissioner, State Tax, Raipur-8, Raipur Division-2, Chattisgarh, under the CGST Act 2017, vide the enclosed letter."
moderate,MCLOUD,2025-06-26,General Updates,General Updates: Magellanic Cloud Limited has informed the Exchange about Receipt of order for E-surveillance System.
moderate,ADANIPOWER,2025-09-11,General Updates,"General Updates: Adani Power Limited has informed the Exchange about Receipt of Letter of Award for supply of additional power from a new 800 MW Thermal Power Project, under Greenshoe Option , whereby total awarded capacity increased to 1600 MW"
