D,symbol,action,weight,ticker,rank,sector,sector_source,composite
2019-02-15,NTPC,buy,0.1,NTPC,1.0,Power,backfill,0.7228731620919626
2019-02-15,POWERGRID,buy,0.1,POWERGRID,2.0,Power,backfill,0.684094903994364
2019-02-15,ITC,buy,0.1,ITC,3.0,Cigarettes,backfill,0.6827796290632546
2019-02-15,RATNAMANI,buy,0.1,RATNAMANI,4.0,Steel And Steel Products,backfill,0.6774327564930668
2019-02-15,SKFINDIA,buy,0.1,SKFINDIA,5.0,Bearings,backfill,0.6701769778195711
2019-02-15,COLPAL,buy,0.1,COLPAL,6.0,Personal Care,backfill,0.6651479303896373
2019-02-15,LT,buy,0.1,LT,7.0,Engineering,backfill,0.6576592016749822
2019-02-15,BRITANNIA,buy,0.1,BRITANNIA,8.0,Food And Food Processing,backfill,0.6560535361327814
2019-02-15,AARTIIND,buy,0.1,AARTIIND,9.0,Chemicals - Speciality,backfill,0.6496063000512781
2019-02-15,MGL,buy,0.1,MGL,10.0,,none,0.6494629572992129
2019-06-03,MGL,keep,0.1,MGL,2.0,,none,0.7615893224598086
2019-06-03,POWERGRID,keep,0.1,POWERGRID,3.0,Power,backfill,0.7285731850483743
2019-06-03,ITC,keep,0.1,ITC,4.0,Cigarettes,backfill,0.7220439545125392
2019-06-03,NTPC,keep,0.1,NTPC,7.0,Power,backfill,0.698985094327474
2019-06-03,MAHSEAMLES,buy,0.1,MAHSEAMLES,1.0,Steel And Steel Products,backfill,0.7981327182135949
2019-06-03,PIIND,buy,0.1,PIIND,5.0,Pesticides And Agrochemicals,backfill,0.7008576902756574
2019-06-03,TRIDENT,buy,0.1,TRIDENT,6.0,Textile Products,backfill,0.6992236847559852
2019-06-03,TATASTEEL,buy,0.1,TATASTEEL,8.0,Steel And Steel Products,backfill,0.6980353808512009
2019-06-03,RELIANCE,buy,0.1,RELIANCE,9.0,Refineries,backfill,0.6973367780567897
2019-06-03,JBCHEPHARM,buy,0.1,JBCHEPHARM,10.0,Pharmaceuticals,backfill,0.6969057642558454
2019-06-03,COLPAL,sell,0.0,COLPAL,92.0,Personal Care,backfill,0.6007456915598762
2019-06-03,AARTIIND,sell,0.0,AARTIIND,60.0,Chemicals - Speciality,backfill,0.6247488893181379
2019-06-03,SKFINDIA,sell,0.0,SKFINDIA,28.0,Bearings,backfill,0.6594490603415353
2019-06-03,LT,sell,0.0,LT,101.0,Engineering,backfill,0.5966122483270313
2019-06-03,BRITANNIA,sell,0.0,BRITANNIA,86.0,Food And Food Processing,backfill,0.603217193540449
2019-06-03,RATNAMANI,sell,0.0,RATNAMANI,38.0,Steel And Steel Products,backfill,0.6509746635760736
2019-08-16,POWERGRID,keep,0.1,POWERGRID,2.0,Power,backfill,0.7142405229582452
2019-08-16,NTPC,keep,0.1,NTPC,5.0,Power,backfill,0.7000404620025013
2019-08-16,PIIND,keep,0.1,PIIND,7.0,Pesticides And Agrochemicals,backfill,0.6950883332807853
2019-08-16,JBCHEPHARM,keep,0.1,JBCHEPHARM,8.0,Pharmaceuticals,backfill,0.6935513026662884
2019-08-16,MGL,keep,0.1,MGL,11.0,,none,0.6892786202982627
2019-08-16,NMDC,buy,0.1,NMDC,1.0,Mining,backfill,0.7183718510577923
2019-08-16,PSPPROJECT,buy,0.1,PSPPROJECT,3.0,,none,0.7095942239177728
2019-08-16,KNRCON,buy,0.1,KNRCON,4.0,Construction,backfill,0.7049652657355151
2019-08-16,NHPC,buy,0.1,NHPC,6.0,Power,backfill,0.6956826517850574
2019-08-16,GSPL,buy,0.1,GSPL,9.0,Gas,backfill,0.6914703996805078
2019-08-16,TATASTEEL,sell,0.0,TATASTEEL,134.0,Steel And Steel Products,backfill,0.5742693192924929
2019-08-16,TRIDENT,sell,0.0,,,,,
2019-08-16,RELIANCE,sell,0.0,RELIANCE,30.0,Refineries,backfill,0.6628416937289151
2019-08-16,MAHSEAMLES,sell,0.0,MAHSEAMLES,21.0,Steel And Steel Products,backfill,0.6725436411598407
2019-08-16,ITC,sell,0.0,ITC,32.0,Cigarettes,backfill,0.6577587203497599
2019-11-15,PSPPROJECT,keep,0.1,PSPPROJECT,1.0,,none,0.77879858412258
2019-11-15,MGL,keep,0.1,MGL,6.0,,none,0.7208446646165494
2019-11-15,POWERGRID,keep,0.1,POWERGRID,9.0,Power,backfill,0.7098130125943204
2019-11-15,KNRCON,keep,0.1,KNRCON,10.0,Construction,backfill,0.7072249735068965
2019-11-15,PIIND,keep,0.1,PIIND,11.0,Pesticides And Agrochemicals,backfill,0.7055824357570406
2019-11-15,ADANIENSOL,buy,0.1,ADANITRANS,2.0,,none,0.7419091084624363
2019-11-15,DRREDDY,buy,0.1,DRREDDY,3.0,Pharmaceuticals,backfill,0.7287252319381512
2019-11-15,IGL,buy,0.1,IGL,4.0,Gas,backfill,0.7258182356442391
2019-11-15,TORNTPOWER,buy,0.1,TORNTPOWER,5.0,Power,backfill,0.7208738009639089
2019-11-15,GUJENERGY,buy,0.1,GUJGASLTD,7.0,,none,0.7117234192794916
2019-11-15,NTPC,sell,0.0,,,,,
2019-11-15,JBCHEPHARM,sell,0.0,JBCHEPHARM,21.0,Pharmaceuticals,backfill,0.6793658935914941
2019-11-15,GSPL,sell,0.0,GSPL,23.0,Gas,backfill,0.6732172316622139
2019-11-15,NHPC,sell,0.0,NHPC,31.0,Power,backfill,0.6601002162086835
2019-11-15,NMDC,sell,0.0,NMDC,207.0,Mining,backfill,0.5177074461133568
2020-02-17,PSPPROJECT,keep,0.1,PSPPROJECT,1.0,,none,0.7681594113910577
2020-02-17,POWERGRID,keep,0.1,POWERGRID,8.0,Power,backfill,0.6985021778498995
2020-02-17,IGL,keep,0.1,IGL,9.0,Gas,backfill,0.6963771085786081
2020-02-17,TORNTPOWER,keep,0.1,TORNTPOWER,12.0,Power,backfill,0.6915697319973528
2020-02-17,PIIND,keep,0.1,PIIND,17.0,Pesticides And Agrochemicals,backfill,0.6806148119307158
2020-02-17,ADANIENSOL,keep,0.1,ADANITRANS,19.0,,none,0.6734739425279608
2020-02-17,HCLTECH,buy,0.1,HCLTECH,2.0,Computers - Software,backfill,0.728355315926045
2020-02-17,COCHINSHIP,buy,0.1,COCHINSHIP,3.0,,none,0.7210812470787061
2020-02-17,GSPL,buy,0.1,GSPL,4.0,Gas,backfill,0.7118893502693371
2020-02-17,INDRAMEDCO,buy,0.1,INDRAMEDCO,5.0,Miscellaneous,backfill,0.7117233859371026
2020-02-17,MGL,sell,0.0,MGL,48.0,,none,0.641934946008139
2020-02-17,KNRCON,sell,0.0,KNRCON,56.0,Construction,backfill,0.6366159711145561
2020-02-17,GUJENERGY,sell,0.0,GUJGASLTD,40.0,,none,0.6493112113679709
2020-02-17,DRREDDY,sell,0.0,DRREDDY,275.0,Pharmaceuticals,backfill,0.47608329792214965
2020-06-01,TORNTPOWER,keep,0.1,TORNTPOWER,1.0,Power,backfill,0.7690494622614799
2020-06-01,POWERGRID,keep,0.1,POWERGRID,2.0,Power,backfill,0.7304998378935849
2020-06-01,IGL,keep,0.1,IGL,4.0,Gas,backfill,0.7075796558649514
2020-06-01,PSPPROJECT,keep,0.1,PSPPROJECT,5.0,,none,0.7056605359634183
2020-06-01,GSPL,keep,0.1,GSPL,7.0,Gas,backfill,0.7030230572536386
2020-06-01,PIIND,keep,0.1,PIIND,17.0,Pesticides And Agrochemicals,backfill,0.678209186225796
2020-06-01,SANOFI,buy,0.1,SANOFI,3.0,Pharmaceuticals,backfill,0.7120240562986044
2020-06-01,ALKEM,buy,0.1,ALKEM,6.0,,none,0.7053328609508386
2020-06-01,COROMANDEL,buy,0.1,COROMANDEL,8.0,Fertilisers,backfill,0.7000269712800246
2020-06-01,MPHASIS,buy,0.1,MPHASIS,9.0,Computers - Software,backfill,0.6970528833670017
2020-06-01,INDRAMEDCO,sell,0.0,INDRAMEDCO,32.0,Miscellaneous,backfill,0.6582884423260584
2020-06-01,ADANIENSOL,sell,0.0,,,,,
2020-06-01,COCHINSHIP,sell,0.0,COCHINSHIP,54.0,,none,0.63853445531511
2020-06-01,HCLTECH,sell,0.0,HCLTECH,34.0,Computers - Software,backfill,0.6550733879947362
2020-08-17,COROMANDEL,keep,0.1,COROMANDEL,1.0,Fertilisers,backfill,0.7895959351824438
2020-08-17,TORNTPOWER,keep,0.1,TORNTPOWER,4.0,Power,backfill,0.736714267877232
2020-08-17,PIIND,keep,0.1,PIIND,9.0,Pesticides And Agrochemicals,backfill,0.726789911095257
2020-08-17,POWERGRID,keep,0.1,POWERGRID,15.0,Power,backfill,0.7049424684336317
2020-08-17,ALKEM,keep,0.1,ALKEM,17.0,,none,0.7039561681059482
2020-08-17,HCLTECH,buy,0.1,HCLTECH,2.0,Computers - Software,backfill,0.7429242300232437
2020-08-17,POLYPLEX,buy,0.1,POLYPLEX,3.0,Packaging,backfill,0.7394969708150939
2020-08-17,CHAMBLFERT,buy,0.1,CHAMBLFERT,5.0,Fertilisers,backfill,0.7366426708283438
2020-08-17,ZYDUSLIFE,buy,0.1,CADILAHC,6.0,,none,0.7343018213472101
2020-08-17,LTM,buy,0.1,LTI,7.0,,none,0.7318176171927993
2020-08-17,SANOFI,sell,0.0,SANOFI,22.0,Pharmaceuticals,backfill,0.6950843089638332
2020-08-17,GSPL,sell,0.0,GSPL,95.0,Gas,backfill,0.614624409059061
2020-08-17,PSPPROJECT,sell,0.0,PSPPROJECT,408.0,,none,0.45278289157858637
2020-08-17,IGL,sell,0.0,IGL,51.0,Gas,backfill,0.6568262842785517
2020-08-17,MPHASIS,sell,0.0,MPHASIS,31.0,Computers - Software,backfill,0.6828526156917777
2020-11-17,ZYDUSLIFE,keep,0.1,CADILAHC,3.0,,none,0.7316981525665528
2020-11-17,PIIND,keep,0.1,PIIND,11.0,Pesticides And Agrochemicals,backfill,0.704299513385702
2020-11-17,HCLTECH,keep,0.1,HCLTECH,13.0,Computers - Software,backfill,0.7035108030693402
2020-11-17,LTM,keep,0.1,LTI,20.0,,none,0.6920946323609939
2020-11-17,UFLEX,buy,0.1,UFLEX,1.0,Packaging,backfill,0.7824590463693946
2020-11-17,JKCEMENT,buy,0.1,JKCEMENT,2.0,Cement And Cement Products,backfill,0.7455317034141925
2020-11-17,EVEREADY,buy,0.1,EVEREADY,4.0,Electrical Equipment,backfill,0.7310840138486971
2020-11-17,KELLTONTEC,buy,0.1,KELLTONTEC,5.0,,none,0.7254584458624537
2020-11-17,JINDALPOLY,buy,0.1,JINDALPOLY,6.0,Packaging,backfill,0.7198572612882066
2020-11-17,INDSWFTLAB,buy,0.1,INDSWFTLAB,7.0,Pharmaceuticals,backfill,0.7132675335159787
2020-11-17,ALKEM,sell,0.0,ALKEM,66.0,,none,0.6417508229623172
2020-11-17,COROMANDEL,sell,0.0,COROMANDEL,49.0,Fertilisers,backfill,0.6563659409846877
2020-11-17,POWERGRID,sell,0.0,POWERGRID,26.0,Power,backfill,0.6839251234913601
2020-11-17,POLYPLEX,sell,0.0,POLYPLEX,64.0,Packaging,backfill,0.6440534371154765
2020-11-17,CHAMBLFERT,sell,0.0,CHAMBLFERT,23.0,Fertilisers,backfill,0.6847516759176486
2020-11-17,TORNTPOWER,sell,0.0,TORNTPOWER,131.0,Power,backfill,0.5992778934071402
2021-02-15,UFLEX,keep,0.1,UFLEX,1.0,Packaging,backfill,0.7472988810112602
2021-02-15,INDSWFTLAB,keep,0.1,INDSWFTLAB,3.0,Pharmaceuticals,backfill,0.7171500753851064
2021-02-15,EVEREADY,keep,0.1,EVEREADY,6.0,Electrical Equipment,backfill,0.7098734174736916
2021-02-15,JINDALPOLY,keep,0.1,JINDALPOLY,11.0,Packaging,backfill,0.6930167474760607
2021-02-15,HCLTECH,keep,0.1,HCLTECH,12.0,Computers - Software,backfill,0.692181859020122
2021-02-15,JKCEMENT,keep,0.1,JKCEMENT,15.0,Cement And Cement Products,backfill,0.6829961433266873
2021-02-15,GPIL,buy,0.1,GPIL,2.0,Steel And Steel Products,backfill,0.7387878663442073
2021-02-15,STEELXIND,buy,0.1,STEELXIND,4.0,,none,0.7163024018015361
2021-02-15,KNRCON,buy,0.1,KNRCON,5.0,Construction,backfill,0.7151203690744883
2021-02-15,TATASTLBSL,buy,0.1,TATASTLBSL,7.0,,none,0.7059662274435035
2021-02-15,ZYDUSLIFE,sell,0.0,CADILAHC,21.0,,none,0.6746667559824392
2021-02-15,LTM,sell,0.0,LTI,41.0,,none,0.6540585445190119
2021-02-15,KELLTONTEC,sell,0.0,KELLTONTEC,141.0,,none,0.5966779275406457
2021-02-15,PIIND,sell,0.0,PIIND,30.0,Pesticides And Agrochemicals,backfill,0.6649048838191097
2021-06-01,TATASTLBSL,keep,0.1,TATASTLBSL,1.0,,none,0.7359014855443415
2021-06-01,GPIL,keep,0.1,GPIL,2.0,Steel And Steel Products,backfill,0.7319337967863417
2021-06-01,UFLEX,keep,0.1,UFLEX,12.0,Packaging,backfill,0.6803477667410733
2021-06-01,VEDL,buy,0.1,VEDL,3.0,,none,0.7285553648070247
2021-06-01,JSWSTEEL,buy,0.1,JSWSTEEL,4.0,Steel And Steel Products,backfill,0.7274396010154691
2021-06-01,TATASTEEL,buy,0.1,TATASTEEL,5.0,Steel And Steel Products,backfill,0.7196735588432923
2021-06-01,COSMOFIRST,buy,0.1,COSMOFILMS,7.0,,none,0.704049683653588
2021-06-01,SALASAR,buy,0.1,SALASAR,10.0,,none,0.6953270392440859
2021-06-01,GULPOLY,buy,0.1,GULPOLY,11.0,,none,0.6918298164359047
2021-06-01,DALBHARAT,buy,0.1,DALBHARAT,13.0,,none,0.6784884450826151
2021-06-01,STEELXIND,sell,0.0,STEELXIND,26.0,,none,0.6589272415339701
2021-06-01,HCLTECH,sell,0.0,HCLTECH,297.0,Computers - Software,backfill,0.5369380780013575
2021-06-01,JINDALPOLY,sell,0.0,JINDALPOLY,74.0,Packaging,backfill,0.6250776297655951
2021-06-01,INDSWFTLAB,sell,0.0,INDSWFTLAB,82.0,Pharmaceuticals,backfill,0.6219415379898445
2021-06-01,JKCEMENT,sell,0.0,JKCEMENT,37.0,Cement And Cement Products,backfill,0.6489351615250755
2021-06-01,EVEREADY,sell,0.0,EVEREADY,123.0,Electrical Equipment,backfill,0.5995093471714562
2021-06-01,KNRCON,sell,0.0,KNRCON,67.0,Construction,backfill,0.6265901664109513
2021-08-16,TATASTEEL,keep,0.1,TATASTEEL,1.0,Steel And Steel Products,backfill,0.7425406439892643
2021-08-16,TATASTLBSL,keep,0.1,TATASTLBSL,2.0,,none,0.7391284157263556
2021-08-16,JSWSTEEL,keep,0.1,JSWSTEEL,4.0,Steel And Steel Products,backfill,0.7278043883977643
2021-08-16,STYRENIX,buy,0.1,INEOSSTYRO,3.0,,none,0.7375295809460767
2021-08-16,GRASIM,buy,0.1,GRASIM,5.0,Cement And Cement Products,backfill,0.7155056054834883
2021-08-16,HGINFRA,buy,0.1,HGINFRA,6.0,,none,0.7150409522883897
2021-08-16,SHIVAMILLS,buy,0.1,SHIVAMILLS,7.0,,none,0.7134384814469098
2021-08-16,SPLPETRO,buy,0.1,SUPPETRO,8.0,Petrochemicals,backfill,0.7126094361744875
2021-08-16,NITINSPIN,buy,0.1,NITINSPIN,9.0,Textiles - Cotton,backfill,0.7065946304023387
2021-08-16,GHCL,buy,0.1,GHCL,10.0,Chemicals - Inorganic,backfill,0.7038640583070851
2021-08-16,GULPOLY,sell,0.0,GULPOLY,52.0,,none,0.6401911566686617
2021-08-16,DALBHARAT,sell,0.0,DALBHARAT,144.0,,none,0.5922164654782558
2021-08-16,COSMOFIRST,sell,0.0,COSMOFILMS,85.0,,none,0.6175410173862173
2021-08-16,UFLEX,sell,0.0,UFLEX,104.0,Packaging,backfill,0.6079976071204556
2021-08-16,GPIL,sell,0.0,GPIL,31.0,Steel And Steel Products,backfill,0.6640143124636525
2021-08-16,SALASAR,sell,0.0,SALASAR,49.0,,none,0.6417224560778008
2021-08-16,VEDL,sell,0.0,VEDL,30.0,,none,0.6654974098837546
2021-11-15,TATASTLBSL,keep,0.1,TATASTLBSL,3.0,,none,0.7524241000561463
2021-11-15,TATASTEEL,keep,0.1,TATASTEEL,4.0,Steel And Steel Products,backfill,0.7523646564880699
2021-11-15,NITINSPIN,keep,0.1,NITINSPIN,8.0,Textiles - Cotton,backfill,0.7127388426763049
2021-11-15,HGINFRA,keep,0.1,HGINFRA,11.0,,none,0.7037646659405168
2021-11-15,JSWSTEEL,keep,0.1,JSWSTEEL,12.0,Steel And Steel Products,backfill,0.703271574016308
2021-11-15,GHCL,keep,0.1,GHCL,16.0,Chemicals - Inorganic,backfill,0.6883669216951537
2021-11-15,OIL,buy,0.1,OIL,1.0,Oil Exploration/Production,backfill,0.7584646662819237
2021-11-15,VEDL,buy,0.1,VEDL,2.0,,none,0.7562884328680959
2021-11-15,ONGC,buy,0.1,ONGC,5.0,Oil Exploration/Production,backfill,0.7211671508828699
2021-11-15,HINDALCO,buy,0.1,HINDALCO,6.0,Aluminium,backfill,0.7172795078124728
2021-11-15,GRASIM,sell,0.0,GRASIM,37.0,Cement And Cement Products,backfill,0.6618356285503895
2021-11-15,SHIVAMILLS,sell,0.0,,,,,
2021-11-15,SPLPETRO,sell,0.0,SUPPETRO,49.0,Petrochemicals,backfill,0.6478235923389062
2021-11-15,STYRENIX,sell,0.0,INEOSSTYRO,24.0,,none,0.6768075924371242
2022-02-15,NITINSPIN,keep,0.1,NITINSPIN,2.0,Textiles - Cotton,pit,0.730678292164509
2022-02-15,OIL,keep,0.1,OIL,6.0,Oil Exploration/Production,pit,0.7158014581276454
2022-02-15,ONGC,keep,0.1,ONGC,8.0,Oil Exploration/Production,pit,0.7092188653658862
2022-02-15,TATASTEEL,keep,0.1,TATASTEEL,9.0,Steel And Steel Products,pit,0.7080073093306567
2022-02-15,VEDL,keep,0.1,VEDL,12.0,,none,0.7007898661318801
2022-02-15,JSWSTEEL,keep,0.1,JSWSTEEL,13.0,Steel And Steel Products,pit,0.6994097278280037
2022-02-15,HINDALCO,keep,0.1,HINDALCO,17.0,Aluminium,pit,0.6925323322053986
2022-02-15,MAHSEAMLES,buy,0.1,MAHSEAMLES,1.0,Steel And Steel Products,pit,0.7452490779483298
2022-02-15,DCMNVL,buy,0.1,DCMNVL,3.0,,none,0.7247065138260382
2022-02-15,PRECOT,buy,0.1,PRECOT,4.0,Textiles - Cotton,pit,0.721351683166486
2022-02-15,HGINFRA,sell,0.0,HGINFRA,36.0,,none,0.6617996305715235
2022-02-15,GHCL,sell,0.0,GHCL,32.0,Chemicals - Inorganic,pit,0.6653231922421223
2022-06-01,ONGC,keep,0.1,ONGC,3.0,Oil Exploration/Production,pit,0.7249337371632669
2022-06-01,NITINSPIN,keep,0.1,NITINSPIN,6.0,Textiles - Cotton,pit,0.7167034855217234
2022-06-01,OIL,keep,0.1,OIL,8.0,Oil Exploration/Production,pit,0.7137681678109765
2022-06-01,MAHSEAMLES,keep,0.1,MAHSEAMLES,10.0,Steel And Steel Products,pit,0.7017988099835788
2022-06-01,HINDALCO,keep,0.1,HINDALCO,15.0,Aluminium,pit,0.6932331477142301
2022-06-01,DCMNVL,keep,0.1,DCMNVL,18.0,,none,0.6868282198418616
2022-06-01,POLYPLEX,buy,0.1,POLYPLEX,1.0,Packaging,pit,0.7344566522712058
2022-06-01,UFLEX,buy,0.1,UFLEX,2.0,Packaging,pit,0.7308451953265858
2022-06-01,NTPC,buy,0.1,NTPC,4.0,Power,pit,0.7241961713965808
2022-06-01,AURIONPRO,buy,0.1,AURIONPRO,5.0,Computers - Software,pit,0.7237875641487885
2022-06-01,TATASTEEL,sell,0.0,TATASTEEL,50.0,Steel And Steel Products,pit,0.6534020118449433
2022-06-01,PRECOT,sell,0.0,PRECOT,119.0,Textiles - Cotton,pit,0.6060600668490956
2022-06-01,JSWSTEEL,sell,0.0,JSWSTEEL,92.0,Steel And Steel Products,pit,0.621147126737059
2022-06-01,VEDL,sell,0.0,VEDL,67.0,,none,0.6447941126125409
2022-08-16,NTPC,keep,0.1,NTPC,1.0,Power,pit,0.7361151505118543
2022-08-16,MAHSEAMLES,keep,0.1,MAHSEAMLES,4.0,Steel And Steel Products,pit,0.7215408446640954
2022-08-16,UFLEX,keep,0.1,UFLEX,12.0,Packaging,pit,0.7057538146248791
2022-08-16,POLYPLEX,keep,0.1,POLYPLEX,20.0,Packaging,pit,0.6888715062314865
2022-08-16,ITC,buy,0.1,ITC,2.0,Cigarettes,pit,0.7283565158329373
2022-08-16,RITES,buy,0.1,RITES,3.0,,none,0.7227596787278973
2022-08-16,POWERGRID,buy,0.1,POWERGRID,5.0,Power,pit,0.721409157857815
2022-08-16,GESHIP,buy,0.1,GESHIP,6.0,Shipping,pit,0.7207780634839299
2022-08-16,COALINDIA,buy,0.1,COALINDIA,7.0,Mining,pit,0.7142487293457873
2022-08-16,EIDPARRY,buy,0.1,EIDPARRY,8.0,Sugar,pit,0.7115229893995332
2022-08-16,OIL,sell,0.0,OIL,51.0,Oil Exploration/Production,pit,0.6424703197936059
2022-08-16,AURIONPRO,sell,0.0,AURIONPRO,50.0,Computers - Software,pit,0.6429063013423458
2022-08-16,ONGC,sell,0.0,,,,,
2022-08-16,HINDALCO,sell,0.0,HINDALCO,97.0,Aluminium,pit,0.6178680860543064
2022-08-16,DCMNVL,sell,0.0,,,,,
2022-08-16,NITINSPIN,sell,0.0,NITINSPIN,236.0,Textiles - Cotton,pit,0.56050641116759
2022-11-15,MAHSEAMLES,keep,0.1,MAHSEAMLES,1.0,Steel And Steel Products,pit,0.7548004090439744
2022-11-15,GESHIP,keep,0.1,GESHIP,3.0,Shipping,pit,0.741754973282967
2022-11-15,ITC,keep,0.1,ITC,4.0,Cigarettes,pit,0.7341614270108272
2022-11-15,COALINDIA,keep,0.1,COALINDIA,5.0,Mining,pit,0.7316132117677526
2022-11-15,NTPC,keep,0.1,NTPC,6.0,Power,pit,0.7284197956928194
2022-11-15,UFLEX,keep,0.1,UFLEX,10.0,Packaging,pit,0.7152824218646
2022-11-15,POWERGRID,keep,0.1,POWERGRID,16.0,Power,pit,0.7016191419385587
2022-11-15,EIDPARRY,keep,0.1,EIDPARRY,17.0,Sugar,pit,0.7015230612489898
2022-11-15,ANDHRAPAP,buy,0.1,ANDHRAPAP,2.0,,none,0.7436675729504176
2022-11-15,STARPAPER,buy,0.1,STARPAPER,7.0,Paper And Paper Products,pit,0.7256940168378444
2022-11-15,POLYPLEX,sell,0.0,POLYPLEX,24.0,Packaging,pit,0.6773912269377715
2022-11-15,RITES,sell,0.0,RITES,93.0,,none,0.61615345912306
2023-02-15,ANDHRAPAP,keep,0.1,ANDHRAPAP,1.0,,none,0.7432435969431496
2023-02-15,NTPC,keep,0.1,NTPC,2.0,Power,pit,0.7416486188694622
2023-02-15,GESHIP,keep,0.1,GESHIP,3.0,Shipping,pit,0.7401340046219338
2023-02-15,COALINDIA,keep,0.1,COALINDIA,4.0,Mining,pit,0.7390246056692963
2023-02-15,MAHSEAMLES,keep,0.1,MAHSEAMLES,13.0,Steel And Steel Products,pit,0.6955575388552051
2023-02-15,ITC,keep,0.1,ITC,16.0,Cigarettes,pit,0.6904263802396168
2023-02-15,STARPAPER,keep,0.1,STARPAPER,20.0,Paper And Paper Products,pit,0.6853956599693969
2023-02-15,SHRIPISTON,buy,0.1,SHRIPISTON,5.0,,none,0.7254261009386442
2023-02-15,JKPAPER,buy,0.1,JKPAPER,6.0,Paper And Paper Products,pit,0.7140762979481724
2023-02-15,M&M,buy,0.1,M&M,7.0,Automobiles - 4 Wheelers,pit,0.7125081451874552
2023-02-15,POWERGRID,sell,0.0,POWERGRID,25.0,Power,pit,0.6828481006385924
2023-02-15,UFLEX,sell,0.0,UFLEX,207.0,Packaging,pit,0.5793229756166596
2023-02-15,EIDPARRY,sell,0.0,EIDPARRY,28.0,Sugar,pit,0.6804508390990183
2023-06-01,M&M,keep,0.1,M&M,2.0,Automobiles - 4 Wheelers,pit,0.7442241658259267
2023-06-01,ANDHRAPAP,keep,0.1,ANDHRAPAP,8.0,,none,0.7251285491236732
2023-06-01,GESHIP,keep,0.1,GESHIP,12.0,Shipping,pit,0.7071939169449769
2023-06-01,MAHSEAMLES,keep,0.1,MAHSEAMLES,13.0,Steel And Steel Products,pit,0.6975915665874501
2023-06-01,ITC,keep,0.1,ITC,14.0,Cigarettes,pit,0.6951132659463581
2023-06-01,HGINFRA,buy,0.1,HGINFRA,1.0,,none,0.7616911796622923
2023-06-01,NCC,buy,0.1,NCC,3.0,Construction,pit,0.7427514200816618
2023-06-01,ZYDUSLIFE,buy,0.1,ZYDUSLIFE,4.0,,none,0.7406072254904963
2023-06-01,INDRAMEDCO,buy,0.1,INDRAMEDCO,5.0,Miscellaneous,pit,0.7403948403903189
2023-06-01,ANANDRATHI,buy,0.1,ANANDRATHI,6.0,,none,0.7369968197198602
2023-06-01,COALINDIA,sell,0.0,COALINDIA,30.0,Mining,pit,0.6670030738292136
2023-06-01,STARPAPER,sell,0.0,STARPAPER,123.0,Paper And Paper Products,pit,0.6088957670677101
2023-06-01,NTPC,sell,0.0,NTPC,23.0,Power,pit,0.685093732248392
2023-06-01,SHRIPISTON,sell,0.0,,,,,
2023-06-01,JKPAPER,sell,0.0,JKPAPER,38.0,Paper And Paper Products,pit,0.6601541053321109
2023-08-16,ZYDUSLIFE,keep,0.1,ZYDUSLIFE,1.0,,none,0.7450315498672061
2023-08-16,HGINFRA,keep,0.1,HGINFRA,3.0,,none,0.7285573231753502
2023-08-16,M&M,keep,0.1,M&M,4.0,Automobiles - 4 Wheelers,pit,0.7255993804191092
2023-08-16,NCC,keep,0.1,NCC,5.0,Construction,pit,0.7159581843028977
2023-08-16,INDRAMEDCO,keep,0.1,INDRAMEDCO,11.0,Miscellaneous,pit,0.705690832443986
2023-08-16,PRAKASH,buy,0.1,PRAKASH,2.0,Steel And Steel Products,pit,0.7339100422558402
2023-08-16,TMPV,buy,0.1,TATAMOTORS,6.0,,none,0.7142713326819304
2023-08-16,VINDHYATEL,buy,0.1,VINDHYATEL,7.0,Cables - Telecom,pit,0.7103262311079174
2023-08-16,VENUSPIPES,buy,0.1,VENUSPIPES,8.0,,none,0.7101500422602738
2023-08-16,BHARTIARTL,buy,0.1,BHARTIARTL,9.0,Telecommunication - Services,pit,0.709593179123652
2023-08-16,ANDHRAPAP,sell,0.0,ANDHRAPAP,129.0,,none,0.6142996791533293
2023-08-16,ANANDRATHI,sell,0.0,ANANDRATHI,47.0,,none,0.6566193274567417
2023-08-16,MAHSEAMLES,sell,0.0,MAHSEAMLES,185.0,Steel And Steel Products,pit,0.5975239548777433
2023-08-16,GESHIP,sell,0.0,GESHIP,65.0,Shipping,pit,0.6428188126301219
2023-08-16,ITC,sell,0.0,ITC,37.0,Cigarettes,pit,0.664371367274892
2023-11-15,TMPV,keep,0.1,TATAMOTORS,2.0,,none,0.7423695526421865
2023-11-15,HGINFRA,keep,0.1,HGINFRA,4.0,,none,0.7195835409977638
2023-11-15,PRAKASH,keep,0.1,PRAKASH,16.0,Steel And Steel Products,pit,0.6912934632234122
2023-11-15,ANANDRATHI,buy,0.1,ANANDRATHI,1.0,,none,0.7481605235887197
2023-11-15,ASHOKA,buy,0.1,ASHOKA,3.0,Construction,pit,0.7296484825300034
2023-11-15,AUROPHARMA,buy,0.1,AUROPHARMA,5.0,Pharmaceuticals,pit,0.718142917144962
2023-11-15,CONTROLPR,buy,0.1,CONTROLPR,6.0,,none,0.7165174357565036
2023-11-15,GULFOILLUB,buy,0.1,GULFOILLUB,7.0,,none,0.7109112440669656
2023-11-15,OIL,buy,0.1,OIL,8.0,Oil Exploration/Production,pit,0.7087540725693883
2023-11-15,CYIENT,buy,0.1,CYIENT,9.0,,none,0.7081588480638011
2023-11-15,BHARTIARTL,sell,0.0,BHARTIARTL,105.0,Telecommunication - Services,pit,0.6316045721275351
2023-11-15,M&M,sell,0.0,M&M,25.0,Automobiles - 4 Wheelers,pit,0.6751468320036373
2023-11-15,NCC,sell,0.0,NCC,61.0,Construction,pit,0.6500298140462015
2023-11-15,VINDHYATEL,sell,0.0,VINDHYATEL,161.0,Cables - Telecom,pit,0.6103079625719674
2023-11-15,INDRAMEDCO,sell,0.0,INDRAMEDCO,22.0,Miscellaneous,pit,0.6857361051977277
2023-11-15,ZYDUSLIFE,sell,0.0,ZYDUSLIFE,46.0,,none,0.6589582473985488
2023-11-15,VENUSPIPES,sell,0.0,VENUSPIPES,71.0,,none,0.6451002948513119
2024-02-15,AUROPHARMA,keep,0.1,AUROPHARMA,1.0,Pharmaceuticals,pit,0.7462079068249613
2024-02-15,TMPV,keep,0.1,TATAMOTORS,4.0,,none,0.7291590611928926
2024-02-15,ANANDRATHI,keep,0.1,ANANDRATHI,6.0,,none,0.7170457284257191
2024-02-15,GPTINFRA,buy,0.1,GPTINFRA,2.0,,none,0.7339779048093137
2024-02-15,BAJAJ-AUTO,buy,0.1,BAJAJ-AUTO,3.0,Automobiles - 2 And 3 Wheelers,pit,0.7327113204408192
2024-02-15,NAM-INDIA,buy,0.1,NAM-INDIA,5.0,,none,0.7179009089795174
2024-02-15,JSL,buy,0.1,JSL,7.0,Steel And Steel Products,pit,0.7105463860471829
2024-02-15,GATEWAY,buy,0.1,GATEWAY,8.0,,none,0.7068151420656231
2024-02-15,CHOICEIN,buy,0.1,CHOICEIN,9.0,,none,0.7037272357815777
2024-02-15,RKFORGE,buy,0.1,RKFORGE,10.0,Castings/Forgings,pit,0.7001664071744911
2024-02-15,OIL,sell,0.0,OIL,158.0,Oil Exploration/Production,pit,0.6046266073946654
2024-02-15,HGINFRA,sell,0.0,HGINFRA,102.0,,none,0.6309315737924084
2024-02-15,PRAKASH,sell,0.0,PRAKASH,32.0,Steel And Steel Products,pit,0.6818428584830601
2024-02-15,CONTROLPR,sell,0.0,CONTROLPR,44.0,,none,0.6672146664784571
2024-02-15,ASHOKA,sell,0.0,ASHOKA,28.0,Construction,pit,0.6836473630202786
2024-02-15,CYIENT,sell,0.0,CYIENT,97.0,,none,0.6329730289632458
2024-02-15,GULFOILLUB,sell,0.0,GULFOILLUB,41.0,,none,0.6710019320434979
2024-06-03,TMPV,keep,0.1,TATAMOTORS,2.0,,none,0.7453397515235939
2024-06-03,BAJAJ-AUTO,keep,0.1,BAJAJ-AUTO,5.0,Automobiles - 2 And 3 Wheelers,pit,0.73542321729779
2024-06-03,NAM-INDIA,keep,0.1,NAM-INDIA,6.0,,none,0.7229089618426308
2024-06-03,AUROPHARMA,keep,0.1,AUROPHARMA,9.0,Pharmaceuticals,pit,0.7024069507209518
2024-06-03,ANANDRATHI,keep,0.1,ANANDRATHI,13.0,,none,0.6860738199442815
2024-06-03,SMCGLOBAL,buy,0.1,SMCGLOBAL,1.0,,none,0.7778263530065488
2024-06-03,TVSHLTD,buy,0.1,TVSHLTD,3.0,,none,0.7420583892971844
2024-06-03,NTPC,buy,0.1,NTPC,4.0,Power,pit,0.7417953871821081
2024-06-03,ASHOKA,buy,0.1,ASHOKA,7.0,Construction,pit,0.7054177978227161
2024-06-03,LGBBROSLTD,buy,0.1,LGBBROSLTD,8.0,Auto Ancillaries,pit,0.7037111356236044
2024-06-03,RKFORGE,sell,0.0,RKFORGE,40.0,Castings/Forgings,pit,0.6570767950301455
2024-06-03,GPTINFRA,sell,0.0,GPTINFRA,78.0,,none,0.6411640215176381
2024-06-03,CHOICEIN,sell,0.0,CHOICEIN,74.0,,none,0.6441109799449547
2024-06-03,JSL,sell,0.0,JSL,296.0,Steel And Steel Products,pit,0.5701727518560449
2024-06-03,GATEWAY,sell,0.0,GATEWAY,285.0,,none,0.5731577838671156
2024-08-16,BAJAJ-AUTO,keep,0.1,BAJAJ-AUTO,2.0,Automobiles - 2 And 3 Wheelers,pit,0.7227000284527312
2024-08-16,ANANDRATHI,keep,0.1,ANANDRATHI,5.0,,none,0.7176545007190915
2024-08-16,ASHOKA,keep,0.1,ASHOKA,7.0,Construction,pit,0.7119339189425629
2024-08-16,NAM-INDIA,keep,0.1,NAM-INDIA,9.0,,none,0.7072092296073046
2024-08-16,NTPC,keep,0.1,NTPC,12.0,Power,pit,0.7020864051510463
2024-08-16,TMPV,keep,0.1,TATAMOTORS,16.0,,none,0.694409521728466
2024-08-16,ELECTHERM,buy,0.1,ELECTHERM,1.0,Steel And Steel Products,pit,0.7648919657974658
2024-08-16,OIL,buy,0.1,OIL,3.0,Oil Exploration/Production,pit,0.7211513040303521
2024-08-16,DJML,buy,0.1,DJML,4.0,,none,0.7194689545037141
2024-08-16,HEROMOTOCO,buy,0.1,HEROMOTOCO,6.0,Automobiles - 2 And 3 Wheelers,pit,0.716981757414566
2024-08-16,SMCGLOBAL,sell,0.0,,,,,
2024-08-16,LGBBROSLTD,sell,0.0,LGBBROSLTD,46.0,Auto Ancillaries,pit,0.6553790441353933
2024-08-16,AUROPHARMA,sell,0.0,AUROPHARMA,30.0,Pharmaceuticals,pit,0.6669461535865807
2024-08-16,TVSHLTD,sell,0.0,,,,,
2024-11-18,BAJAJ-AUTO,keep,0.1,BAJAJ-AUTO,4.0,Automobiles - 2 And 3 Wheelers,pit,0.7204744459437683
2024-11-18,HEROMOTOCO,keep,0.1,HEROMOTOCO,8.0,Automobiles - 2 And 3 Wheelers,pit,0.7101666251534345
2024-11-18,ANANDRATHI,keep,0.1,ANANDRATHI,10.0,,none,0.7032342439476376
2024-11-18,NTPC,keep,0.1,NTPC,17.0,Power,pit,0.6938631397505485
2024-11-18,NATCOPHARM,buy,0.1,NATCOPHARM,1.0,Pharmaceuticals,pit,0.7296692912613683
2024-11-18,M&M,buy,0.1,M&M,2.0,Automobiles - 4 Wheelers,pit,0.7252807464388157
2024-11-18,VEDL,buy,0.1,VEDL,3.0,,none,0.7204862289359515
2024-11-18,FIEMIND,buy,0.1,FIEMIND,5.0,Auto Ancillaries,pit,0.7198856075228429
2024-11-18,MOTHERSON,buy,0.1,MOTHERSON,6.0,,none,0.7189468817137417
2024-11-18,BHARTIARTL,buy,0.1,BHARTIARTL,7.0,Telecommunication - Services,pit,0.7107429749800269
2024-11-18,OIL,sell,0.0,OIL,449.0,Oil Exploration/Production,pit,0.5463244371669054
2024-11-18,DJML,sell,0.0,DJML,88.0,,none,0.6367290812006792
2024-11-18,TMPV,sell,0.0,TATAMOTORS,40.0,,none,0.6648615320237901
2024-11-18,ELECTHERM,sell,0.0,ELECTHERM,55.0,Steel And Steel Products,pit,0.6562457983985797
2024-11-18,ASHOKA,sell,0.0,ASHOKA,28.0,Construction,pit,0.6739840178889293
2024-11-18,NAM-INDIA,sell,0.0,NAM-INDIA,48.0,,none,0.6584452778126895
2025-02-17,VEDL,keep,0.1,VEDL,2.0,,none,0.7500362242426092
2025-02-17,BHARTIARTL,keep,0.1,BHARTIARTL,4.0,Telecommunication - Services,pit,0.7410216986023987
2025-02-17,M&M,keep,0.1,M&M,5.0,Automobiles - 4 Wheelers,pit,0.7361605226784231
2025-02-17,FIEMIND,keep,0.1,FIEMIND,11.0,Auto Ancillaries,pit,0.7097448652597567
2025-02-17,RKFORGE,buy,0.1,RKFORGE,1.0,Castings/Forgings,pit,0.8295141007957136
2025-02-17,TCPLPACK,buy,0.1,TCPLPACK,3.0,,none,0.7438208085833853
2025-02-17,PITTIENG,buy,0.1,PITTIENG,6.0,,none,0.7282485823275672
2025-02-17,SWARAJENG,buy,0.1,SWARAJENG,7.0,Diesel Engines,pit,0.7271521033412128
2025-02-17,NESCO,buy,0.1,NESCO,8.0,Miscellaneous,pit,0.7222921808349704
2025-02-17,EIDPARRY,buy,0.1,EIDPARRY,9.0,Sugar,pit,0.7167805398112564
2025-02-17,MOTHERSON,sell,0.0,MOTHERSON,43.0,,none,0.6610342004503031
2025-02-17,BAJAJ-AUTO,sell,0.0,BAJAJ-AUTO,95.0,Automobiles - 2 And 3 Wheelers,pit,0.6361259102783929
2025-02-17,NATCOPHARM,sell,0.0,NATCOPHARM,613.0,Pharmaceuticals,pit,0.5129970832643042
2025-02-17,NTPC,sell,0.0,NTPC,87.0,Power,pit,0.6403938810757234
2025-02-17,ANANDRATHI,sell,0.0,ANANDRATHI,44.0,,none,0.6609186899501207
2025-02-17,HEROMOTOCO,sell,0.0,HEROMOTOCO,131.0,Automobiles - 2 And 3 Wheelers,pit,0.6200424166841929
2025-06-02,BHARTIARTL,keep,0.1,BHARTIARTL,1.0,Telecommunication - Services,pit,0.7682497382740862
2025-06-02,FIEMIND,keep,0.1,FIEMIND,4.0,Auto Ancillaries,pit,0.7265189319766632
2025-06-02,SWARAJENG,keep,0.1,SWARAJENG,6.0,Diesel Engines,pit,0.7245963335785774
2025-06-02,M&M,keep,0.1,M&M,9.0,Automobiles - 4 Wheelers,pit,0.7163359001324827
2025-06-02,VEDL,keep,0.1,VEDL,14.0,,none,0.7025740800416993
2025-06-02,EIDPARRY,keep,0.1,EIDPARRY,17.0,Sugar,pit,0.6972772395129814
2025-06-02,HINDALCO,buy,0.1,HINDALCO,2.0,Aluminium,pit,0.7373131232701222
2025-06-02,DRREDDY,buy,0.1,DRREDDY,3.0,Pharmaceuticals,pit,0.7272247503157957
2025-06-02,LUPIN,buy,0.1,LUPIN,5.0,Pharmaceuticals,pit,0.7252135681169606
2025-06-02,EICHERMOT,buy,0.1,EICHERMOT,7.0,Automobiles - 4 Wheelers,pit,0.7191978839195168
2025-06-02,RKFORGE,sell,0.0,RKFORGE,535.0,Castings/Forgings,pit,0.5282017399436807
2025-06-02,PITTIENG,sell,0.0,PITTIENG,85.0,,none,0.6454148605643438
2025-06-02,TCPLPACK,sell,0.0,TCPLPACK,105.0,,none,0.6395574069880695
2025-06-02,NESCO,sell,0.0,NESCO,240.0,Miscellaneous,pit,0.5931957431893714
2025-08-18,BHARTIARTL,keep,0.1,BHARTIARTL,1.0,Telecommunication - Services,pit,0.7597761974540314
2025-08-18,EIDPARRY,keep,0.1,EIDPARRY,2.0,Sugar,pit,0.7584575643469915
2025-08-18,FIEMIND,keep,0.1,FIEMIND,4.0,Auto Ancillaries,pit,0.7425520269022081
2025-08-18,HINDALCO,keep,0.1,HINDALCO,5.0,Aluminium,pit,0.7416985258659876
2025-08-18,M&M,keep,0.1,M&M,7.0,Automobiles - 4 Wheelers,pit,0.7284847925582464
2025-08-18,EICHERMOT,keep,0.1,EICHERMOT,17.0,Automobiles - 4 Wheelers,pit,0.6900809251737047
2025-08-18,NESCO,buy,0.1,NESCO,3.0,Miscellaneous,pit,0.7466487772530443
2025-08-18,RELIANCE,buy,0.1,RELIANCE,6.0,Refineries,pit,0.7348841065311777
2025-08-18,SSWL,buy,0.1,SSWL,8.0,Auto Ancillaries,pit,0.7236613224279135
2025-08-18,GRASIM,buy,0.1,GRASIM,9.0,Cement And Cement Products,pit,0.7235253052090991
2025-08-18,LUPIN,sell,0.0,LUPIN,88.0,Pharmaceuticals,pit,0.6479735070412105
2025-08-18,SWARAJENG,sell,0.0,SWARAJENG,33.0,Diesel Engines,pit,0.6705285859324623
2025-08-18,VEDL,sell,0.0,VEDL,31.0,,none,0.6743348993472085
2025-08-18,DRREDDY,sell,0.0,DRREDDY,85.0,Pharmaceuticals,pit,0.6489056508417808
2025-11-17,HINDALCO,keep,0.1,HINDALCO,1.0,Aluminium,pit,0.7752616467584948
2025-11-17,BHARTIARTL,keep,0.1,BHARTIARTL,3.0,Telecommunication - Services,pit,0.7521212093101755
2025-11-17,EICHERMOT,keep,0.1,EICHERMOT,4.0,Automobiles - 4 Wheelers,pit,0.7515272214167018
2025-11-17,EIDPARRY,keep,0.1,EIDPARRY,8.0,Sugar,pit,0.7439517764758513
2025-11-17,M&M,keep,0.1,M&M,10.0,Automobiles - 4 Wheelers,pit,0.735871597464266
2025-11-17,RELIANCE,keep,0.1,RELIANCE,13.0,Refineries,pit,0.729088311845733
2025-11-17,GRASIM,keep,0.1,GRASIM,16.0,Cement And Cement Products,pit,0.7257096276329235
2025-11-17,HEROMOTOCO,buy,0.1,HEROMOTOCO,2.0,Automobiles - 2 And 3 Wheelers,pit,0.752532799365947
2025-11-17,VEDL,buy,0.1,VEDL,5.0,,none,0.7496059732478487
2025-11-17,IMPAL,buy,0.1,IMPAL,6.0,Auto Ancillaries,pit,0.746558086606551
2025-11-17,SSWL,sell,0.0,SSWL,92.0,Auto Ancillaries,pit,0.65731594682608
2025-11-17,FIEMIND,sell,0.0,FIEMIND,31.0,Auto Ancillaries,pit,0.7066157967202306
2025-11-17,NESCO,sell,0.0,NESCO,30.0,Miscellaneous,pit,0.7083288857145769
2026-02-16,HINDALCO,keep,0.1,HINDALCO,1.0,Aluminium,pit,0.7940343979453234
2026-02-16,HEROMOTOCO,keep,0.1,HEROMOTOCO,2.0,Automobiles - 2 And 3 Wheelers,pit,0.7673249924245396
2026-02-16,M&M,keep,0.1,M&M,4.0,Automobiles - 4 Wheelers,pit,0.7579222869709856
2026-02-16,GRASIM,keep,0.1,GRASIM,8.0,Cement And Cement Products,pit,0.7440836222028466
2026-02-16,EICHERMOT,keep,0.1,EICHERMOT,12.0,Automobiles - 4 Wheelers,pit,0.7283636910779523
2026-02-16,BHARTIARTL,keep,0.1,BHARTIARTL,18.0,Telecommunication - Services,pit,0.7183633907648046
2026-02-16,RELIANCE,keep,0.1,RELIANCE,20.0,Refineries,pit,0.7161343341967698
2026-02-16,ASHOKLEY,buy,0.1,ASHOKLEY,3.0,Automobiles - 4 Wheelers,pit,0.7663812272815709
2026-02-16,BPCL,buy,0.1,BPCL,5.0,Refineries,pit,0.7502853845301626
2026-02-16,IOC,buy,0.1,IOC,6.0,Refineries,pit,0.7496926258211066
2026-02-16,VEDL,sell,0.0,VEDL,105.0,,none,0.647551517480563
2026-02-16,EIDPARRY,sell,0.0,EIDPARRY,27.0,Sugar,pit,0.7037832075905174
2026-02-16,IMPAL,sell,0.0,,,,,
2026-06-01,HINDALCO,keep,0.1,HINDALCO,1.0,Aluminium,pit,0.8020813998184352
2026-06-01,HEROMOTOCO,keep,0.1,HEROMOTOCO,2.0,Automobiles - 2 And 3 Wheelers,pit,0.770398824224693
2026-06-01,M&M,keep,0.1,M&M,7.0,Automobiles - 4 Wheelers,pit,0.7405857508303351
2026-06-01,GRASIM,keep,0.1,GRASIM,17.0,Cement And Cement Products,pit,0.70369146062586
2026-06-01,ONGC,buy,0.1,ONGC,3.0,Oil Exploration/Production,pit,0.7578762923752985
2026-06-01,CEIGALL,buy,0.1,CEIGALL,4.0,,none,0.7516813766771062
2026-06-01,COALINDIA,buy,0.1,COALINDIA,5.0,Mining,pit,0.7513109478077112
2026-06-01,LUPIN,buy,0.1,LUPIN,6.0,Pharmaceuticals,pit,0.7434862725323018
2026-06-01,GESHIP,buy,0.1,GESHIP,8.0,Shipping,pit,0.7391379300327445
2026-06-01,RPTECH,buy,0.1,RPTECH,9.0,,none,0.7348406815042714
2026-06-01,BHARTIARTL,sell,0.0,BHARTIARTL,134.0,Telecommunication - Services,pit,0.6330930123253812
2026-06-01,EICHERMOT,sell,0.0,EICHERMOT,52.0,Automobiles - 4 Wheelers,pit,0.6757269703546321
2026-06-01,BPCL,sell,0.0,BPCL,98.0,Refineries,pit,0.6482541066468186
2026-06-01,RELIANCE,sell,0.0,RELIANCE,48.0,Refineries,pit,0.6781241325705788
2026-06-01,ASHOKLEY,sell,0.0,ASHOKLEY,26.0,Automobiles - 4 Wheelers,pit,0.691879787727226
2026-06-01,IOC,sell,0.0,IOC,60.0,Refineries,pit,0.6701228269965662
2026-08-17,HINDALCO,keep,0.1,HINDALCO,1.0,Aluminium,pit,0.8108739402363601
2026-08-17,GESHIP,keep,0.1,GESHIP,2.0,Shipping,pit,0.7447753483218221
2026-08-17,HEROMOTOCO,keep,0.1,HEROMOTOCO,6.0,Automobiles - 2 And 3 Wheelers,pit,0.7224822968874155
2026-08-17,LUPIN,keep,0.1,LUPIN,7.0,Pharmaceuticals,pit,0.7219983336033977
2026-08-17,GRASIM,keep,0.1,GRASIM,14.0,Cement And Cement Products,pit,0.705684067062717
2026-08-17,COALINDIA,keep,0.1,COALINDIA,18.0,Mining,pit,0.6998928924010706
2026-08-17,BAJAJ-AUTO,buy,0.1,BAJAJ-AUTO,3.0,Automobiles - 2 And 3 Wheelers,pit,0.7378256200332844
2026-08-17,AUROPHARMA,buy,0.1,AUROPHARMA,4.0,Pharmaceuticals,pit,0.7366075402867718
2026-08-17,GRANULES,buy,0.1,GRANULES,5.0,Pharmaceuticals,pit,0.7242503851415634
2026-08-17,OIL,buy,0.1,OIL,8.0,Oil Exploration/Production,pit,0.7110481223382575
2026-08-17,RPTECH,sell,0.0,RPTECH,25.0,,none,0.6915780685099058
2026-08-17,ONGC,sell,0.0,ONGC,42.0,Oil Exploration/Production,pit,0.6714172416010629
2026-08-17,CEIGALL,sell,0.0,CEIGALL,24.0,,none,0.6935512639085619
2026-08-17,M&M,sell,0.0,M&M,22.0,Automobiles - 4 Wheelers,pit,0.6943557253482647
