date,symbol,side,units,price,value,cost,reason
2019-02-15,AARTIIND,buy,140.64317813077338,354.8,49900.1996007984,99.8003992015968,rebalance
2019-02-15,BRITANNIA,buy,16.944040611476535,2945.0,49900.1996007984,99.8003992015968,rebalance
2019-02-15,COLPAL,buy,39.76111521975968,1255.0,49900.1996007984,99.8003992015968,rebalance
2019-02-15,ITC,buy,178.8537620100301,279.0,49900.1996007984,99.8003992015968,rebalance
2019-02-15,LT,buy,40.112700643728616,1244.0,49900.1996007984,99.8003992015968,rebalance
2019-02-15,MGL,buy,57.42916285049879,868.9,49900.1996007984,99.8003992015968,rebalance
2019-02-15,NTPC,buy,453.63817818907637,110.0,49900.1996007984,99.8003992015968,rebalance
2019-02-15,POWERGRID,buy,497.26158047631685,100.35000000000001,49900.1996007984,99.8003992015968,rebalance
2019-02-15,RATNAMANI,buy,88.31372709715959,565.0333333333333,49900.1996007984,99.8003992015968,rebalance
2019-02-15,SKFINDIA,buy,25.33005055878091,1970.0,49900.1996007984,99.8003992015968,rebalance
2019-06-03,AARTIIND,sell,140.64317813077338,469.9625,66097.01960228357,132.19403920456716,rebalance
2019-06-03,BRITANNIA,sell,16.944040611476535,2936.0,49747.70323529511,99.49540647059021,rebalance
2019-06-03,COLPAL,sell,39.76111521975968,1152.4,45820.70917925106,91.64141835850212,rebalance
2019-06-03,LT,sell,40.112700643728616,1563.7,62724.229996598435,125.44845999319688,rebalance
2019-06-03,NTPC,sell,46.3952102108934,134.4,6235.516252344074,12.471032504688148,rebalance
2019-06-03,RATNAMANI,sell,88.31372709715959,640.0,56520.785342182135,113.04157068436427,rebalance
2019-06-03,SKFINDIA,sell,25.33005055878091,1894.05,47976.38226085898,95.95276452171797,rebalance
2019-06-03,ITC,buy,15.588137116113694,281.4,4386.501784474393,8.773003568948788,rebalance
2019-06-03,JBCHEPHARM,buy,286.9635864906829,189.975,54515.90734356749,109.03181468713498,rebalance
2019-06-03,MAHSEAMLES,buy,235.00768334332358,231.975,54515.90734356749,109.03181468713498,rebalance
2019-06-03,MGL,buy,4.190886807276396,888.0,3721.5074848614395,7.443014969722879,rebalance
2019-06-03,PIIND,buy,47.487724166870635,1148.0,54515.90734356749,109.03181468713498,rebalance
2019-06-03,POWERGRID,buy,14.134942946289714,107.015625,1512.659753736535,3.0253195074730703,rebalance
2019-06-03,RELIANCE,buy,81.6717713012247,667.5,54515.90734356749,109.03181468713498,rebalance
2019-06-03,TATASTEEL,buy,1114.9587349129254,48.895,54515.90734356749,109.03181468713498,rebalance
2019-06-03,TRIDENT,buy,8046.628390194463,6.775,54515.90734356749,109.03181468713498,rebalance
2019-08-16,ITC,sell,194.4418991261438,248.75,48367.42240762827,96.73484481525654,rebalance
2019-08-16,JBCHEPHARM,sell,19.934070784984424,187.725,3742.123438111201,7.484246876222402,rebalance
2019-08-16,MAHSEAMLES,sell,235.00768334332358,200.6,47142.54127867071,94.28508255734143,rebalance
2019-08-16,PIIND,sell,3.12655971036422,1130.0,3533.012472711569,7.0660249454231385,rebalance
2019-08-16,POWERGRID,sell,74.76423349194286,114.80624999999999,8583.401281334365,17.16680256266873,rebalance
2019-08-16,RELIANCE,sell,81.6717713012247,645.6,52727.29555207067,105.45459110414134,rebalance
2019-08-16,TATASTEEL,sell,1114.9587349129254,36.0,40138.51445686531,80.27702891373063,rebalance
2019-08-16,TRIDENT,sell,8046.628390194463,5.6000000000000005,45061.11898508899,90.12223797017799,rebalance
2019-08-16,GSPL,buy,224.9083400815126,222.0,49929.651498095795,99.85930299619159,rebalance
2019-08-16,KNRCON,buy,421.3472700261249,118.5,49929.651498095795,99.85930299619159,rebalance
2019-08-16,MGL,buy,0.6329187145874473,805.2,509.6261489858126,1.0192522979716252,rebalance
2019-08-16,NHPC,buy,2194.709955960255,22.75,49929.651498095795,99.85930299619159,rebalance
2019-08-16,NMDC,buy,1430.6490400600514,34.9,49929.651498095795,99.85930299619159,rebalance
2019-08-16,NTPC,buy,19.66452239811584,117.4,2308.6149295387995,4.617229859077599,rebalance
2019-08-16,PSPPROJECT,buy,94.74317172314193,527.0,49929.651498095795,99.85930299619159,rebalance
2019-11-15,GSPL,sell,224.9083400815126,218.7,49187.4539758268,98.3749079516536,rebalance
2019-11-15,JBCHEPHARM,sell,267.0295157056985,197.975,52865.16837183566,105.73033674367132,rebalance
2019-11-15,MGL,sell,10.443728518008479,1029.0,10746.596645030724,21.49319329006145,rebalance
2019-11-15,NHPC,sell,2194.709955960255,23.6,51795.15496066202,103.59030992132404,rebalance
2019-11-15,NMDC,sell,1430.6490400600514,33.0,47211.4183219817,94.4228366439634,rebalance
2019-11-15,NTPC,sell,426.90749037629877,118.55,50609.88298411022,101.21976596822044,rebalance
2019-11-15,PIIND,sell,7.177758834793829,1433.75,10291.111729385651,20.582223458771303,rebalance
2019-11-15,ADANIENSOL,buy,195.22213358105432,272.0,53100.42033404678,106.20084066809356,rebalance
2019-11-15,DRREDDY,buy,96.61648532395702,549.6,53100.42033404678,106.20084066809356,rebalance
2019-11-15,GUJENERGY,buy,268.3194559577907,197.9,53100.42033404678,106.20084066809356,rebalance
2019-11-15,IGL,buy,249.88433098374955,212.5,53100.42033404678,106.20084066809356,rebalance
2019-11-15,KNRCON,buy,5.210973697559623,124.975,651.2414378525139,1.3024828757050277,rebalance
2019-11-15,POWERGRID,buy,67.22982612924729,105.75,7109.5541131679,14.2191082263358,rebalance
2019-11-15,PSPPROJECT,buy,4.3411586182074915,537.95,2335.32627866472,4.67065255732944,rebalance
2019-11-15,TORNTPOWER,buy,181.2301035291699,293.0,53100.42033404678,106.20084066809356,rebalance
2020-02-17,ADANIENSOL,sell,9.924648434718565,330.0,3275.1339834571263,6.5502679669142525,rebalance
2020-02-17,DRREDDY,sell,96.61648532395702,665.1600000000001,64265.42137808326,128.53084275616652,rebalance
2020-02-17,GUJENERGY,sell,268.3194559577907,300.0,80495.8367873372,160.99167357467442,rebalance
2020-02-17,KNRCON,sell,426.5582437236845,141.85,60507.28687220464,121.01457374440929,rebalance
2020-02-17,MGL,sell,51.80923985435415,1167.0,60461.382910031294,120.9227658200626,rebalance
2020-02-17,COCHINSHIP,buy,344.8213198971863,176.625,60904.06562684053,121.80813125368105,rebalance
2020-02-17,GSPL,buy,251.66969267289474,242.0,60904.06562684053,121.80813125368105,rebalance
2020-02-17,HCLTECH,buy,97.75933487454338,623.0,60904.06562684053,121.80813125368105,rebalance
2020-02-17,IGL,buy,1.1299010210617884,243.6,275.24388873065163,0.5504877774613033,rebalance
2020-02-17,INDRAMEDCO,buy,1431.3528936977798,42.55,60904.06562684053,121.80813125368105,rebalance
2020-02-17,PIIND,buy,2.029888333164833,1559.05,3164.6974058206333,6.329394811641267,rebalance
2020-02-17,POWERGRID,buy,83.41360386508381,104.0625,8680.228152210284,17.36045630442057,rebalance
2020-02-17,PSPPROJECT,buy,18.660089927713347,519.0,9684.586672483227,19.369173344966455,rebalance
2020-02-17,TORNTPOWER,buy,7.759415152357212,323.5,2510.170801787558,5.020341603575116,rebalance
2020-06-01,ADANIENSOL,sell,185.29748514633576,172.0,31871.16744516975,63.7423348903395,rebalance
2020-06-01,COCHINSHIP,sell,344.8213198971863,113.1,38999.29128037177,77.99858256074354,rebalance
2020-06-01,HCLTECH,sell,97.75933487454338,557.0,54451.94952512067,108.90389905024134,rebalance
2020-06-01,IGL,sell,33.64135847216238,233.5,7855.257203249916,15.710514406499831,rebalance
2020-06-01,INDRAMEDCO,sell,1431.3528936977798,38.15,54606.112894570295,109.21222578914059,rebalance
2020-06-01,PIIND,sell,6.925402116535481,1572.0,10886.732127193776,21.77346425438755,rebalance
2020-06-01,POWERGRID,sell,18.15623044184786,89.184375,1619.2520643121752,3.2385041286243506,rebalance
2020-06-01,TORNTPOWER,sell,31.6048179997487,322.5,10192.553804918956,20.385107609837913,rebalance
2020-06-01,ALKEM,buy,22.07695844407823,2290.0,50556.23483693915,101.1124696738783,rebalance
2020-06-01,COROMANDEL,buy,76.60615931046162,659.95,50556.23483693915,101.1124696738783,rebalance
2020-06-01,GSPL,buy,2.10479683357305,200.0,420.95936671461,0.84191873342922,rebalance
2020-06-01,MPHASIS,buy,57.604095980104994,877.65,50556.23483693915,101.1124696738783,rebalance
2020-06-01,PSPPROJECT,buy,35.92101690945874,330.0,11853.935580121384,23.707871160242767,rebalance
2020-06-01,SANOFI,buy,6.460860682036952,7825.0,50556.23483693915,101.1124696738783,rebalance
2020-08-17,ALKEM,sell,2.319537265724181,2951.0,6844.9544711520575,13.689908942304115,rebalance
2020-08-17,GSPL,sell,253.7744895064678,213.95,54295.05202990878,108.59010405981756,rebalance
2020-08-17,IGL,sell,217.37287353264895,195.5,42496.39677563287,84.99279355126575,rebalance
2020-08-17,MPHASIS,sell,57.604095980104994,1200.0,69124.91517612599,138.24983035225196,rebalance
2020-08-17,PIIND,sell,2.3191691977236935,1945.5,4511.943674171445,9.02388734834289,rebalance
2020-08-17,PSPPROJECT,sell,153.6654371785215,400.8,61589.10722115142,123.17821444230285,rebalance
2020-08-17,SANOFI,sell,6.460860682036952,8350.0,53948.186695008546,107.89637339001709,rebalance
2020-08-17,CHAMBLFERT,buy,377.222806836493,153.95,58073.4511124781,116.1469022249562,rebalance
2020-08-17,COROMANDEL,buy,0.5238537191145374,755.9,395.9810262786788,0.7919620525573576,rebalance
2020-08-17,HCLTECH,buy,81.66706667483912,711.1,58073.4511124781,116.1469022249562,rebalance
2020-08-17,LTM,buy,23.692811844673045,2451.1,58073.4511124781,116.1469022249562,rebalance
2020-08-17,POLYPLEX,buy,71.69561865738036,810.0,58073.4511124781,116.1469022249562,rebalance
2020-08-17,POWERGRID,buy,19.732927825045486,99.0,1953.5598546795031,3.9071197093590064,rebalance
2020-08-17,TORNTPOWER,buy,12.129858123571834,343.85,4170.851715790175,8.34170343158035,rebalance
2020-08-17,ZYDUSLIFE,buy,145.4927999811552,399.15,58073.4511124781,116.1469022249562,rebalance
2020-11-17,ALKEM,sell,19.75742117835405,2710.0,53542.61139333947,107.08522278667895,rebalance
2020-11-17,CHAMBLFERT,sell,377.222806836493,185.3,69899.38610680217,139.79877221360434,rebalance
2020-11-17,COROMANDEL,sell,77.13001302957616,754.4,58186.881829512255,116.3737636590245,rebalance
2020-11-17,HCLTECH,sell,6.337291550796173,837.95,5310.333454989654,10.620666909979308,rebalance
2020-11-17,LTM,sell,2.9968823151019657,3050.0,9140.491061060995,18.28098212212199,rebalance
2020-11-17,PIIND,sell,3.087458240144786,2348.2,7249.969439507986,14.499938879015971,rebalance
2020-11-17,POLYPLEX,sell,71.69561865738036,777.15,55718.25003958315,111.43650007916631,rebalance
2020-11-17,POWERGRID,sell,588.8524173081925,105.1875,61939.91364560549,123.87982729121099,rebalance
2020-11-17,TORNTPOWER,sell,169.51455880535025,306.45,51947.736545899585,103.89547309179918,rebalance
2020-11-17,EVEREADY,buy,392.95385270803416,160.0,62872.61643328547,125.74523286657094,rebalance
2020-11-17,INDSWFTLAB,buy,1116.7427430423706,56.3,62872.61643328547,125.74523286657094,rebalance
2020-11-17,JINDALPOLY,buy,124.97041628560021,503.1,62872.61643328547,125.74523286657094,rebalance
2020-11-17,JKCEMENT,buy,33.21321523152957,1893.0,62872.61643328547,125.74523286657094,rebalance
2020-11-17,KELLTONTEC,buy,6170.031053315551,10.190000000000001,62872.61643328547,125.74523286657094,rebalance
2020-11-17,UFLEX,buy,186.2892338764014,337.5,62872.61643328547,125.74523286657094,rebalance
2020-11-17,ZYDUSLIFE,buy,0.6218228370538926,432.0,268.62746560728164,0.5372549312145632,rebalance
2021-02-15,EVEREADY,sell,39.662901866130206,224.0,8884.490018013166,17.76898003602633,rebalance
2021-02-15,INDSWFTLAB,sell,151.06644055809386,81.95,12379.894803735791,24.759789607471582,rebalance
2021-02-15,JKCEMENT,sell,4.118666338666887,2720.0,11202.772441173933,22.405544882347865,rebalance
2021-02-15,KELLTONTEC,sell,6170.031053315551,17.0,104890.52790636437,209.78105581272874,rebalance
2021-02-15,LTM,sell,20.695929529571078,4060.0,84025.47389005858,168.05094778011716,rebalance
2021-02-15,PIIND,sell,26.881264400473462,2235.0,60079.62593505819,120.15925187011638,rebalance
2021-02-15,ZYDUSLIFE,sell,146.11462281820909,466.9,68220.91739382182,136.44183478764364,rebalance
2021-02-15,GPIL,buy,3127.8344635559165,25.200000000000003,78821.42848160911,157.64285696321824,rebalance
2021-02-15,HCLTECH,buy,6.229983102133353,970.0,6043.083609069353,12.086167218138707,rebalance
2021-02-15,JINDALPOLY,buy,27.39992661962405,519.0,14220.561915584882,28.441123831169765,rebalance
2021-02-15,KNRCON,buy,350.3174599182627,225.0,78821.42848160911,157.64285696321824,rebalance
2021-02-15,STEELXIND,buy,14900.08099841382,5.29,78821.42848160911,157.64285696321824,rebalance
2021-02-15,TATASTLBSL,buy,1820.356315972497,43.3,78821.42848160911,157.64285696321824,rebalance
2021-02-15,UFLEX,buy,37.05055212127043,354.1,13119.600506141858,26.23920101228372,rebalance
2021-06-01,EVEREADY,sell,353.29095084190396,324.35,114589.91990557156,229.17983981114313,rebalance
2021-06-01,GPIL,sell,927.1677163259319,49.0,45431.21809997066,90.86243619994133,rebalance
2021-06-01,HCLTECH,sell,81.55975822617631,948.0,77318.65079841514,154.63730159683027,rebalance
2021-06-01,INDSWFTLAB,sell,965.6763024842768,83.7,80827.10651793396,161.65421303586794,rebalance
2021-06-01,JINDALPOLY,sell,152.37034290522425,812.65,123823.75916193049,247.647518323861,rebalance
2021-06-01,JKCEMENT,sell,29.09454889286268,2859.0,83181.3152846944,166.3626305693888,rebalance
2021-06-01,KNRCON,sell,350.3174599182627,220.5,77244.99991197693,154.48999982395387,rebalance
2021-06-01,STEELXIND,sell,14900.08099841382,5.75,85675.46574087946,171.35093148175892,rebalance
2021-06-01,TATASTLBSL,sell,723.3810299677233,98.3,71108.3552458272,142.2167104916544,rebalance
2021-06-01,COSMOFIRST,buy,203.9805713991584,526.5333333333333,107402.57019403687,214.80514038807377,rebalance
2021-06-01,DALBHARAT,buy,60.3928082512578,1778.4,107402.57019403687,214.80514038807377,rebalance
2021-06-01,GULPOLY,buy,759.0287646221685,141.50000000000003,107402.57019403687,214.80514038807377,rebalance
2021-06-01,JSWSTEEL,buy,149.8989116455504,716.5,107402.57019403687,214.80514038807377,rebalance
2021-06-01,SALASAR,buy,15356.386930803095,6.9940000000000015,107402.57019403687,214.80514038807377,rebalance
2021-06-01,TATASTEEL,buy,958.9515195896149,112.0,107402.57019403687,214.80514038807377,rebalance
2021-06-01,UFLEX,buy,12.362066153023134,457.4,5654.409058392781,11.308818116785561,rebalance
2021-06-01,VEDL,buy,388.4360585679453,276.5,107402.57019403687,214.80514038807377,rebalance
2021-08-16,COSMOFIRST,sell,203.9805713991584,913.3333333333333,186302.25521123133,372.6045104224627,rebalance
2021-08-16,DALBHARAT,sell,60.3928082512578,1910.0,115350.26375990239,230.70052751980478,rebalance
2021-08-16,GPIL,sell,2200.6667472299846,63.75,140292.50513591152,280.585010271823,rebalance
2021-08-16,GULPOLY,sell,759.0287646221685,224.91666666666666,170718.21964293608,341.43643928587215,rebalance
2021-08-16,SALASAR,sell,15356.386930803095,6.379000000000001,97958.39223159297,195.91678446318593,rebalance
2021-08-16,TATASTEEL,sell,62.861092777816964,148.4,9328.586168228037,18.657172336456075,rebalance
2021-08-16,UFLEX,sell,235.70185215069495,528.0,124450.57793556694,248.90115587113388,rebalance
2021-08-16,VEDL,sell,388.4360585679453,329.8,128106.21211570836,256.2124242314167,rebalance
2021-08-16,GHCL,buy,374.04809221834734,354.1,132450.4294545168,264.9008589090336,rebalance
2021-08-16,GRASIM,buy,88.36508736708038,1498.9,132450.4294545168,264.9008589090336,rebalance
2021-08-16,HGINFRA,buy,245.32400343492645,539.9,132450.4294545168,264.9008589090336,rebalance
2021-08-16,JSWSTEEL,buy,28.483644140374036,745.0,21220.314884578656,42.44062976915731,rebalance
2021-08-16,NITINSPIN,buy,576.1219202023349,229.9,132450.4294545168,264.9008589090336,rebalance
2021-08-16,SHIVAMILLS,buy,1461.925269917404,90.6,132450.4294545168,264.9008589090336,rebalance
2021-08-16,SPLPETRO,buy,381.5091220696098,347.175,132450.4294545168,264.9008589090336,rebalance
2021-08-16,STYRENIX,buy,93.52522910218669,1416.2,132450.4294545168,264.9008589090336,rebalance
2021-08-16,TATASTLBSL,buy,262.38335537829613,97.75,25647.97298822845,51.2959459764569,rebalance
2021-11-15,GHCL,sell,23.352727967285215,417.5,9749.763926341577,19.499527852683155,rebalance
2021-11-15,GRASIM,sell,88.36508736708038,1859.05,164275.11566977078,328.55023133954154,rebalance
2021-11-15,HGINFRA,sell,35.63504593429136,698.25,24882.170823618944,49.76434164723789,rebalance
2021-11-15,NITINSPIN,sell,6.412524969578274,257.0,1648.0189171816164,3.296037834363233,rebalance
2021-11-15,SHIVAMILLS,sell,1461.925269917404,121.05,176966.05392350175,353.9321078470035,rebalance
2021-11-15,SPLPETRO,sell,381.5091220696098,343.0,130857.62886987616,261.71525773975236,rebalance
2021-11-15,STYRENIX,sell,93.52522910218669,1527.0,142813.02483903908,285.6260496780782,rebalance
2021-11-15,HINDALCO,buy,309.15395813939705,473.6,146415.31457481845,292.8306291496369,rebalance
2021-11-15,JSWSTEEL,buy,38.52902136195475,675.0,26007.089419319454,52.01417883863891,rebalance
2021-11-15,OIL,buy,989.7384941966096,147.93333333333334,146415.31457481845,292.8306291496369,rebalance
2021-11-15,ONGC,buy,935.8601123350493,156.45,146415.31457481845,292.8306291496369,rebalance
2021-11-15,TATASTEEL,buy,234.52976295513997,129.5,30371.604302690626,60.743208605381255,rebalance
2021-11-15,VEDL,buy,445.0313512912415,329.0,146415.31457481845,292.8306291496369,rebalance
2021-11-23,TATASTLBSL,cancel,0.0,,0.0,0.0,no trade within 5 sessions
2021-12-13,TATASTLBSL,sell,1359.3586413830699,85.35,116021.260042045,232.04252008409,no trade for 20 sessions
2022-02-15,GHCL,sell,350.69536425106213,410.0,143785.0993429355,287.570198685871,rebalance
2022-02-15,HGINFRA,sell,209.6889575006351,586.05,122888.21354324718,245.77642708649438,rebalance
2022-02-15,HINDALCO,sell,24.47649062470196,526.45,12885.648489374347,25.771296978748694,rebalance
2022-02-15,NITINSPIN,sell,43.855174976226,285.0,12498.72486822441,24.99744973644882,rebalance
2022-02-15,OIL,sell,16.56672294264056,154.0,2551.2753331666463,5.1025506663332925,rebalance
2022-02-15,ONGC,sell,54.28097837557143,170.0,9227.766323847143,18.455532647694287,rebalance
2022-02-15,VEDL,sell,38.88378280042512,369.0,14348.115853356867,28.696231706713736,rebalance
2022-02-15,DCMNVL,buy,553.2199836527438,270.0,149369.39558624083,298.7387911724817,rebalance
2022-02-15,JSWSTEEL,buy,18.723675739621598,635.85,11905.449219038393,23.810898438076787,rebalance
2022-02-15,MAHSEAMLES,buy,579.8501381453448,257.6,149369.39558624083,298.7387911724817,rebalance
2022-02-15,PRECOT,buy,455.1863342564097,328.15,149369.39558624083,298.7387911724817,rebalance
2022-02-15,TATASTEEL,buy,121.1657579405803,119.685,14501.723739118353,29.00344747823671,rebalance
2022-06-01,JSWSTEEL,sell,235.6352528875008,554.05,130553.7118623198,261.1074237246396,rebalance
2022-06-01,MAHSEAMLES,sell,104.57663785108065,277.0,28967.728684749338,57.93545736949868,rebalance
2022-06-01,OIL,sell,151.723604148034,160.26666666666665,24316.236291458248,48.6324725829165,rebalance
2022-06-01,ONGC,sell,10.87305207117641,151.2,1644.005473161873,3.288010946323746,rebalance
2022-06-01,PRECOT,sell,455.1863342564097,260.3,118485.00280694345,236.9700056138869,rebalance
2022-06-01,TATASTEEL,sell,1251.7859477075183,106.55000000000001,133377.7927282361,266.7555854564722,rebalance
2022-06-01,VEDL,sell,406.14756849081635,320.5,130170.29570130665,260.3405914026133,rebalance
2022-06-01,AURIONPRO,buy,837.9125562461239,156.5,131133.3150525184,262.26663010503677,rebalance
2022-06-01,DCMNVL,buy,163.77215413196984,183.45,30044.001675509866,60.088003351019736,rebalance
2022-06-01,HINDALCO,buy,27.921996601961183,421.0,11755.160569425658,23.510321138851317,rebalance
2022-06-01,NITINSPIN,buy,77.7415828107852,218.0,16947.665052751174,33.895330105502346,rebalance
2022-06-01,NTPC,buy,838.1803454938856,156.45,131133.3150525184,262.26663010503677,rebalance
2022-06-01,POLYPLEX,buy,55.38543072350997,2367.65,131133.3150525184,262.26663010503677,rebalance
2022-06-01,UFLEX,buy,211.57359640612842,619.8,131133.3150525184,262.26663010503677,rebalance
2022-08-16,AURIONPRO,sell,837.9125562461239,172.5,144539.9159524564,289.0798319049128,rebalance
2022-08-16,DCMNVL,sell,716.9921377847137,184.95,132607.69588328278,265.2153917665656,rebalance
2022-08-16,HINDALCO,sell,312.59946411665624,434.0,135668.16742662882,271.33633485325765,rebalance
2022-08-16,MAHSEAMLES,sell,126.73656232428489,387.5,49110.417900660395,98.22083580132079,rebalance
2022-08-16,NITINSPIN,sell,603.5958030673158,201.95,121896.17242944443,243.79234485888887,rebalance
2022-08-16,OIL,sell,821.448167105935,127.33333333333333,104597.73327815572,209.19546655631143,rebalance
2022-08-16,ONGC,sell,870.7060818883015,139.5,121463.49842341806,242.92699684683612,rebalance
2022-08-16,UFLEX,sell,13.773269131132892,682.8,9404.388162737538,18.808776325475076,rebalance
2022-08-16,COALINDIA,buy,599.4658763771662,224.4,134520.1426590361,269.04028531807216,rebalance
2022-08-16,EIDPARRY,buy,230.85660315605986,582.7,134520.1426590361,269.04028531807216,rebalance
2022-08-16,GESHIP,buy,256.2288431600688,525.0,134520.1426590361,269.04028531807216,rebalance
2022-08-16,ITC,buy,435.9751828197572,308.55,134520.1426590361,269.04028531807216,rebalance
2022-08-16,NTPC,buy,11.196663936844145,159.0,1780.269565958219,3.5605391319164377,rebalance
2022-08-16,POLYPLEX,buy,4.85128814362163,2241.4,10873.677245113522,21.747354490227046,rebalance
2022-08-16,POWERGRID,buy,782.5488229146953,171.89999999999998,134520.1426590361,269.04028531807216,rebalance
2022-08-16,RITES,buy,989.3005527415783,135.975,134520.1426590361,269.04028531807216,rebalance
2022-11-15,EIDPARRY,sell,0.19540820897801522,624.9,122.1105897903617,0.2442211795807234,rebalance
2022-11-15,GESHIP,sell,21.854565562619268,615.0,13440.55782101085,26.8811156420217,rebalance
2022-11-15,ITC,sell,22.906890163412594,348.95,7993.359322522825,15.98671864504565,rebalance
2022-11-15,NTPC,sell,12.811828221028943,172.3,2207.478002483287,4.414956004966574,rebalance
2022-11-15,POLYPLEX,sell,60.2367188671316,1789.8,107811.67942839213,215.62335885678428,rebalance
2022-11-15,RITES,sell,989.3005527415783,183.5,181536.6514280796,363.0733028561592,rebalance
2022-11-15,ANDHRAPAP,buy,1577.8040775187565,91.0,143580.17105420685,287.1603421084137,rebalance
2022-11-15,COALINDIA,buy,15.406544669742555,234.4,3611.294070587655,7.22258814117531,rebalance
2022-11-15,MAHSEAMLES,buy,13.571387273607879,398.0,5401.412134895936,10.802824269791872,rebalance
2022-11-15,POWERGRID,buy,132.11164902583542,157.5,20807.584721569077,41.61516944313816,rebalance
2022-11-15,STARPAPER,buy,690.289283914456,208.0,143580.17105420685,287.1603421084137,rebalance
2022-11-15,UFLEX,buy,18.878193054599006,665.0,12553.99838130834,25.10799676261668,rebalance
2023-02-15,ANDHRAPAP,sell,47.676887349245796,86.35000000000001,4116.899222607375,8.23379844521475,rebalance
2023-02-15,EIDPARRY,sell,230.66119494708184,515.85,118986.57741345218,237.97315482690436,rebalance
2023-02-15,GESHIP,sell,2.9793864045646483,571.0,1701.2296370064141,3.4024592740128283,rebalance
2023-02-15,ITC,sell,66.96093739468836,381.75,25562.33785042228,51.124675700844556,rebalance
2023-02-15,NTPC,sell,40.62251331128358,166.0,6743.3372096730745,13.48667441934615,rebalance
2023-02-15,POWERGRID,sell,914.6604719405307,159.9375,146288.50923098862,292.5770184619773,rebalance
2023-02-15,UFLEX,sell,216.67852032959453,490.0,106172.47496150133,212.34494992300267,rebalance
2023-02-15,COALINDIA,buy,11.275170979589118,211.0,2379.061076693304,4.7581221533866085,rebalance
2023-02-15,JKPAPER,buy,340.9578782333607,386.0,131609.74099807724,263.21948199615446,rebalance
2023-02-15,M&M,buy,96.47393417246535,1364.2,131609.74099807724,263.21948199615446,rebalance
2023-02-15,MAHSEAMLES,buy,44.822398140497846,324.55,14547.109316498576,29.09421863299715,rebalance
2023-02-15,SHRIPISTON,buy,203.57268522517748,646.5,131609.74099807724,263.21948199615446,rebalance
2023-02-15,STARPAPER,buy,78.47409689565224,171.8,13481.849846673056,26.96369969334611,rebalance
2023-06-01,COALINDIA,sell,626.1475920264978,230.4,144264.4052029051,288.5288104058102,rebalance
2023-06-01,GESHIP,sell,19.35405219099708,690.0,13354.296011787985,26.70859202357597,rebalance
2023-06-01,ITC,sell,18.795993043977095,447.0,8401.808890657761,16.803617781315523,rebalance
2023-06-01,JKPAPER,sell,340.9578782333607,331.55,113044.58452827075,226.0891690565415,rebalance
2023-06-01,MAHSEAMLES,sell,81.83755837730216,450.05,36830.99314770484,73.66198629540968,rebalance
2023-06-01,NTPC,sell,795.9426678984173,173.6,138175.64714716523,276.35129429433044,rebalance
2023-06-01,SHRIPISTON,sell,203.57268522517748,785.375,159880.89765872376,319.76179531744754,rebalance
2023-06-01,STARPAPER,sell,768.7633808101082,180.5,138761.79023622454,277.52358047244905,rebalance
2023-06-01,ANANDRATHI,buy,677.800424788087,215.0,145727.0913294387,291.4541826588774,rebalance
2023-06-01,ANDHRAPAP,buy,110.21139345233676,89.17000000000002,9827.549954144872,19.655099908289742,rebalance
2023-06-01,HGINFRA,buy,160.84667917156588,906.0,145727.0913294387,291.4541826588774,rebalance
2023-06-01,INDRAMEDCO,buy,1632.7965415063159,89.25,145727.0913294387,291.4541826588774,rebalance
2023-06-01,M&M,buy,14.392239174443365,1319.0,18983.363471090797,37.966726942181594,rebalance
2023-06-01,NCC,buy,1222.542712495291,119.2,145727.0913294387,291.4541826588774,rebalance
2023-06-01,ZYDUSLIFE,buy,290.1196323500671,502.3,145727.0913294387,291.4541826588774,rebalance
2023-08-16,ANANDRATHI,sell,677.800424788087,358.3125,242864.3647068814,485.72872941376284,rebalance
2023-08-16,ANDHRAPAP,sell,1640.3385836218474,83.09,136295.7329131393,272.59146582627864,rebalance
2023-08-16,GESHIP,sell,212.04083900188778,730.0,154789.81247137807,309.57962494275614,rebalance
2023-08-16,INDRAMEDCO,sell,488.4385403402653,158.0,77173.28937376192,154.34657874752384,rebalance
2023-08-16,ITC,sell,327.3113622176792,451.0,147617.42436017332,295.23484872034663,rebalance
2023-08-16,MAHSEAMLES,sell,325.0931650067828,479.0,155719.62603824894,311.4392520764979,rebalance
2023-08-16,NCC,sell,56.03584679054273,155.0,8685.556252534123,17.371112505068247,rebalance
2023-08-16,ZYDUSLIFE,sell,7.606250812198368,640.0,4868.000519806956,9.736001039613912,rebalance
2023-08-16,BHARTIARTL,buy,207.00167620138538,870.0,180091.4582952053,360.18291659041057,rebalance
2023-08-16,HGINFRA,buy,29.620978859914565,948.7,28101.42264440095,56.2028452888019,rebalance
2023-08-16,M&M,buy,5.087120932215527,1559.05,7931.075889370616,15.862151778741232,rebalance
2023-08-16,PRAKASH,buy,2001.0162032800588,90.0,180091.4582952053,360.18291659041057,rebalance
2023-08-16,TMPV,buy,296.8377423688895,606.7,180091.4582952053,360.18291659041057,rebalance
2023-08-16,VENUSPIPES,buy,130.2179741830841,1383.0,180091.4582952053,360.18291659041057,rebalance
2023-08-16,VINDHYATEL,buy,89.24254623151897,2018.0,180091.4582952053,360.18291659041057,rebalance
2023-11-15,BHARTIARTL,sell,207.00167620138538,948.0,196237.58903891334,392.4751780778267,rebalance
2023-11-15,INDRAMEDCO,sell,1144.3580011660506,216.95,248268.46835297465,496.5369367059493,rebalance
2023-11-15,M&M,sell,115.95329427912424,1549.0,179611.65283836343,359.22330567672685,rebalance
2023-11-15,NCC,sell,1166.5068657047482,167.6,195506.5506921158,391.0131013842316,rebalance
2023-11-15,PRAKASH,sell,690.5610239671817,159.5,110144.48332276547,220.28896664553096,rebalance
2023-11-15,VENUSPIPES,sell,130.2179741830841,1477.0,192331.9478684152,384.66389573683045,rebalance
2023-11-15,VINDHYATEL,sell,89.24254623151897,2420.0,215966.96188027592,431.93392376055186,rebalance
2023-11-15,ZYDUSLIFE,sell,282.5133815378687,624.0,176288.3500796301,352.5767001592602,rebalance
2023-11-15,ANANDRATHI,buy,395.40418676239904,526.5125,208185.24688273764,416.3704937654753,rebalance
2023-11-15,ASHOKA,buy,1467.126475565452,141.9,208185.24688273764,416.3704937654753,rebalance
2023-11-15,AUROPHARMA,buy,212.35808321797077,980.35,208185.24688273764,416.3704937654753,rebalance
2023-11-15,CONTROLPR,buy,237.92599643741445,875.0,208185.24688273764,416.3704937654753,rebalance
2023-11-15,CYIENT,buy,123.57040918993182,1684.75,208185.24688273764,416.3704937654753,rebalance
2023-11-15,GULFOILLUB,buy,328.13499390454353,634.45,208185.24688273764,416.3704937654753,rebalance
2023-11-15,HGINFRA,buy,52.93097410090041,858.0,45414.77577857255,90.8295515571451,rebalance
2023-11-15,OIL,buy,976.4786439152798,213.2,208185.24688273764,416.3704937654753,rebalance
2023-11-15,TMPV,buy,19.77652327974317,660.0,13052.505364630491,26.105010729260982,rebalance
2024-02-15,ANANDRATHI,sell,89.9416404754683,875.0,78698.93541603477,157.39787083206954,rebalance
2024-02-15,ASHOKA,sell,1467.126475565452,172.6,253226.029682597,506.45205936519403,rebalance
2024-02-15,CONTROLPR,sell,237.92599643741445,933.75,222163.39917343576,444.3267983468715,rebalance
2024-02-15,CYIENT,sell,123.57040918993182,2119.35,261888.946716682,523.777893433364,rebalance
2024-02-15,GULFOILLUB,sell,328.13499390454353,858.0,281539.8247700984,563.0796495401968,rebalance
2024-02-15,HGINFRA,sell,243.39863213238087,923.0,224656.93745818755,449.3138749163751,rebalance
2024-02-15,OIL,sell,976.4786439152798,337.9,329952.133778973,659.904267557946,rebalance
2024-02-15,PRAKASH,sell,1310.4551793128771,182.9,239682.25229632523,479.36450459265046,rebalance
2024-02-15,TMPV,sell,27.25654344330152,923.7,25176.869178577617,50.35373835715524,rebalance
2024-02-15,AUROPHARMA,buy,54.98273545848496,998.95,54925.00358625355,109.8500071725071,rebalance
2024-02-15,BAJAJ-AUTO,buy,32.78270920815167,8120.6,266215.2683957165,532.430536791433,rebalance
2024-02-15,CHOICEIN,buy,975.9518592089323,272.775,266215.2683957165,532.430536791433,rebalance
2024-02-15,GATEWAY,buy,2402.664877217658,110.8,266215.2683957165,532.430536791433,rebalance
2024-02-15,GPTINFRA,buy,3089.24013223924,86.175,266215.2683957165,532.430536791433,rebalance
2024-02-15,JSL,buy,463.78966619462807,574.0,266215.2683957165,532.430536791433,rebalance
2024-02-15,NAM-INDIA,buy,538.8973044447703,494.0,266215.2683957165,532.430536791433,rebalance
2024-02-15,RKFORGE,buy,364.6784498571459,730.0,266215.2683957165,532.430536791433,rebalance
2024-06-03,ANANDRATHI,sell,7.687103389123061,1072.5,8244.418384834484,16.488836769668968,rebalance
2024-06-03,AUROPHARMA,sell,7.483892307132164,1229.0,9197.70364546543,18.39540729093086,rebalance
2024-06-03,CHOICEIN,sell,975.9518592089323,369.9,361004.592721384,722.0091854427681,rebalance
2024-06-03,GATEWAY,sell,2402.664877217658,102.7,246753.6828902535,493.507365780507,rebalance
2024-06-03,GPTINFRA,sell,3089.24013223924,120.9,373489.13198772416,746.9782639754484,rebalance
2024-06-03,JSL,sell,463.78966619462807,820.0,380307.52627959504,760.6150525591901,rebalance
2024-06-03,NAM-INDIA,sell,27.054748938882515,623.95,16880.810600415745,33.76162120083149,rebalance
2024-06-03,RKFORGE,sell,364.6784498571459,700.0,255274.91490000213,510.54982980000426,rebalance
2024-06-03,ASHOKA,buy,1598.4477550825475,199.0,318091.10326142696,636.1822065228539,rebalance
2024-06-03,BAJAJ-AUTO,buy,1.998417213878398,9180.0,18345.470023403694,36.69094004680739,rebalance
2024-06-03,LGBBROSLTD,buy,249.50278709030272,1274.9,318091.10326142696,636.1822065228539,rebalance
2024-06-03,NTPC,buy,826.2106578218882,385.0,318091.10326142696,636.1822065228539,rebalance
2024-06-03,SMCGLOBAL,buy,3855.649736502145,82.5,318091.10326142696,636.1822065228539,rebalance
2024-06-03,TMPV,buy,42.10839657621968,963.0,40550.38590289956,81.10077180579911,rebalance
2024-06-03,TVSHLTD,buy,26.52970002180375,11990.0,318091.10326142696,636.1822065228539,rebalance
2024-08-16,ASHOKA,sell,179.07579432702823,237.7,42566.31631153461,85.13263262306923,rebalance
2024-08-16,AUROPHARMA,sell,259.85692636932356,1525.0,396281.81271321845,792.5636254264369,rebalance
2024-08-16,BAJAJ-AUTO,sell,0.3119074731552369,9788.0,3052.950347243459,6.105900694486918,rebalance
2024-08-16,LGBBROSLTD,sell,249.50278709030272,1293.5,322731.8551013066,645.4637102026131,rebalance
2024-08-16,SMCGLOBAL,sell,3855.649736502145,71.525,275775.34740331594,551.5506948066319,rebalance
2024-08-16,TMPV,sell,16.741571140145165,1072.0,17946.96426223562,35.893928524471235,rebalance
2024-08-16,TVSHLTD,sell,26.52970002180375,13486.3,357787.49340405193,715.5749868081039,rebalance
2024-08-16,ANANDRATHI,buy,73.09348193463963,909.0,66441.97507858742,132.88395015717484,rebalance
2024-08-16,DJML,buy,3231.203022976137,104.0,336045.1143895183,672.0902287790366,rebalance
2024-08-16,ELECTHERM,buy,362.60600419694447,926.75,336045.1143895183,672.0902287790366,rebalance
2024-08-16,HEROMOTOCO,buy,65.63381140420279,5120.0,336045.1143895183,672.0902287790366,rebalance
2024-08-16,NAM-INDIA,buy,10.463950947261756,645.9,6758.665916836368,13.517331833672735,rebalance
2024-08-16,NTPC,buy,21.298246943008614,398.05,8477.767195664579,16.95553439132916,rebalance
2024-08-16,OIL,buy,505.368996750911,664.95,336045.1143895183,672.0902287790366,rebalance
2024-11-18,ANANDRATHI,sell,33.60873743747619,971.25,32642.486236148747,65.2849724722975,rebalance
2024-11-18,ASHOKA,sell,1419.3719607555192,230.08,326569.10073062987,653.1382014612598,rebalance
2024-11-18,DJML,sell,3231.203022976137,122.78,396727.10716101015,793.4542143220203,rebalance
2024-11-18,ELECTHERM,sell,362.60600419694447,1049.6,380591.2620051129,761.1825240102258,rebalance
2024-11-18,NAM-INDIA,sell,522.3065064531495,672.6,351303.35624038836,702.6067124807768,rebalance
2024-11-18,OIL,sell,505.368996750911,475.45,240277.68950522062,480.55537901044124,rebalance
2024-11-18,TMPV,sell,314.7245476414057,778.0,244855.69806501365,489.7113961300273,rebalance
2024-11-18,BAJAJ-AUTO,buy,0.1598307360341751,9459.05,1511.846923684064,3.023693847368128,rebalance
2024-11-18,BHARTIARTL,buy,207.94768709589002,1568.95,326259.52366909664,652.5190473381933,rebalance
2024-11-18,FIEMIND,buy,217.44111677769777,1500.45,326259.52366909664,652.5190473381933,rebalance
2024-11-18,HEROMOTOCO,buy,2.118124028077997,4834.15,10239.329270333248,20.478658540666498,rebalance
2024-11-18,M&M,buy,114.71853856156703,2844.0,326259.52366909664,652.5190473381933,rebalance
2024-11-18,MOTHERSON,buy,2939.2749880098795,111.0,326259.52366909664,652.5190473381933,rebalance
2024-11-18,NATCOPHARM,buy,235.0488265329755,1388.05,326259.52366909664,652.5190473381933,rebalance
2024-11-18,NTPC,buy,14.443760144833316,380.0,5488.62885503666,10.977257710073319,rebalance
2024-11-18,VEDL,buy,734.2399542457446,444.35,326259.52366909664,652.5190473381933,rebalance
2025-02-17,ANANDRATHI,sell,337.26018739497107,912.4875,307745.70524556865,615.4914104911373,rebalance
2025-02-17,BAJAJ-AUTO,sell,34.629049684909006,8494.0,294139.1480236171,588.2782960472342,rebalance
2025-02-17,BHARTIARTL,sell,39.512217266483496,1711.75,67635.03790590313,135.27007581180627,rebalance
2025-02-17,FIEMIND,sell,6.988988689751318,1370.0,9574.914504959306,19.149829009918612,rebalance
2025-02-17,HEROMOTOCO,sell,67.75193543228079,3845.05,260509.57933389125,521.0191586677826,rebalance
2025-02-17,M&M,sell,16.677388030933663,2940.8,49044.86272136972,98.08972544273944,rebalance
2025-02-17,MOTHERSON,sell,2939.2749880098795,84.13333333333333,247291.0023245645,494.58200464912903,rebalance
2025-02-17,NATCOPHARM,sell,235.0488265329755,880.0,206842.96734901844,413.6859346980369,rebalance
2025-02-17,NTPC,sell,861.9526649097301,297.5,256430.9178106447,512.8618356212894,rebalance
2025-02-17,VEDL,sell,36.72110706905012,413.35,15178.669606991869,30.35733921398374,rebalance
2025-02-17,EIDPARRY,buy,383.9219304869021,748.0,287173.60400420276,574.3472080084056,rebalance
2025-02-17,NESCO,buy,312.12825825140237,920.05,287173.60400420276,574.3472080084056,rebalance
2025-02-17,PITTIENG,buy,303.5020122640063,946.2,287173.60400420276,574.3472080084056,rebalance
2025-02-17,RKFORGE,buy,449.69245850955645,638.6,287173.60400420276,574.3472080084056,rebalance
2025-02-17,SWARAJENG,buy,100.7626680716501,2850.0,287173.60400420276,574.3472080084056,rebalance
2025-02-17,TCPLPACK,buy,84.20525568971462,3410.4,287173.60400420276,574.3472080084056,rebalance
2025-06-02,EIDPARRY,sell,45.40794847284164,948.7,43078.52071618487,86.15704143236974,rebalance
2025-06-02,FIEMIND,sell,14.856650448175966,1641.9,24393.13437086012,48.78626874172024,rebalance
2025-06-02,NESCO,sell,312.12825825140237,926.65,289233.650508662,578.467301017324,rebalance
2025-06-02,PITTIENG,sell,303.5020122640063,989.2,300224.19053155504,600.4483810631101,rebalance
2025-06-02,RKFORGE,sell,449.69245850955645,600.0,269815.47510573384,539.6309502114677,rebalance
2025-06-02,SWARAJENG,sell,18.627574788596597,3910.0,72833.8174234127,145.6676348468254,rebalance
2025-06-02,TCPLPACK,sell,84.20525568971462,4078.5,343431.13533050107,686.8622706610022,rebalance
2025-06-02,BHARTIARTL,buy,5.700151732636114,1844.0,10511.079794980995,21.02215958996199,rebalance
2025-06-02,DRREDDY,buy,255.68839802989208,1251.0,319866.185935395,639.7323718707901,rebalance
2025-06-02,EICHERMOT,buy,59.90003481936236,5340.0,319866.185935395,639.7323718707901,rebalance
2025-06-02,HINDALCO,buy,508.5717241996899,628.95,319866.185935395,639.7323718707901,rebalance
2025-06-02,LUPIN,buy,163.69815042753072,1954.0,319866.185935395,639.7323718707901,rebalance
2025-06-02,M&M,buy,9.803263401132257,2976.8,29182.354492490507,58.364708984981014,rebalance
2025-06-02,VEDL,buy,42.62431741824371,433.8,18490.428896034122,36.98085779206824,rebalance
2025-08-18,DRREDDY,sell,255.68839802989208,1270.0,324724.26549796294,649.4485309959259,rebalance
2025-08-18,EICHERMOT,sell,0.32002162800690587,5880.0,1881.7271726806066,3.7634543453612133,rebalance
2025-08-18,EIDPARRY,sell,38.70184888169417,1168.5,45223.11041825963,90.44622083651926,rebalance
2025-08-18,FIEMIND,sell,9.3485464514823,1881.0,17584.615875238203,35.169231750476406,rebalance
2025-08-18,HINDALCO,sell,8.09961339230408,700.0,5669.729374612856,11.339458749225713,rebalance
2025-08-18,LUPIN,sell,163.69815042753072,1975.0,323303.8470943732,646.6076941887464,rebalance
2025-08-18,M&M,sell,3.268151972013345,3350.0,10948.309106244706,21.89661821248941,rebalance
2025-08-18,SWARAJENG,sell,82.1350932830535,4032.5,331209.7636639132,662.4195273278264,rebalance
2025-08-18,VEDL,sell,740.1431645949381,440.0,325662.99242177274,651.3259848435455,rebalance
2025-08-18,BHARTIARTL,buy,10.936280676888021,1892.5,20696.91118101058,41.39382236202116,rebalance
2025-08-18,GRASIM,buy,124.8478001327454,2795.0,348949.6013710234,697.8992027420468,rebalance
2025-08-18,NESCO,buy,255.26671643820293,1367.0,348949.6013710234,697.8992027420468,rebalance
2025-08-18,RELIANCE,buy,251.0428786841895,1390.0,348949.6013710234,697.8992027420468,rebalance
2025-08-18,SSWL,buy,1653.789579957457,211.0,348949.6013710234,697.8992027420468,rebalance
2025-11-17,BHARTIARTL,sell,9.363652591483984,2112.0,19776.034273214173,39.552068546428345,rebalance
2025-11-17,EICHERMOT,sell,4.439474817595082,6730.0,29877.6655224149,59.7553310448298,rebalance
2025-11-17,FIEMIND,sell,186.2469311882882,2254.2,419837.8322846392,839.6756645692784,rebalance
2025-11-17,HINDALCO,sell,37.18144507029801,801.0,29782.337501308706,59.56467500261741,rebalance
2025-11-17,M&M,sell,4.5504335890225365,3710.0,16882.10861527361,33.76421723054722,rebalance
2025-11-17,NESCO,sell,255.26671643820293,1276.0,325720.3301751469,651.4406603502939,rebalance
2025-11-17,RELIANCE,sell,7.045361914245831,1520.9,10715.290935376484,21.43058187075297,rebalance
2025-11-17,SSWL,sell,1653.789579957457,208.0,343988.23263115104,687.9764652623021,rebalance
2025-11-17,EIDPARRY,buy,60.582601437921404,1029.0,62339.496879621125,124.67899375924225,rebalance
2025-11-17,GRASIM,buy,8.128902948604605,2790.0,22679.639226606847,45.3592784532137,rebalance
2025-11-17,HEROMOTOCO,buy,66.13270357187184,5589.0,369615.68026319175,739.2313605263835,rebalance
2025-11-17,IMPAL,buy,352.14908561660803,1049.6,369615.68026319175,739.2313605263835,rebalance
2025-11-17,VEDL,buy,701.4245758861215,526.95,369615.68026319175,739.2313605263835,rebalance
2026-02-16,EICHERMOT,sell,7.6253201576335226,8078.5,61601.14889344241,123.20229778688483,rebalance
2026-02-16,EIDPARRY,sell,360.39473457028777,911.05,328337.62293026067,656.6752458605214,rebalance
2026-02-16,HINDALCO,sell,34.40609550358976,895.0,30793.455475712835,61.58691095142567,rebalance
2026-02-16,IMPAL,sell,352.14908561660803,1040.0,366235.0490412724,732.4700980825447,rebalance
2026-02-16,VEDL,sell,701.4245758861215,669.0,469253.0412678153,938.5060825356305,rebalance
2026-02-16,ASHOKLEY,buy,1865.4592667931029,204.95,382325.8767292464,764.6517534584929,rebalance
2026-02-16,BHARTIARTL,buy,15.20207106142252,2010.0,30556.162833459268,61.11232566691854,rebalance
2026-02-16,BPCL,buy,1025.9650522722297,372.65,382325.8767292464,764.6517534584929,rebalance
2026-02-16,GRASIM,buy,0.7664716031610626,2870.0,2199.7735010722495,4.399547002144499,rebalance
2026-02-16,HEROMOTOCO,buy,2.6719236140693674,5578.0,14903.989919278933,29.807979838557866,rebalance
2026-02-16,IOC,buy,2173.541084304982,175.9,382325.8767292464,764.6517534584929,rebalance
2026-02-16,M&M,buy,8.526195694680645,3535.0,30140.101780696077,60.280203561392156,rebalance
2026-02-16,RELIANCE,buy,26.19699104970676,1420.1,37202.346989688565,74.40469397937713,rebalance
2026-06-01,ASHOKLEY,sell,1865.4592667931029,157.03,292933.0686645209,585.8661373290419,rebalance
2026-06-01,BHARTIARTL,sell,190.9103207088692,1830.0,349365.88689723064,698.7317737944613,rebalance
2026-06-01,BPCL,sell,1025.9650522722297,298.75,306507.05936632864,613.0141187326573,rebalance
2026-06-01,EICHERMOT,sell,47.51521821612685,7177.0,341016.7211371424,682.0334422742848,rebalance
2026-06-01,GRASIM,sell,21.570897422183744,3151.4,67978.52613626985,135.9570522725397,rebalance
2026-06-01,HINDALCO,sell,116.05296442420747,1130.0,131139.84979935444,262.2796995987089,rebalance
2026-06-01,IOC,sell,2173.541084304982,140.5,305382.52234485,610.7650446897001,rebalance
2026-06-01,RELIANCE,sell,270.1945078196504,1332.5,360034.1816696842,720.0683633393684,rebalance
2026-06-01,CEIGALL,buy,1015.5464636123012,346.7,352089.9589343848,704.1799178687696,rebalance
2026-06-01,COALINDIA,buy,771.1969311891027,456.55,352089.9589343848,704.1799178687696,rebalance
2026-06-01,GESHIP,buy,248.14289867812022,1418.9,352089.9589343848,704.1799178687696,rebalance
2026-06-01,HEROMOTOCO,buy,3.0982790954293984,4915.5,15229.590893583209,30.45918178716642,rebalance
2026-06-01,LUPIN,buy,154.0605403580926,2285.4,352089.9589343848,704.1799178687696,rebalance
2026-06-01,M&M,buy,7.3202118265333205,3050.0,22326.64607092663,44.65329214185326,rebalance
2026-06-01,ONGC,buy,1320.9152464242536,266.55,352089.9589343848,704.1799178687696,rebalance
2026-06-01,RPTECH,buy,646.0366218979538,545.0,352089.9589343848,704.1799178687696,rebalance
2026-08-17,CEIGALL,sell,1015.5464636123012,320.0,324974.86835593637,649.9497367118728,rebalance
2026-08-17,HEROMOTOCO,sell,8.073120699743976,5765.0,46541.540834024025,93.08308166804805,rebalance
2026-08-17,M&M,sell,115.87223589194372,3428.3,397244.7863083507,794.4895726167014,rebalance
2026-08-17,ONGC,sell,1320.9152464242536,237.99,314364.61949650815,628.7292389930163,rebalance
2026-08-17,RPTECH,sell,646.0366218979538,840.0,542670.7623942811,1085.3415247885623,rebalance
2026-08-17,AUROPHARMA,buy,224.77635611268764,1630.6,366520.32627734845,733.0406525546969,rebalance
2026-08-17,BAJAJ-AUTO,buy,31.326523613448586,11700.0,366520.32627734845,733.0406525546969,rebalance
2026-08-17,COALINDIA,buy,132.17963991454806,407.1,53810.331409212515,107.62066281842503,rebalance
2026-08-17,GESHIP,buy,38.93869025842539,1281.1,49884.356090068766,99.76871218013754,rebalance
2026-08-17,GRANULES,buy,431.20038385570405,850.0,366520.32627734845,733.0406525546969,rebalance
2026-08-17,GRASIM,buy,1.3958457779134337,3240.0,4522.540320439525,9.04508064087905,rebalance
2026-08-17,HINDALCO,buy,43.21976590340607,1033.0,44646.01817821847,89.29203635643695,rebalance
2026-08-17,LUPIN,buy,10.79844810255263,2231.5,24096.736940846193,48.193473881692384,rebalance
2026-08-17,OIL,buy,777.5144808598822,471.4,366520.32627734845,733.0406525546969,rebalance
