D,symbol,ticker,rank,sector,sigma,target_weight,status,sold_reason
2019-02-15,NTPC,NTPC,1,Power,0.01245960696987818,0.06172484917384883,new,
2019-02-15,POWERGRID,POWERGRID,2,Power,0.013006336883851131,0.0591302045955808,new,
2019-02-15,ITC,ITC,3,Fast Moving Consumer Goods,0.012988910739733642,0.059209534686273255,new,
2019-02-15,RATNAMANI,RATNAMANI,4,Capital Goods,0.012696070055740888,0.06057522978407092,new,
2019-02-15,SKFINDIA,SKFINDIA,5,Automobile and Auto Components,0.010557877840556491,0.0728429872551575,new,
2019-02-15,COLPAL,COLPAL,6,Fast Moving Consumer Goods,0.013006746829998578,0.059128340932061506,new,
2019-02-15,LT,LT,7,Construction,0.013755082390499626,0.05591150522750388,new,
2019-02-15,BRITANNIA,BRITANNIA,8,Fast Moving Consumer Goods,0.014110106915977248,0.05450471534771511,new,
2019-02-15,MGL,MGL,9,Oil Gas & Consumable Fuels,0.016041040954732296,0.04794373152911142,new,
2019-02-15,AARTIIND,AARTIIND,10,Chemicals,0.018888076224931633,0.04071708266223656,new,
2019-02-15,EXIDEIND,EXIDEIND,11,Automobile and Auto Components,0.017222915668932054,0.044653726219449935,new,
2019-02-15,NRBBEARING,NRBBEARING,13,Automobile and Auto Components,0.02284940416613012,0.033658092586990165,new,
2019-06-03,MGL,MGL,2,Oil Gas & Consumable Fuels,0.01547832609856354,0.09069713184893863,kept,
2019-06-03,POWERGRID,POWERGRID,3,Power,0.013893654711767428,0.10104179296850402,kept,
2019-06-03,ITC,ITC,4,Fast Moving Consumer Goods,0.013107990236183436,0.10709801866399862,kept,
2019-06-03,NTPC,NTPC,8,Power,0.01455438789531,0.09645474567945643,kept,
2019-06-03,MAHSEAMLES,MAHSEAMLES,1,Capital Goods,0.015747984987746287,0.08914408948539328,new,
2019-06-03,TATASTEEL,TATASTEEL,5,Metals & Mining,0.02038519866984549,0.06886564147343312,new,
2019-06-03,TRIDENT,TRIDENT,6,Textiles,0.026924965348460013,0.05213896340418423,new,
2019-06-03,NHPC,NHPC,7,Power,0.015710165109119666,0.08935869058100247,new,
2019-06-03,PIIND,PIIND,9,Chemicals,0.0162993139532922,0.086128765111536,new,
2019-06-03,JBCHEPHARM,JBCHEPHARM,10,Healthcare,0.01765490848014972,0.07951555141397029,new,
2019-06-03,RELIANCE,RELIANCE,11,Oil Gas & Consumable Fuels,0.017707413493163175,0.07927977643399511,new,
2019-06-03,BRIGADE,BRIGADE,12,Realty,0.023289872984243176,0.060276832935587776,new,
2019-06-03,AARTIIND,AARTIIND,61,Chemicals,,0.0,sold,outside_band
2019-06-03,BRITANNIA,BRITANNIA,86,Fast Moving Consumer Goods,,0.0,sold,outside_band
2019-06-03,COLPAL,COLPAL,88,Fast Moving Consumer Goods,,0.0,sold,outside_band
2019-06-03,EXIDEIND,EXIDEIND,91,Automobile and Auto Components,,0.0,sold,outside_band
2019-06-03,LT,LT,106,Construction,,0.0,sold,outside_band
2019-06-03,NRBBEARING,NRBBEARING,36,Automobile and Auto Components,,0.0,sold,outside_band
2019-06-03,RATNAMANI,RATNAMANI,37,Capital Goods,,0.0,sold,outside_band
2019-06-03,SKFINDIA,SKFINDIA,27,Automobile and Auto Components,,0.0,sold,outside_band
2019-08-16,POWERGRID,POWERGRID,2,Power,0.01435911615951457,0.07765565902000576,kept,
2019-08-16,NTPC,NTPC,5,Power,0.01532694681596157,0.07275203872637447,kept,
2019-08-16,NHPC,NHPC,6,Power,0.014801449163347169,0.0753349632192203,kept,
2019-08-16,PIIND,PIIND,7,Chemicals,0.01711872828992809,0.06513723504613216,kept,
2019-08-16,JBCHEPHARM,JBCHEPHARM,9,Healthcare,0.017129550118838238,0.06509608370190777,kept,
2019-08-16,MGL,MGL,11,Oil Gas & Consumable Fuels,0.015232736469296446,0.07320199036853813,kept,
2019-08-16,MAHSEAMLES,MAHSEAMLES,19,Capital Goods,0.015499374429878811,0.07194268603269278,kept,
2019-08-16,NMDC,NMDC,1,Metals & Mining,0.02001790566079596,0.0557034610516583,new,
2019-08-16,PSPPROJECT,PSPPROJECT,3,Construction,0.01750527812325268,0.06369888101524922,new,
2019-08-16,KNRCON,KNRCON,4,Construction,0.021961809716078553,0.050772984682385336,new,
2019-08-16,GSPL,GSPL,10,Oil Gas & Consumable Fuels,0.017753234722809645,0.0628092088975347,new,
2019-08-16,VSTIND,VSTIND,12,Fast Moving Consumer Goods,0.016921919315394423,0.06589480823830104,new,
2019-08-16,BRIGADE,BRIGADE,88,Realty,,0.0,sold,outside_band
2019-08-16,ITC,ITC,32,Fast Moving Consumer Goods,,0.0,sold,outside_band
2019-08-16,RELIANCE,RELIANCE,29,Oil Gas & Consumable Fuels,,0.0,sold,outside_band
2019-08-16,TATASTEEL,TATASTEEL,120,Metals & Mining,,0.0,sold,outside_band
2019-08-16,TRIDENT,TRIDENT,,Textiles,,0.0,sold,left_universe
2019-11-15,PSPPROJECT,PSPPROJECT,1,Construction,0.016791199805363047,0.08667629263535978,kept,
2019-11-15,MGL,MGL,6,Oil Gas & Consumable Fuels,0.01677810915811471,0.08674391937213864,kept,
2019-11-15,POWERGRID,POWERGRID,8,Power,0.013998348147069786,0.10396933500565178,kept,
2019-11-15,KNRCON,KNRCON,10,Construction,0.022428660205897843,0.06489014210691604,kept,
2019-11-15,PIIND,PIIND,11,Chemicals,0.017496722371248077,0.08318123344175958,kept,
2019-11-15,JBCHEPHARM,JBCHEPHARM,21,Healthcare,0.01718214540022738,0.0847041457354437,kept,
2019-11-15,GSPL,GSPL,22,Oil Gas & Consumable Fuels,0.01730218531095874,0.08411648135028545,kept,
2019-11-15,ADANIENSOL,ADANITRANS,2,Power,0.025638861893808235,0.056765349181896456,new,
2019-11-15,DRREDDY,DRREDDY,3,Healthcare,0.015058923233281032,0.09664694649694033,new,
2019-11-15,IGL,IGL,4,Oil Gas & Consumable Fuels,0.017807768146674084,0.08172831856530348,new,
2019-11-15,TORNTPOWER,TORNTPOWER,5,Power,0.018713362253359084,0.07777324717620944,new,
2019-11-15,NESCO,NESCO,7,Services,0.01568240282916777,0.09280458893209532,new,
2019-11-15,MAHSEAMLES,MAHSEAMLES,51,Capital Goods,,0.0,sold,outside_band
2019-11-15,NHPC,NHPC,30,Power,,0.0,sold,outside_band
2019-11-15,NMDC,NMDC,198,Metals & Mining,,0.0,sold,outside_band
2019-11-15,NTPC,NTPC,,Power,,0.0,sold,left_universe
2019-11-15,VSTIND,VSTIND,40,Fast Moving Consumer Goods,,0.0,sold,outside_band
2020-02-17,PSPPROJECT,PSPPROJECT,1,Construction,0.016934636227216856,0.0842161721862641,kept,
2020-02-17,GSPL,GSPL,5,Oil Gas & Consumable Fuels,0.016827574021838803,0.0847519813950697,kept,
2020-02-17,NESCO,NESCO,7,Services,0.017522543845989922,0.08139059333838808,kept,
2020-02-17,POWERGRID,POWERGRID,8,Power,0.014391926928348408,0.09909515574414507,kept,
2020-02-17,TORNTPOWER,TORNTPOWER,10,Power,0.017754061859354065,0.08032923686540135,kept,
2020-02-17,IGL,IGL,12,Oil Gas & Consumable Fuels,0.018135610685633338,0.07863921789812259,kept,
2020-02-17,ADANIENSOL,ADANITRANS,17,Power,0.024913163434625248,0.05724565024291117,kept,
2020-02-17,PIIND,PIIND,18,Chemicals,0.017861967935921947,0.0798439592736526,kept,
2020-02-17,JBCHEPHARM,JBCHEPHARM,20,Healthcare,0.01733421083367093,0.08227488716433336,kept,
2020-02-17,HCLTECH,HCLTECH,2,Information Technology,0.013224378003007466,0.10784403168895379,new,
2020-02-17,COCHINSHIP,COCHINSHIP,3,Capital Goods,0.016355645076253676,0.087197431454028,new,
2020-02-17,INDRAMEDCO,INDRAMEDCO,4,Healthcare,0.018480486489670423,0.07717168274873021,new,
2020-02-17,DRREDDY,DRREDDY,273,Healthcare,,0.0,sold,outside_band
2020-02-17,KNRCON,KNRCON,54,Construction,,0.0,sold,outside_band
2020-02-17,MGL,MGL,48,Oil Gas & Consumable Fuels,,0.0,sold,outside_band
2020-06-01,TORNTPOWER,TORNTPOWER,1,Power,0.022628402999924847,0.059327673048194,kept,
2020-06-01,POWERGRID,POWERGRID,2,Power,0.019773796461285072,0.06789239979337117,kept,
2020-06-01,PSPPROJECT,PSPPROJECT,3,Construction,0.026294347926120017,0.05105623834271716,kept,
2020-06-01,GSPL,GSPL,5,Oil Gas & Consumable Fuels,0.024010650528345594,0.05591229163897274,kept,
2020-06-01,IGL,IGL,6,Oil Gas & Consumable Fuels,0.02501114881529984,0.053675682980266974,kept,
2020-06-01,PIIND,PIIND,19,Chemicals,0.024672387212928453,0.05441267126672049,kept,
2020-06-01,SANOFI,SANOFI,4,Healthcare,0.017032772969556628,0.0788180818931716,new,
2020-06-01,ALKEM,ALKEM,7,Healthcare,0.02104501643089999,0.06379137308779485,new,
2020-06-01,COROMANDEL,COROMANDEL,8,Chemicals,0.021754224841405607,0.061711713681799535,new,
2020-06-01,MPHASIS,MPHASIS,9,Information Technology,0.022827020986824813,0.05881146276411477,new,
2020-06-01,NHPC,NHPC,10,Power,0.025427571855152428,0.05279664540640294,new,
2020-06-01,SYNGENE,SYNGENE,11,Healthcare,0.02009903877621278,0.06679376609647383,new,
2020-06-01,ADANIENSOL,ADANITRANS,,Power,,0.0,sold,left_universe
2020-06-01,COCHINSHIP,COCHINSHIP,49,Capital Goods,,0.0,sold,outside_band
2020-06-01,HCLTECH,HCLTECH,33,Information Technology,,0.0,sold,outside_band
2020-06-01,INDRAMEDCO,INDRAMEDCO,29,Healthcare,,0.0,sold,outside_band
2020-06-01,JBCHEPHARM,JBCHEPHARM,38,Healthcare,,0.0,sold,outside_band
2020-06-01,NESCO,NESCO,66,Services,,0.0,sold,outside_band
2020-08-17,COROMANDEL,COROMANDEL,1,Chemicals,0.021859503956703778,0.074380531064196,kept,
2020-08-17,TORNTPOWER,TORNTPOWER,5,Power,0.020314151540330554,0.0800388591111723,kept,
2020-08-17,PIIND,PIIND,9,Chemicals,0.024928965791028462,0.06522218076470158,kept,
2020-08-17,POWERGRID,POWERGRID,16,Power,0.02082924388502277,0.07805955521355418,kept,
2020-08-17,ALKEM,ALKEM,17,Healthcare,0.022512871858385797,0.07222186149004721,kept,
2020-08-17,POLYPLEX,POLYPLEX,2,Capital Goods,0.030013562310380555,0.05417289345014456,new,
2020-08-17,CHAMBLFERT,CHAMBLFERT,3,Chemicals,0.027737881968581592,0.05861736360913155,new,
2020-08-17,HCLTECH,HCLTECH,4,Information Technology,0.023174987016863782,0.07015846489650172,new,
2020-08-17,ZYDUSLIFE,CADILAHC,6,Healthcare,0.02465618629474355,0.06594375519648596,new,
2020-08-17,LTM,LTI,7,Information Technology,0.0241257806379927,0.06739352966424053,new,
2020-08-17,PERSISTENT,PERSISTENT,8,Information Technology,0.02341268137533433,0.06944618973939727,new,
2020-08-17,EIDPARRY,EIDPARRY,10,Fast Moving Consumer Goods,0.03666542489243702,0.044344815800427276,new,
2020-08-17,GSPL,GSPL,96,Oil Gas & Consumable Fuels,,0.0,sold,outside_band
2020-08-17,IGL,IGL,48,Oil Gas & Consumable Fuels,,0.0,sold,outside_band
2020-08-17,MPHASIS,MPHASIS,27,Information Technology,,0.0,sold,outside_band
2020-08-17,NHPC,NHPC,136,Power,,0.0,sold,outside_band
2020-08-17,PSPPROJECT,PSPPROJECT,384,Construction,,0.0,sold,outside_band
2020-08-17,SANOFI,SANOFI,26,Healthcare,,0.0,sold,outside_band
2020-08-17,SYNGENE,SYNGENE,34,Healthcare,,0.0,sold,outside_band
2020-11-17,ZYDUSLIFE,CADILAHC,5,Healthcare,0.025347032867129943,0.08847469182834525,kept,
2020-11-17,PIIND,PIIND,13,Chemicals,0.02490437111715315,0.09004728170540574,kept,
2020-11-17,HCLTECH,HCLTECH,14,Information Technology,0.02453725137095764,0.09139454488111792,kept,
2020-11-17,PERSISTENT,PERSISTENT,15,Information Technology,0.025882163117132505,0.08664542107756856,kept,
2020-11-17,LTM,LTI,22,Information Technology,0.027176932594570782,0.08251744062279734,kept,
2020-11-17,CHAMBLFERT,CHAMBLFERT,23,Chemicals,0.026099287399167694,0.0859246035105838,kept,
2020-11-17,POWERGRID,POWERGRID,24,Power,0.021591021811302093,0.10386590043220456,kept,
2020-11-17,UFLEX,UFLEX,1,Capital Goods,0.029480492789343265,0.07606965520240266,new,
2020-11-17,JKCEMENT,JKCEMENT,2,Construction Materials,0.023934159220091917,0.09369750159427775,new,
2020-11-17,EVEREADY,EVEREADY,4,Fast Moving Consumer Goods,0.028511470538068375,0.07865504231667007,new,
2020-11-17,JINDALPOLY,JINDALPOLY,6,Capital Goods,0.036680878480116696,0.061137328619266094,new,
2020-11-17,VENUSREM,VENUSREM,7,Healthcare,0.03642276266805805,0.06157058820936021,new,
2020-11-17,ALKEM,ALKEM,71,Healthcare,,0.0,sold,outside_band
2020-11-17,COROMANDEL,COROMANDEL,54,Chemicals,,0.0,sold,outside_band
2020-11-17,EIDPARRY,EIDPARRY,47,Fast Moving Consumer Goods,,0.0,sold,outside_band
2020-11-17,POLYPLEX,POLYPLEX,59,Capital Goods,,0.0,sold,outside_band
2020-11-17,TORNTPOWER,TORNTPOWER,127,Power,,0.0,sold,outside_band
2021-02-15,UFLEX,UFLEX,1,Capital Goods,0.030336170946366644,0.08116050660008689,kept,
2021-02-15,EVEREADY,EVEREADY,7,Fast Moving Consumer Goods,0.030825528093182467,0.07987207858601082,kept,
2021-02-15,JINDALPOLY,JINDALPOLY,8,Capital Goods,0.034511044408321576,0.07134234980498805,kept,
2021-02-15,VENUSREM,VENUSREM,12,Healthcare,0.03812995774216675,0.06457124917269957,kept,
2021-02-15,HCLTECH,HCLTECH,13,Information Technology,0.025610913334225754,0.09613475982614293,kept,
2021-02-15,POWERGRID,POWERGRID,14,Power,0.02206097767849582,0.11160425608489294,kept,
2021-02-15,JKCEMENT,JKCEMENT,18,Construction Materials,0.026341680676354198,0.09346780232303384,kept,
2021-02-15,PERSISTENT,PERSISTENT,22,Information Technology,0.027312816060719412,0.09014445807566807,kept,
2021-02-15,ZYDUSLIFE,CADILAHC,23,Healthcare,0.026181603961109804,0.09403927299378449,kept,
2021-02-15,GPIL,GPIL,2,Capital Goods,0.038129414841227095,0.06457216856241475,new,
2021-02-15,KNRCON,KNRCON,3,Construction,0.029357230083049884,0.0838668701150899,new,
2021-02-15,INDSWFTLAB,INDSWFTLAB,5,Healthcare,0.03556701285949323,0.06922422785518781,new,
2021-02-15,CHAMBLFERT,CHAMBLFERT,56,Chemicals,,0.0,sold,outside_band
2021-02-15,LTM,LTI,50,Information Technology,,0.0,sold,outside_band
2021-02-15,PIIND,PIIND,37,Chemicals,,0.0,sold,outside_band
2021-06-01,GPIL,GPIL,2,Capital Goods,0.03369214369084156,0.06954115112443261,kept,
2021-06-01,UFLEX,UFLEX,12,Capital Goods,0.02460020548484062,0.09524271890959334,kept,
2021-06-01,TATASTLBSL,TATASTLBSL,1,METALS,0.03180509572249121,0.07366714052849237,new,
2021-06-01,VEDL,VEDL,3,Metals & Mining,0.028953675465159683,0.08092203903197924,new,
2021-06-01,JSWSTEEL,JSWSTEEL,4,Metals & Mining,0.022973108726746846,0.10198839364665714,new,
2021-06-01,TATASTEEL,TATASTEEL,5,Metals & Mining,0.025903908948280773,0.09044930094484502,new,
2021-06-01,COSMOFIRST,COSMOFILMS,8,Capital Goods,0.0285880566742846,0.08195696835239828,new,
2021-06-01,GULPOLY,GULPOLY,10,Fast Moving Consumer Goods,0.03356755018880398,0.0697992687262708,new,
2021-06-01,APOLLOTYRE,APOLLOTYRE,13,Automobile and Auto Components,0.02928765709478692,0.07999924502421035,new,
2021-06-01,VISAKAIND,VISAKAIND,14,Construction Materials,0.028793893066424086,0.08137108972051509,new,
2021-06-01,SPLPETRO,SUPPETRO,15,Chemicals,0.030334676903086548,0.0772380224650592,new,
2021-06-01,DALBHARAT,DALBHARAT,16,Construction Materials,0.023950918097468153,0.09782466152554663,new,
2021-06-01,EVEREADY,EVEREADY,122,Fast Moving Consumer Goods,,0.0,sold,outside_band
2021-06-01,HCLTECH,HCLTECH,287,Information Technology,,0.0,sold,outside_band
2021-06-01,INDSWFTLAB,INDSWFTLAB,70,Healthcare,,0.0,sold,outside_band
2021-06-01,JINDALPOLY,JINDALPOLY,64,Capital Goods,,0.0,sold,outside_band
2021-06-01,JKCEMENT,JKCEMENT,42,Construction Materials,,0.0,sold,outside_band
2021-06-01,KNRCON,KNRCON,71,Construction,,0.0,sold,outside_band
2021-06-01,PERSISTENT,PERSISTENT,99,Information Technology,,0.0,sold,outside_band
2021-06-01,POWERGRID,POWERGRID,45,Power,,0.0,sold,outside_band
2021-06-01,VENUSREM,VENUSREM,78,Healthcare,,0.0,sold,outside_band
2021-06-01,ZYDUSLIFE,CADILAHC,154,Healthcare,,0.0,sold,outside_band
2021-08-16,TATASTEEL,TATASTEEL,1,Metals & Mining,0.02573482326116268,0.08469217329857466,kept,
2021-08-16,TATASTLBSL,TATASTLBSL,2,METALS,0.03164788152740216,0.06886837305541092,kept,
2021-08-16,JSWSTEEL,JSWSTEEL,4,Metals & Mining,0.022742374574824403,0.09583599567721958,kept,
2021-08-16,SPLPETRO,SUPPETRO,6,Chemicals,0.02804576954043422,0.07771361410854818,kept,
2021-08-16,STYRENIX,INEOSSTYRO,3,Chemicals,0.025287916337502082,0.08618891657001872,new,
2021-08-16,GRASIM,GRASIM,5,Construction Materials,0.018487957705190974,0.11788960934449877,new,
2021-08-16,HGINFRA,HGINFRA,7,Construction,0.0297951902550119,0.07315066937946324,new,
2021-08-16,NITINSPIN,NITINSPIN,8,Textiles,0.032344832845509236,0.06738442958888835,new,
2021-08-16,GHCL,GHCL,9,Chemicals,0.02538430040483992,0.08586165766565765,new,
2021-08-16,OIL,OIL,10,Oil Gas & Consumable Fuels,0.01970464485424122,0.11061037270983634,new,
2021-08-16,DCMNVL,DCMNVL,11,Textiles,0.032013907633277765,0.06808097706813514,new,
2021-08-16,TATASTLLP,TATASTLLP,12,Capital Goods,0.0342032056919837,0.06372321153374827,new,
2021-08-16,APOLLOTYRE,APOLLOTYRE,163,Automobile and Auto Components,,0.0,sold,outside_band
2021-08-16,COSMOFIRST,COSMOFILMS,83,Capital Goods,,0.0,sold,outside_band
2021-08-16,DALBHARAT,DALBHARAT,145,Construction Materials,,0.0,sold,outside_band
2021-08-16,GPIL,GPIL,30,Capital Goods,,0.0,sold,outside_band
2021-08-16,GULPOLY,GULPOLY,51,Fast Moving Consumer Goods,,0.0,sold,outside_band
2021-08-16,UFLEX,UFLEX,88,Capital Goods,,0.0,sold,outside_band
2021-08-16,VEDL,VEDL,29,Metals & Mining,,0.0,sold,outside_band
2021-08-16,VISAKAIND,VISAKAIND,143,Construction Materials,,0.0,sold,outside_band
2021-11-15,OIL,OIL,2,Oil Gas & Consumable Fuels,0.022237509679841606,0.10391246262951322,kept,
2021-11-15,TATASTLBSL,TATASTLBSL,3,METALS,0.031064391877398026,0.07438595298114459,kept,
2021-11-15,TATASTEEL,TATASTEEL,4,Metals & Mining,0.02635123447595405,0.08769055566214866,kept,
2021-11-15,DCMNVL,DCMNVL,6,Textiles,0.03140342083356802,0.07358288785882675,kept,
2021-11-15,NITINSPIN,NITINSPIN,8,Textiles,0.03255337708796947,0.07098355379030549,kept,
2021-11-15,HGINFRA,HGINFRA,11,Construction,0.030973999644692076,0.07460303545189607,kept,
2021-11-15,JSWSTEEL,JSWSTEEL,12,Metals & Mining,0.02275769928739184,0.10153725841962317,kept,
2021-11-15,GHCL,GHCL,16,Chemicals,0.026713254447913847,0.08650216685823678,kept,
2021-11-15,STYRENIX,INEOSSTYRO,21,Chemicals,0.028844200101533365,0.0801115782530277,kept,
2021-11-15,VEDL,VEDL,1,Metals & Mining,0.02765772271302278,0.08354825223885658,new,
2021-11-15,ONGC,ONGC,5,Oil Gas & Consumable Fuels,0.023842428122538287,0.09691774603257038,new,
2021-11-15,JAYNECOIND,JAYNECOIND,9,Capital Goods,0.03489271576366021,0.0662245498238508,new,
2021-11-15,GRASIM,GRASIM,39,Construction Materials,,0.0,sold,outside_band
2021-11-15,SPLPETRO,SUPPETRO,48,Chemicals,,0.0,sold,outside_band
2021-11-15,TATASTLLP,TATASTLLP,79,Capital Goods,,0.0,sold,outside_band
2022-02-15,NITINSPIN,NITINSPIN,2,Textiles,0.0328357505026432,0.06967858421580753,kept,
2022-02-15,DCMNVL,DCMNVL,3,Textiles,0.03137724531153291,0.07291744651168339,kept,
2022-02-15,OIL,OIL,6,Oil Gas & Consumable Fuels,0.024683489573702547,0.09269145676732912,kept,
2022-02-15,ONGC,ONGC,7,Oil Gas & Consumable Fuels,0.022211515611097896,0.1030073159683216,kept,
2022-02-15,TATASTEEL,TATASTEEL,8,Metals & Mining,0.02585468460605858,0.08849261329420856,kept,
2022-02-15,VEDL,VEDL,12,Metals & Mining,0.027774031211792977,0.08237726058708379,kept,
2022-02-15,JSWSTEEL,JSWSTEEL,14,Metals & Mining,0.023646659249667062,0.09675568047608596,kept,
2022-02-15,MAHSEAMLES,MAHSEAMLES,1,Capital Goods,0.024205959178313998,0.09452005557116823,new,
2022-02-15,PRECOT,PRECOT,4,Textiles,0.034133080486722325,0.06703024087080785,new,
2022-02-15,UFLEX,UFLEX,5,Capital Goods,0.027051263351225187,0.08457825340656576,new,
2022-02-15,ALLCARGO,ALLCARGO,9,Services,0.030919622911137676,0.07399665297546426,new,
2022-02-15,VISHNU,VISHNU,10,Chemicals,0.030937272010004385,0.07395443935547388,new,
2022-02-15,GHCL,GHCL,31,Chemicals,,0.0,sold,outside_band
2022-02-15,HGINFRA,HGINFRA,37,Construction,,0.0,sold,outside_band
2022-02-15,JAYNECOIND,JAYNECOIND,213,Capital Goods,,0.0,sold,outside_band
2022-02-15,STYRENIX,INEOSSTYRO,477,Chemicals,,0.0,sold,outside_band
2022-06-01,UFLEX,UFLEX,2,Capital Goods,0.02725572833105739,0.0611422079939466,kept,
2022-06-01,ONGC,ONGC,3,Oil Gas & Consumable Fuels,0.023105397251867957,0.07212494087325366,kept,
2022-06-01,NITINSPIN,NITINSPIN,6,Textiles,0.03209163226053354,0.05192865844637808,kept,
2022-06-01,OIL,OIL,7,Oil Gas & Consumable Fuels,0.02701807408269066,0.0616800222526466,kept,
2022-06-01,MAHSEAMLES,MAHSEAMLES,10,Capital Goods,0.025147455134678198,0.06626815324728243,kept,
2022-06-01,ALLCARGO,ALLCARGO,13,Services,0.03304797231378183,0.0504259503373238,kept,
2022-06-01,VISHNU,VISHNU,15,Chemicals,0.030419622729526908,0.05478290856731909,kept,
2022-06-01,DCMNVL,DCMNVL,17,Textiles,0.03442529232262712,0.048408460704592766,kept,
2022-06-01,POLYPLEX,POLYPLEX,1,Capital Goods,0.026725302987780468,0.062355716281531845,new,
2022-06-01,AURIONPRO,AURIONPRO,4,Information Technology,0.031979269435721894,0.052111115733697984,new,
2022-06-01,NTPC,NTPC,5,Power,0.017633667110453517,0.090625,new,
2022-06-01,GHCL,GHCL,8,Chemicals,0.031356043164936835,0.05314686556202702,new,
2022-06-01,JSWSTEEL,JSWSTEEL,88,Metals & Mining,,0.0,sold,outside_band
2022-06-01,PRECOT,PRECOT,114,Textiles,,0.0,sold,outside_band
2022-06-01,TATASTEEL,TATASTEEL,42,Metals & Mining,,0.0,sold,outside_band
2022-06-01,VEDL,VEDL,59,Metals & Mining,,0.0,sold,outside_band
2022-08-16,NTPC,NTPC,1,Power,0.01812456415610469,0.08102739998982665,kept,
2022-08-16,MAHSEAMLES,MAHSEAMLES,6,Capital Goods,0.02603635248910606,0.05640522458483556,kept,
2022-08-16,UFLEX,UFLEX,11,Capital Goods,0.025626412433838168,0.05730752649476553,kept,
2022-08-16,GHCL,GHCL,17,Chemicals,0.030997362142638537,0.04737778339847345,kept,
2022-08-16,POLYPLEX,POLYPLEX,19,Capital Goods,0.027972414518439542,0.05250123504890402,kept,
2022-08-16,VISHNU,VISHNU,21,Chemicals,0.028373843120196526,0.05175845595877804,kept,
2022-08-16,ITC,ITC,2,Fast Moving Consumer Goods,0.015975171011262487,0.09192930131906675,new,
2022-08-16,POWERGRID,POWERGRID,3,Power,0.017204040363192306,0.0853628728202696,new,
2022-08-16,RITES,RITES,4,Construction,0.01625962443822695,0.09032104739549035,new,
2022-08-16,GESHIP,GESHIP,5,Services,0.02356162589964509,0.062329582677063504,new,
2022-08-16,EIDPARRY,EIDPARRY,7,Fast Moving Consumer Goods,0.027688283986477474,0.05303999013572688,new,
2022-08-16,GAIL,GAIL,8,Oil Gas & Consumable Fuels,0.02078985047536138,0.07063958017679979,new,
2022-08-16,ALLCARGO,ALLCARGO,30,Services,,0.0,sold,outside_band
2022-08-16,AURIONPRO,AURIONPRO,45,Information Technology,,0.0,sold,outside_band
2022-08-16,DCMNVL,DCMNVL,,Textiles,,0.0,sold,left_universe
2022-08-16,NITINSPIN,NITINSPIN,201,Textiles,,0.0,sold,outside_band
2022-08-16,OIL,OIL,42,Oil Gas & Consumable Fuels,,0.0,sold,outside_band
2022-08-16,ONGC,ONGC,,Oil Gas & Consumable Fuels,,0.0,sold,left_universe
2022-11-15,MAHSEAMLES,MAHSEAMLES,1,Capital Goods,0.02408321635826891,0.07744294932921618,kept,
2022-11-15,GESHIP,GESHIP,3,Services,0.024323117156010387,0.07667912349207669,kept,
2022-11-15,ITC,ITC,5,Fast Moving Consumer Goods,0.014534219270444989,0.125,kept,
2022-11-15,NTPC,NTPC,6,Power,0.01725642829065913,0.10808003097185127,kept,
2022-11-15,UFLEX,UFLEX,9,Capital Goods,0.02286397389371414,0.08157266592360499,kept,
2022-11-15,GHCL,GHCL,12,Chemicals,0.029298116062017227,0.06365854037065193,kept,
2022-11-15,VISHNU,VISHNU,14,Chemicals,0.028528458854223403,0.06537595716783208,kept,
2022-11-15,EIDPARRY,EIDPARRY,16,Fast Moving Consumer Goods,0.027403948698878834,0.0680586336156101,kept,
2022-11-15,POWERGRID,POWERGRID,18,Power,0.01732666360850366,0.10764191804373803,kept,
2022-11-15,POLYPLEX,POLYPLEX,23,Capital Goods,0.026486603615030725,0.07041579702803302,kept,
2022-11-15,ANDHRAPAP,ANDHRAPAP,2,Forest Materials,0.025118873631011476,0.07424995768183525,new,
2022-11-15,COALINDIA,COALINDIA,4,Oil Gas & Consumable Fuels,0.02279362516466432,0.08182442637555046,new,
2022-11-15,GAIL,GAIL,110,Oil Gas & Consumable Fuels,,0.0,sold,outside_band
2022-11-15,RITES,RITES,96,Construction,,0.0,sold,outside_band
