date,symbol,side,units,price,value,cost,reason,kind,scheduled_date,D,ticker
2019-02-15,NTPC,buy,93.5224987482558,110.0,10287.474862308138,20.574949724616275,tranche1,tranche1,2019-02-15,2019-02-15,NTPC
2019-02-15,POWERGRID,buy,73.65496337267165,133.8,9855.034099263466,19.710068198526933,tranche1,tranche1,2019-02-15,2019-02-15,POWERGRID
2019-02-15,ITC,buy,35.370092405181154,279.0,9868.255781045542,19.736511562091085,tranche1,tranche1,2019-02-15,2019-02-15,ITC
2019-02-15,RATNAMANI,buy,17.867745202073895,565.0333333333333,10095.871630678486,20.191743261356972,tranche1,tranche1,2019-02-15,2019-02-15,RATNAMANI
2019-02-15,SKFINDIA,buy,6.162689277086083,1970.0,12140.497875859584,24.280995751719168,tranche1,tranche1,2019-02-15,2019-02-15,SKFINDIA
2019-02-15,COLPAL,buy,7.852369313686786,1255.0,9854.723488676917,19.709446977353835,tranche1,tranche1,2019-02-15,2019-02-15,COLPAL
2019-02-15,LT,buy,7.490823315581977,1244.0,9318.58420458398,18.63716840916796,tranche1,tranche1,2019-02-15,2019-02-15,LT
2019-02-15,BRITANNIA,buy,3.084590568631302,2945.0,9084.119224619184,18.16823844923837,tranche1,tranche1,2019-02-15,2019-02-15,BRITANNIA
2019-02-15,MGL,buy,9.196250341257418,868.9,7990.62192151857,15.981243843037142,tranche1,tranche1,2019-02-15,2019-02-15,MGL
2019-02-15,AARTIIND,buy,19.126776898833405,354.8,6786.180443706093,13.572360887412186,tranche1,tranche1,2019-02-15,2019-02-15,AARTIIND
2019-02-15,EXIDEIND,buy,35.69442543521178,208.5,7442.287703241655,14.884575406483311,tranche1,tranche1,2019-02-15,2019-02-15,EXIDEIND
2019-02-15,NRBBEARING,buy,29.8546146771245,187.9,5609.682097831694,11.219364195663388,tranche1,tranche1,2019-02-15,2019-02-15,NRBBEARING
2019-03-19,POWERGRID,buy,66.97270879553835,147.14999999999998,9855.034099263466,19.710068198526933,tranche2,tranche2,2019-03-19,2019-02-15,POWERGRID
2019-03-19,ITC,buy,33.49713435521229,294.6,9868.255781045542,19.736511562091085,tranche2,tranche2,2019-03-19,2019-02-15,ITC
2019-03-19,RATNAMANI,buy,16.984979190239716,594.4,10095.871630678486,20.191743261356972,tranche2,tranche2,2019-03-19,2019-02-15,RATNAMANI
2019-03-19,SKFINDIA,buy,6.352955455708836,1911.0,12140.497875859584,24.280995751719168,tranche2,tranche2,2019-03-19,2019-02-15,SKFINDIA
2019-03-19,COLPAL,buy,7.651776914882301,1287.9,9854.723488676917,19.709446977353835,tranche2,tranche2,2019-03-19,2019-02-15,COLPAL
2019-03-19,LT,buy,6.796925021578395,1371.0,9318.58420458398,18.63716840916796,tranche2,tranche2,2019-03-19,2019-02-15,LT
2019-03-19,BRITANNIA,buy,2.904130186898716,3128.0,9084.119224619184,18.16823844923837,tranche2,tranche2,2019-03-19,2019-02-15,BRITANNIA
2019-03-19,MGL,buy,8.367143373317875,955.0,7990.62192151857,15.981243843037142,tranche2,tranche2,2019-03-19,2019-02-15,MGL
2019-03-19,AARTIIND,buy,19.00890880589942,357.0,6786.180443706093,13.572360887412186,tranche2,tranche2,2019-03-19,2019-02-15,AARTIIND
2019-03-19,EXIDEIND,buy,32.57731540048876,228.45,7442.287703241655,14.884575406483311,tranche2,tranche2,2019-03-19,2019-02-15,EXIDEIND
2019-03-19,NRBBEARING,buy,29.331671099773562,191.25,5609.682097831694,11.219364195663388,tranche2,tranche2,2019-03-19,2019-02-15,NRBBEARING
2019-03-22,NTPC,buy,78.53034246036746,131.0,10287.474862308138,20.574949724616275,tranche2,tranche2,2019-03-19,2019-02-15,NTPC
2019-04-22,NTPC,buy,76.14711223026009,135.1,10287.474862308138,20.574949724616275,tranche3,tranche3,2019-04-22,2019-02-15,NTPC
2019-04-22,POWERGRID,buy,67.66243803133175,145.64999999999998,9855.034099263466,19.710068198526933,tranche3,tranche3,2019-04-22,2019-02-15,POWERGRID
2019-04-22,ITC,buy,32.47739273011533,303.85,9868.255781045542,19.736511562091085,tranche3,tranche3,2019-04-22,2019-02-15,ITC
2019-04-22,RATNAMANI,buy,16.866745498711065,598.5666666666666,10095.871630678486,20.191743261356972,tranche3,tranche3,2019-04-22,2019-02-15,RATNAMANI
2019-04-22,SKFINDIA,buy,6.010147463296824,2020.0,12140.497875859584,24.280995751719168,tranche3,tranche3,2019-04-22,2019-02-15,SKFINDIA
2019-04-22,COLPAL,buy,8.10454664145476,1215.95,9854.723488676917,19.709446977353835,tranche3,tranche3,2019-04-22,2019-02-15,COLPAL
2019-04-22,LT,buy,6.84183862304257,1362.0,9318.58420458398,18.63716840916796,tranche3,tranche3,2019-04-22,2019-02-15,LT
2019-04-22,BRITANNIA,buy,3.0391834140579403,2989.0,9084.119224619184,18.16823844923837,tranche3,tranche3,2019-04-22,2019-02-15,BRITANNIA
2019-04-22,MGL,buy,7.911506852988683,1010.0,7990.62192151857,15.981243843037142,tranche3,tranche3,2019-04-22,2019-02-15,MGL
2019-04-22,AARTIIND,buy,16.603799599244194,408.7125,6786.180443706093,13.572360887412186,tranche3,tranche3,2019-04-22,2019-02-15,AARTIIND
2019-04-22,EXIDEIND,buy,33.983048873249565,219.0,7442.287703241655,14.884575406483311,tranche3,tranche3,2019-04-22,2019-02-15,EXIDEIND
2019-04-22,NRBBEARING,buy,29.065710351459554,193.0,5609.682097831694,11.219364195663388,tranche3,tranche3,2019-04-22,2019-02-15,NRBBEARING
2019-06-03,AARTIIND,sell,54.73948530397702,469.9625,25725.505362170297,51.4510107243406,rebalance,rebalance,2019-06-03,2019-06-03,AARTIIND
2019-06-03,BRITANNIA,sell,9.02790416958796,2936.0,26505.92664191025,53.0118532838205,rebalance,rebalance,2019-06-03,2019-06-03,BRITANNIA
2019-06-03,COLPAL,sell,23.608692870023848,1152.4,27206.657663415484,54.41331532683097,rebalance,rebalance,2019-06-03,2019-06-03,COLPAL
2019-06-03,EXIDEIND,sell,102.25478970895011,211.0,21575.760628588472,43.151521257176945,rebalance,rebalance,2019-06-03,2019-06-03,EXIDEIND
2019-06-03,LT,sell,21.129586960202943,1563.7,33040.33512966934,66.08067025933869,rebalance,rebalance,2019-06-03,2019-06-03,LT
2019-06-03,NRBBEARING,sell,88.25199612835762,169.1,14923.412545305273,29.846825090610547,rebalance,rebalance,2019-06-03,2019-06-03,NRBBEARING
2019-06-03,RATNAMANI,sell,51.71946989102467,640.0,33100.46073025579,66.20092146051158,rebalance,rebalance,2019-06-03,2019-06-03,RATNAMANI
2019-06-03,SKFINDIA,sell,18.525792196091743,1894.05,35088.776709007565,70.17755341801514,rebalance,rebalance,2019-06-03,2019-06-03,SKFINDIA
2019-06-03,ITC,buy,91.51885837834911,281.4,25753.406747667435,51.506813495334875,rebalance,rebalance,2019-06-03,2019-06-03,ITC
2019-06-03,MGL,buy,26.282593188855756,888.0,23338.94275170391,46.67788550340782,rebalance,rebalance,2019-06-03,2019-06-03,MGL
2019-06-03,NTPC,buy,115.47800660610001,134.4,15520.244087859843,31.040488175719688,rebalance,rebalance,2019-06-03,2019-06-03,NTPC
2019-06-03,POWERGRID,buy,150.55560593497745,142.6875,21482.403021847094,42.96480604369419,rebalance,rebalance,2019-06-03,2019-06-03,POWERGRID
2019-06-03,MAHSEAMLES,buy,64.91166755508553,231.975,15057.884081090966,30.115768162181933,tranche1,tranche1,2019-06-03,2019-06-03,MAHSEAMLES
2019-06-03,TATASTEEL,buy,237.90827212653681,48.895,11632.524965627019,23.265049931254037,tranche1,tranche1,2019-06-03,2019-06-03,TATASTEEL
2019-06-03,TRIDENT,buy,1299.9435366734972,6.775,8807.117460962943,17.61423492192589,tranche1,tranche1,2019-06-03,2019-06-03,TRIDENT
2019-06-03,NHPC,buy,603.7653476183797,25.0,15094.133690459492,30.188267380918983,tranche1,tranche1,2019-06-03,2019-06-03,NHPC
2019-06-03,PIIND,buy,12.67295020622181,1148.0,14548.546836742637,29.097093673485272,tranche1,tranche1,2019-06-03,2019-06-03,PIIND
2019-06-03,JBCHEPHARM,buy,35.35061894811832,379.95,13431.467669337553,26.862935338675108,tranche1,tranche1,2019-06-03,2019-06-03,JBCHEPHARM
2019-06-03,RELIANCE,buy,10.0311920952171,1335.0,13391.64144711483,26.783282894229657,tranche1,tranche1,2019-06-03,2019-06-03,RELIANCE
2019-06-03,BRIGADE,buy,61.58307915374092,165.33333333333331,10181.735753418498,20.363471506836994,tranche1,tranche1,2019-06-03,2019-06-03,BRIGADE
2019-07-03,MAHSEAMLES,buy,70.96081093822322,212.2,15057.884081090966,30.115768162181933,tranche2,tranche2,2019-07-03,2019-06-03,MAHSEAMLES
2019-07-03,TATASTEEL,buy,229.03179692118565,50.79,11632.524965627019,23.265049931254037,tranche2,tranche2,2019-07-03,2019-06-03,TATASTEEL
2019-07-03,TRIDENT,buy,1422.797651205645,6.19,8807.117460962943,17.61423492192589,tranche2,tranche2,2019-07-03,2019-06-03,TRIDENT
2019-07-03,NHPC,buy,612.3380807488638,24.65,15094.133690459492,30.188267380918983,tranche2,tranche2,2019-07-03,2019-06-03,NHPC
2019-07-03,JBCHEPHARM,buy,36.00447036412693,373.05,13431.467669337553,26.862935338675108,tranche2,tranche2,2019-07-03,2019-06-03,JBCHEPHARM
2019-07-03,RELIANCE,buy,10.438569995412603,1282.9,13391.64144711483,26.783282894229657,tranche2,tranche2,2019-07-03,2019-06-03,RELIANCE
2019-07-04,PIIND,buy,12.164336820018926,1196.0,14548.546836742637,29.097093673485272,tranche2,tranche2,2019-07-03,2019-06-03,PIIND
2019-07-11,BRIGADE,buy,55.335520399013575,184.0,10181.735753418498,20.363471506836994,tranche2,tranche2,2019-07-03,2019-06-03,BRIGADE
2019-08-01,MAHSEAMLES,buy,74.21151273129897,202.0,14990.72557172239,29.981451143444783,tranche3,tranche3,2019-08-01,2019-06-03,MAHSEAMLES
2019-08-01,TATASTEEL,buy,270.89224881180735,42.75,11580.643636704765,23.16128727340953,tranche3,tranche3,2019-08-01,2019-06-03,TATASTEEL
2019-08-01,TRIDENT,buy,1654.308965000479,5.300000000000001,8767.83751450254,17.53567502900508,tranche3,tranche3,2019-08-01,2019-06-03,TRIDENT
2019-08-01,NHPC,buy,683.0369775908775,22.0,15026.813506999306,30.05362701399861,tranche3,tranche3,2019-08-01,2019-06-03,NHPC
2019-08-01,PIIND,buy,13.171154442958954,1099.65,14483.659983199816,28.967319966399632,tranche3,tranche3,2019-08-01,2019-06-03,PIIND
2019-08-01,JBCHEPHARM,buy,36.134476461496604,370.05,13371.56301457682,26.74312602915364,tranche3,tranche3,2019-08-01,2019-06-03,JBCHEPHARM
2019-08-01,RELIANCE,buy,11.459441652244545,1163.4,13331.914418221304,26.663828836442608,tranche3,tranche3,2019-08-01,2019-06-03,RELIANCE
2019-08-01,BRIGADE,buy,59.03509014417166,171.7,10136.324977754273,20.272649955508548,tranche3,tranche3,2019-08-01,2019-06-03,BRIGADE
2019-08-16,BRIGADE,sell,175.95368969692618,175.66666666666666,30909.19815676003,61.81839631352006,rebalance,rebalance,2019-08-16,2019-08-16,BRIGADE
2019-08-16,ITC,sell,192.86347786885787,248.75,47974.790119878395,95.9495802397568,rebalance,rebalance,2019-08-16,2019-08-16,ITC
2019-08-16,JBCHEPHARM,sell,24.060371856379515,375.45,9033.466613477689,18.066933226955378,rebalance,rebalance,2019-08-16,2019-08-16,JBCHEPHARM
2019-08-16,MAHSEAMLES,sell,37.51172013321948,200.6,7524.851058723827,15.049702117447655,rebalance,rebalance,2019-08-16,2019-08-16,MAHSEAMLES
2019-08-16,MGL,sell,8.011889655065074,805.2,6451.173550258398,12.902347100516796,rebalance,rebalance,2019-08-16,2019-08-16,MGL
2019-08-16,NHPC,sell,305.7196341115661,22.75,6955.1216760381285,13.910243352076257,rebalance,rebalance,2019-08-16,2019-08-16,NHPC
2019-08-16,NTPC,sell,65.48844693503037,117.4,7688.343670172566,15.376687340345132,rebalance,rebalance,2019-08-16,2019-08-16,NTPC
2019-08-16,PIIND,sell,10.271014555578052,1130.0,11606.246447803198,23.212492895606395,rebalance,rebalance,2019-08-16,2019-08-16,PIIND
2019-08-16,POWERGRID,sell,114.73652238719345,153.075,17563.293164419636,35.126586328839274,rebalance,rebalance,2019-08-16,2019-08-16,POWERGRID
2019-08-16,RELIANCE,sell,31.92920374287425,1291.2,41226.98787279923,82.45397574559847,rebalance,rebalance,2019-08-16,2019-08-16,RELIANCE
2019-08-16,TATASTEEL,sell,737.8323178595298,36.0,26561.963442943073,53.12392688588615,rebalance,rebalance,2019-08-16,2019-08-16,TATASTEEL
2019-08-16,TRIDENT,sell,4377.050152879621,5.6000000000000005,24511.48085612588,49.022961712251764,rebalance,rebalance,2019-08-16,2019-08-16,TRIDENT
2019-08-16,NMDC,buy,85.33546092743047,104.7,8934.62275910197,17.869245518203943,tranche1,tranche1,2019-08-16,2019-08-16,NMDC
2019-08-16,PSPPROJECT,buy,19.38720613901058,527.0,10217.057635258576,20.434115270517154,tranche1,tranche1,2019-08-16,2019-08-16,PSPPROJECT
2019-08-16,KNRCON,buy,68.72399281897331,118.5,8143.793149048338,16.287586298096677,tranche1,tranche1,2019-08-16,2019-08-16,KNRCON
2019-08-16,VSTIND,buy,3.0635582576556404,3450.0,10569.275988911959,21.13855197782392,tranche1,tranche1,2019-08-16,2019-08-16,VSTIND
2019-08-20,GSPL,buy,46.2126496322828,218.0,10074.35761983765,20.1487152396753,tranche1,tranche1,2019-08-16,2019-08-16,GSPL
2019-09-18,NMDC,buy,108.29845768608449,82.5,8934.62275910197,17.869245518203943,tranche2,tranche2,2019-09-18,2019-08-16,NMDC
2019-09-18,PSPPROJECT,buy,20.58023493858108,496.45,10217.057635258576,20.434115270517154,tranche2,tranche2,2019-09-18,2019-08-16,PSPPROJECT
2019-09-18,KNRCON,buy,72.71243883078873,112.0,8143.793149048338,16.287586298096677,tranche2,tranche2,2019-09-18,2019-08-16,KNRCON
2019-09-18,GSPL,buy,45.379989278547974,222.0,10074.35761983765,20.1487152396753,tranche2,tranche2,2019-09-18,2019-08-16,GSPL
2019-09-18,VSTIND,buy,2.994129175329167,3530.0,10569.275988911959,21.13855197782392,tranche2,tranche2,2019-09-18,2019-08-16,VSTIND
2019-10-22,PSPPROJECT,buy,18.35124855906345,556.75,10217.057635258576,20.434115270517154,tranche3,tranche3,2019-10-22,2019-08-16,PSPPROJECT
2019-10-22,KNRCON,buy,70.81559260042033,115.0,8143.793149048338,16.287586298096677,tranche3,tranche3,2019-10-22,2019-08-16,KNRCON
2019-10-22,GSPL,buy,48.295098848694394,208.6,10074.35761983765,20.1487152396753,tranche3,tranche3,2019-10-22,2019-08-16,GSPL
2019-10-22,VSTIND,buy,2.7545676280719205,3837.0,10569.275988911959,21.13855197782392,tranche3,tranche3,2019-10-22,2019-08-16,VSTIND
2019-11-11,NMDC,buy,85.66273019273223,104.3,8934.62275910197,17.869245518203943,tranche3,tranche3,2019-10-22,2019-08-16,NMDC
2019-11-15,MAHSEAMLES,sell,172.57227109138822,192.9,33289.19109352879,66.57838218705758,rebalance,rebalance,2019-11-15,2019-11-15,MAHSEAMLES
2019-11-15,MGL,sell,0.4315298123832066,1029.0,444.0441769423196,0.8880883538846392,rebalance,rebalance,2019-11-15,2019-11-15,MGL
2019-11-15,NHPC,sell,1593.4207718465548,23.6,37604.7302155787,75.2094604311574,rebalance,rebalance,2019-11-15,2019-11-15,NHPC
2019-11-15,NMDC,sell,279.29664880624716,99.0,27650.36823181847,55.30073646363694,rebalance,rebalance,2019-11-15,2019-11-15,NMDC
2019-11-15,NTPC,sell,298.189513109953,118.55,35350.36677918493,70.70073355836986,rebalance,rebalance,2019-11-15,2019-11-15,NTPC
2019-11-15,VSTIND,sell,8.812255061056728,4600.0,40536.37328086095,81.0727465617219,rebalance,rebalance,2019-11-15,2019-11-15,VSTIND
2019-11-15,GSPL,buy,57.73535210175244,218.7,12626.721504653258,25.253443009306515,rebalance,rebalance,2019-11-15,2019-11-15,GSPL
2019-11-15,JBCHEPHARM,buy,26.4890269434846,395.95,10488.330218272728,20.976660436545455,rebalance,rebalance,2019-11-15,2019-11-15,JBCHEPHARM
2019-11-15,KNRCON,buy,54.53269492990503,124.975,6815.22354886488,13.63044709772976,rebalance,rebalance,2019-11-15,2019-11-15,KNRCON
2019-11-15,PIIND,buy,2.072251835378678,1433.75,2971.0910689741795,5.942182137948359,rebalance,rebalance,2019-11-15,2019-11-15,PIIND
2019-11-15,POWERGRID,buy,134.76194586125715,141.0,19001.434366437257,38.00286873287452,rebalance,rebalance,2019-11-15,2019-11-15,POWERGRID
2019-11-15,PSPPROJECT,buy,24.468623169812137,537.95,13162.89583420044,26.325791668400882,rebalance,rebalance,2019-11-15,2019-11-15,PSPPROJECT
2019-11-15,DRREDDY,buy,6.023591682443804,2748.0,16552.829943355573,33.105659886711145,tranche1,tranche1,2019-11-15,2019-11-15,DRREDDY
2019-11-15,TORNTPOWER,buy,45.46181052491121,293.0,13320.310483798983,26.640620967597968,tranche1,tranche1,2019-11-15,2019-11-15,TORNTPOWER
2019-11-18,ADANIENSOL,buy,36.10868874798263,269.25,9722.264445394323,19.444528890788646,tranche1,tranche1,2019-11-15,2019-11-15,ADANITRANS
2019-11-18,NESCO,buy,25.845113971858325,615.0,15894.74509269287,31.78949018538574,tranche1,tranche1,2019-11-15,2019-11-15,NESCO
2019-11-25,IGL,buy,34.73805672270738,402.95,13997.699956414937,27.995399912829875,tranche1,tranche1,2019-11-15,2019-11-15,IGL
2019-12-16,DRREDDY,buy,5.8387407207603435,2835.0,16552.829943355573,33.105659886711145,tranche2,tranche2,2019-12-16,2019-11-15,DRREDDY
2019-12-16,IGL,buy,33.892735971949,413.0,13997.699956414937,27.995399912829875,tranche2,tranche2,2019-12-16,2019-11-15,IGL
2019-12-16,TORNTPOWER,buy,48.87290582938537,272.55,13320.310483798983,26.640620967597968,tranche2,tranche2,2019-12-16,2019-11-15,TORNTPOWER
2019-12-16,NESCO,buy,25.0725531866754,633.95,15894.74509269287,31.78949018538574,tranche2,tranche2,2019-12-16,2019-11-15,NESCO
2020-01-07,ADANIENSOL,buy,29.641050138397325,328.0,9722.264445394323,19.444528890788646,tranche2,tranche2,2019-12-16,2019-11-15,ADANITRANS
2020-01-15,ADANIENSOL,buy,29.195989325508478,333.0,9722.264445394323,19.444528890788646,tranche3,tranche3,2020-01-15,2019-11-15,ADANITRANS
2020-01-15,DRREDDY,buy,5.618461362576777,2946.15,16552.829943355573,33.105659886711145,tranche3,tranche3,2020-01-15,2019-11-15,DRREDDY
2020-01-15,IGL,buy,32.80839085061511,426.65,13997.699956414937,27.995399912829875,tranche3,tranche3,2020-01-15,2019-11-15,IGL
2020-01-15,TORNTPOWER,buy,44.28294708709768,300.8,13320.310483798983,26.640620967597968,tranche3,tranche3,2020-01-15,2019-11-15,TORNTPOWER
2020-01-31,NESCO,buy,20.746509667676666,723.0,14999.726489730228,29.999452979460457,tranche3,tranche3,2020-01-15,2019-11-15,NESCO
2020-02-17,DRREDDY,sell,17.480793765780923,3325.8,58137.6239062342,116.27524781246841,rebalance,rebalance,2020-02-17,2020-02-17,DRREDDY
2020-02-17,IGL,sell,7.71564098266979,487.2,3759.0602867567213,7.518120573513443,rebalance,rebalance,2020-02-17,2020-02-17,IGL
2020-02-17,JBCHEPHARM,sell,28.79549584049772,588.9,16957.667500469106,33.915335000938214,rebalance,rebalance,2020-02-17,2020-02-17,JBCHEPHARM
2020-02-17,KNRCON,sell,266.7847191800874,141.85,37843.4124156954,75.6868248313908,rebalance,rebalance,2020-02-17,2020-02-17,KNRCON
2020-02-17,MGL,sell,43.314074288971455,1167.0,50547.52469522969,101.09504939045938,rebalance,rebalance,2020-02-17,2020-02-17,MGL
2020-02-17,NESCO,sell,8.902284708039696,753.0,6703.420385153891,13.406840770307783,rebalance,rebalance,2020-02-17,2020-02-17,NESCO
2020-02-17,PIIND,sell,0.07256523980898962,1559.05,113.13283712420525,0.22626567424841051,rebalance,rebalance,2020-02-17,2020-02-17,PIIND
2020-02-17,ADANIENSOL,buy,5.781142674271133,330.0,1907.777082509474,3.815554165018948,rebalance,rebalance,2020-02-17,2020-02-17,ADANITRANS
2020-02-17,GSPL,buy,5.73023800419977,242.0,1386.7175970163444,2.7734351940326887,rebalance,rebalance,2020-02-17,2020-02-17,GSPL
2020-02-17,POWERGRID,buy,35.830948853751316,138.75,4971.544153457995,9.94308830691599,rebalance,rebalance,2020-02-17,2020-02-17,POWERGRID
2020-02-17,PSPPROJECT,buy,11.43308418036505,519.0,5933.7706896094605,11.867541379218922,rebalance,rebalance,2020-02-17,2020-02-17,PSPPROJECT
2020-02-17,TORNTPOWER,buy,5.566029853630379,323.5,1800.6106576494276,3.6012213152988553,rebalance,rebalance,2020-02-17,2020-02-17,TORNTPOWER
2020-02-17,HCLTECH,buy,33.504535681886836,623.0,20873.325729815497,41.746651459630996,tranche1,tranche1,2020-02-17,2020-02-17,HCLTECH
2020-02-17,COCHINSHIP,buy,47.77679984358984,353.25,16877.15454474811,33.754309089496225,tranche1,tranche1,2020-02-17,2020-02-17,COCHINSHIP
2020-02-17,INDRAMEDCO,buy,351.0378458498219,42.55,14936.66034090992,29.87332068181984,tranche1,tranche1,2020-02-17,2020-02-17,INDRAMEDCO
2020-03-19,HCLTECH,buy,49.828898853701354,418.9,20873.325729815497,41.746651459630996,tranche2,tranche2,2020-03-19,2020-02-17,HCLTECH
2020-03-19,COCHINSHIP,buy,76.02321867003654,222.0,16877.15454474811,33.754309089496225,tranche2,tranche2,2020-03-19,2020-02-17,COCHINSHIP
2020-03-19,INDRAMEDCO,buy,477.2095955562275,31.3,14936.66034090992,29.87332068181984,tranche2,tranche2,2020-03-19,2020-02-17,INDRAMEDCO
2020-04-23,HCLTECH,buy,44.888872537237624,465.0,20873.325729815497,41.746651459630996,tranche3,tranche3,2020-04-23,2020-02-17,HCLTECH
2020-04-23,COCHINSHIP,buy,65.6954244637918,256.9,16877.15454474811,33.754309089496225,tranche3,tranche3,2020-04-23,2020-02-17,COCHINSHIP
2020-04-24,INDRAMEDCO,buy,364.7536102786305,40.95,14936.66034090992,29.87332068181984,tranche3,tranche3,2020-04-23,2020-02-17,INDRAMEDCO
2020-06-01,ADANIENSOL,sell,100.72687088615957,172.0,17325.021792419448,34.6500435848389,rebalance,rebalance,2020-06-01,2020-06-01,ADANITRANS
2020-06-01,COCHINSHIP,sell,189.49544297741818,226.2,42863.86920149199,85.72773840298397,rebalance,rebalance,2020-06-01,2020-06-01,COCHINSHIP
2020-06-01,GSPL,sell,57.13110591245721,200.0,11426.221182491441,22.85244236498288,rebalance,rebalance,2020-06-01,2020-06-01,GSPL
2020-06-01,HCLTECH,sell,128.22230707282583,557.0,71419.82503956399,142.83965007912798,rebalance,rebalance,2020-06-01,2020-06-01,HCLTECH
2020-06-01,IGL,sell,33.606614462562604,467.0,15694.288954016734,31.38857790803347,rebalance,rebalance,2020-06-01,2020-06-01,IGL
2020-06-01,INDRAMEDCO,sell,1193.0010516846799,38.15,45512.990121770534,91.02598024354107,rebalance,rebalance,2020-06-01,2020-06-01,INDRAMEDCO
2020-06-01,JBCHEPHARM,sell,81.12272502034921,692.0,56136.92571408165,112.2738514281633,rebalance,rebalance,2020-06-01,2020-06-01,JBCHEPHARM
2020-06-01,NESCO,sell,62.7618921181707,435.0,27301.423071404253,54.60284614280851,rebalance,rebalance,2020-06-01,2020-06-01,NESCO
2020-06-01,PIIND,sell,11.632736395784269,1572.0,18286.66161417287,36.57332322834574,rebalance,rebalance,2020-06-01,2020-06-01,PIIND
2020-06-01,POWERGRID,sell,116.07463410424404,118.91250000000001,13802.72492792092,27.605449855841844,rebalance,rebalance,2020-06-01,2020-06-01,POWERGRID
2020-06-01,PSPPROJECT,sell,13.297586741398769,330.0,4388.2036246615935,8.776407249323187,rebalance,rebalance,2020-06-01,2020-06-01,PSPPROJECT
2020-06-01,TORNTPOWER,sell,47.96406436083204,322.5,15468.410756368332,30.936821512736664,rebalance,rebalance,2020-06-01,2020-06-01,TORNTPOWER
2020-06-01,SANOFI,buy,1.7561287089104902,7825.0,13741.707147224586,27.483414294449172,tranche1,tranche1,2020-06-01,2020-06-01,SANOFI
2020-06-01,ALKEM,buy,4.856700194549063,2290.0,11121.843445517354,22.24368689103471,tranche1,tranche1,2020-06-01,2020-06-01,ALKEM
2020-06-01,NHPC,buy,466.07312003752975,19.75,9204.944120741213,18.409888241482427,tranche1,tranche1,2020-06-01,2020-06-01,NHPC
2020-06-17,MPHASIS,buy,12.163238818304668,843.0,10253.610323830835,20.507220647661672,tranche1,tranche1,2020-06-01,2020-06-01,MPHASIS
2020-06-30,SANOFI,buy,1.7179281344198758,7999.0,13741.707147224586,27.483414294449172,tranche2,tranche2,2020-06-30,2020-06-01,SANOFI
2020-06-30,ALKEM,buy,4.712845224593141,2359.9,11121.843445517354,22.24368689103471,tranche2,tranche2,2020-06-30,2020-06-01,ALKEM
2020-06-30,NHPC,buy,450.1195169066608,20.45,9204.944120741213,18.409888241482427,tranche2,tranche2,2020-06-30,2020-06-01,NHPC
2020-07-01,MPHASIS,buy,11.691687940514065,877.0,10253.610323830835,20.507220647661672,tranche2,tranche2,2020-06-30,2020-06-01,MPHASIS
2020-07-13,COROMANDEL,buy,14.307527627927916,752.0,10759.260776201792,21.518521552403584,tranche1,tranche1,2020-06-01,2020-06-01,COROMANDEL
2020-07-13,SYNGENE,buy,25.878449065138536,450.0,11645.302079312341,23.290604158624685,tranche1,tranche1,2020-06-01,2020-06-01,SYNGENE
2020-07-17,SYNGENE,buy,28.693611135425257,405.85,11645.302079312341,23.290604158624685,tranche2,tranche2,2020-06-30,2020-06-01,SYNGENE
2020-07-29,SANOFI,buy,1.7765620099837862,7735.0,13741.707147224586,27.483414294449172,tranche3,tranche3,2020-07-29,2020-06-01,SANOFI
2020-07-29,ALKEM,buy,4.5119040346926385,2465.0,11121.843445517354,22.24368689103471,tranche3,tranche3,2020-07-29,2020-06-01,ALKEM
2020-07-29,COROMANDEL,buy,13.81163129165827,779.0,10759.260776201792,21.518521552403584,tranche2,tranche2,2020-06-30,2020-06-01,COROMANDEL
2020-07-29,COROMANDEL,buy,13.81163129165827,779.0,10759.260776201792,21.518521552403584,tranche3,tranche3,2020-07-29,2020-06-01,COROMANDEL
2020-07-29,NHPC,buy,455.69030300699075,20.2,9204.944120741213,18.409888241482427,tranche3,tranche3,2020-07-29,2020-06-01,NHPC
2020-08-17,MPHASIS,cancel,0.0,,0.0,0.0,tranche3 cancelled: a new decision date replaces it,cancelled,2020-07-29,2020-06-01,MPHASIS
2020-08-17,SYNGENE,cancel,0.0,,0.0,0.0,tranche3 cancelled: a new decision date replaces it,cancelled,2020-07-29,2020-06-01,SYNGENE
2020-08-17,ALKEM,sell,0.3163751894026852,2951.0,933.6231839273241,1.8672463678546483,rebalance,rebalance,2020-08-17,2020-08-17,ALKEM
2020-08-17,GSPL,sell,146.22222195302018,213.95,31284.244386848666,62.56848877369733,rebalance,rebalance,2020-08-17,2020-08-17,GSPL
2020-08-17,IGL,sell,60.11692810003909,391.0,23505.718887115283,47.011437774230565,rebalance,rebalance,2020-08-17,2020-08-17,IGL
2020-08-17,MPHASIS,sell,23.854926758818735,1200.0,28625.91211058248,57.251824221164966,rebalance,rebalance,2020-08-17,2020-08-17,MPHASIS
2020-08-17,NHPC,sell,1371.8829399511812,20.75,28466.57100398701,56.93314200797402,rebalance,rebalance,2020-08-17,2020-08-17,NHPC
2020-08-17,PSPPROJECT,sell,80.92281024543352,400.8,32433.86234636976,64.86772469273951,rebalance,rebalance,2020-08-17,2020-08-17,PSPPROJECT
2020-08-17,SANOFI,sell,5.250618853314152,8350.0,43842.66742517317,87.68533485034634,rebalance,rebalance,2020-08-17,2020-08-17,SANOFI
2020-08-17,SYNGENE,sell,54.5720602005638,493.8,26947.683327038405,53.89536665407681,rebalance,rebalance,2020-08-17,2020-08-17,SYNGENE
2020-08-17,COROMANDEL,buy,13.413652639743187,755.9,10139.380030381875,20.27876006076375,rebalance,rebalance,2020-08-17,2020-08-17,COROMANDEL
2020-08-17,PIIND,buy,0.7513450774870533,1945.5,1461.741848251062,2.923483696502124,rebalance,rebalance,2020-08-17,2020-08-17,PIIND
2020-08-17,POWERGRID,buy,33.97942796641617,132.0,4485.284491566934,8.970568983133868,rebalance,rebalance,2020-08-17,2020-08-17,POWERGRID
2020-08-17,TORNTPOWER,buy,34.701864626824374,343.85,11932.23615193356,23.86447230386712,rebalance,rebalance,2020-08-17,2020-08-17,TORNTPOWER
2020-08-17,CHAMBLFERT,buy,71.38458251568674,153.95,10989.656478289973,21.979312956579946,tranche1,tranche1,2020-08-17,2020-08-17,CHAMBLFERT
2020-08-17,ZYDUSLIFE,buy,30.973863248707207,399.15,12363.21751572148,24.72643503144296,tranche1,tranche1,2020-08-17,2020-08-17,CADILAHC
2020-08-17,EIDPARRY,buy,29.33599648674233,283.4,8313.821404342776,16.627642808685554,tranche1,tranche1,2020-08-17,2020-08-17,EIDPARRY
2020-08-20,LTM,buy,5.308833210972963,2380.0,12635.02304211565,25.2700460842313,tranche1,tranche1,2020-08-17,2020-08-17,LTI
2020-08-26,HCLTECH,buy,18.665242727166266,704.7,13153.396549834068,26.306793099668134,tranche1,tranche1,2020-08-17,2020-08-17,HCLTECH
2020-09-02,POLYPLEX,buy,14.805250242872358,686.0,10156.401666610438,20.312803333220877,tranche1,tranche1,2020-08-17,2020-08-17,POLYPLEX
2020-09-11,PERSISTENT,buy,13.102403456303728,993.7,13019.858314529016,26.03971662905803,tranche1,tranche1,2020-08-17,2020-08-17,PERSISTENT
2020-09-15,POLYPLEX,buy,13.931963877380573,729.0,10156.401666610438,20.312803333220877,tranche2,tranche2,2020-09-15,2020-08-17,POLYPLEX
2020-09-15,CHAMBLFERT,buy,73.55861096579633,149.4,10989.656478289973,21.979312956579946,tranche2,tranche2,2020-09-15,2020-08-17,CHAMBLFERT
2020-09-15,ZYDUSLIFE,buy,33.355503887013306,370.65,12363.21751572148,24.72643503144296,tranche2,tranche2,2020-09-15,2020-08-17,CADILAHC
2020-09-15,EIDPARRY,buy,26.384707725619727,315.1,8313.821404342776,16.627642808685554,tranche2,tranche2,2020-09-15,2020-08-17,EIDPARRY
2020-09-22,LTM,buy,4.750008662449493,2660.0,12635.02304211565,25.2700460842313,tranche2,tranche2,2020-09-15,2020-08-17,LTI
2020-09-25,HCLTECH,buy,16.53995165021574,795.25,13153.396549834068,26.306793099668134,tranche2,tranche2,2020-09-15,2020-08-17,HCLTECH
2020-10-15,POLYPLEX,buy,13.799458786155487,736.0,10156.401666610438,20.312803333220877,tranche3,tranche3,2020-10-15,2020-08-17,POLYPLEX
2020-10-15,CHAMBLFERT,buy,66.78612262710405,164.55,10989.656478289973,21.979312956579946,tranche3,tranche3,2020-10-15,2020-08-17,CHAMBLFERT
2020-10-15,ZYDUSLIFE,buy,28.71160593525657,430.6,12363.21751572148,24.72643503144296,tranche3,tranche3,2020-10-15,2020-08-17,CADILAHC
2020-10-15,EIDPARRY,buy,31.51562321585586,263.8,8313.821404342776,16.627642808685554,tranche3,tranche3,2020-10-15,2020-08-17,EIDPARRY
2020-10-19,HCLTECH,buy,15.662534591371836,839.8,13153.396549834068,26.306793099668134,tranche3,tranche3,2020-10-15,2020-08-17,HCLTECH
2020-10-21,PERSISTENT,buy,10.725201461780976,1213.95,13019.858314529016,26.03971662905803,tranche2,tranche2,2020-09-15,2020-08-17,PERSISTENT
2020-10-21,PERSISTENT,buy,10.725201461780976,1213.95,13019.858314529016,26.03971662905803,tranche3,tranche3,2020-10-15,2020-08-17,PERSISTENT
2020-10-28,LTM,buy,4.334484748581699,2915.0,12635.02304211565,25.2700460842313,tranche3,tranche3,2020-10-15,2020-08-17,LTI
2020-11-17,ALKEM,sell,13.765074264432158,2710.0,37303.351256611146,74.60670251322229,rebalance,rebalance,2020-11-17,2020-11-17,ALKEM
2020-11-17,COROMANDEL,sell,55.34444285098765,754.4,41751.84768678508,83.50369537357015,rebalance,rebalance,2020-11-17,2020-11-17,COROMANDEL
2020-11-17,EIDPARRY,sell,87.23632742821792,289.0,25211.29862675498,50.422597253509956,rebalance,rebalance,2020-11-17,2020-11-17,EIDPARRY
2020-11-17,POLYPLEX,sell,42.53667290640841,777.15,33057.3753492153,66.1147506984306,rebalance,rebalance,2020-11-17,2020-11-17,POLYPLEX
2020-11-17,TORNTPOWER,sell,130.92149356101697,306.45,40120.89170177365,80.2417834035473,rebalance,rebalance,2020-11-17,2020-11-17,TORNTPOWER
2020-11-17,CHAMBLFERT,buy,61.15400680065251,185.3,11331.83746016091,22.66367492032182,rebalance,rebalance,2020-11-17,2020-11-17,CHAMBLFERT
2020-11-17,HCLTECH,buy,13.317788457306449,837.95,11159.64083779994,22.31928167559988,rebalance,rebalance,2020-11-17,2020-11-17,HCLTECH
2020-11-17,LTM,buy,1.5280562909525919,3050.0,4660.571687405405,9.321143374810811,rebalance,rebalance,2020-11-17,2020-11-17,LTI
2020-11-17,PERSISTENT,buy,8.849874547048357,1174.8,10396.83261787241,20.793665235744818,rebalance,rebalance,2020-11-17,2020-11-17,PERSISTENT
2020-11-17,PIIND,buy,3.7110996755540437,2348.2,8714.404258136005,17.42880851627201,rebalance,rebalance,2020-11-17,2020-11-17,PIIND
2020-11-17,POWERGRID,buy,103.21095160433624,140.25,14475.335962508158,28.950671925016316,rebalance,rebalance,2020-11-17,2020-11-17,POWERGRID
2020-11-17,ZYDUSLIFE,buy,27.48209790446949,432.0,11872.26629473082,23.74453258946164,rebalance,rebalance,2020-11-17,2020-11-17,CADILAHC
2020-11-17,UFLEX,buy,44.21313326020751,337.5,14921.932475320036,29.84386495064007,tranche1,tranche1,2020-11-17,2020-11-17,UFLEX
2020-11-17,JINDALPOLY,buy,23.837777606417653,503.1,11992.785913788723,23.985571827577445,tranche1,tranche1,2020-11-17,2020-11-17,JINDALPOLY
2020-11-17,VENUSREM,buy,88.74191576260186,136.1,12077.774735290113,24.155549470580226,tranche1,tranche1,2020-11-17,2020-11-17,VENUSREM
2020-11-27,JKCEMENT,buy,9.678691975658888,1899.0,18379.836061776226,36.759672123552456,tranche1,tranche1,2020-11-17,2020-11-17,JKCEMENT
2020-12-17,JKCEMENT,buy,9.454648179926043,1944.0,18379.836061776226,36.759672123552456,tranche2,tranche2,2020-12-17,2020-11-17,JKCEMENT
2020-12-17,JINDALPOLY,buy,25.771539516038942,465.35,11992.785913788723,23.985571827577445,tranche2,tranche2,2020-12-17,2020-11-17,JINDALPOLY
2020-12-17,VENUSREM,buy,85.14469323433285,141.85,12077.774735290113,24.155549470580226,tranche2,tranche2,2020-12-17,2020-11-17,VENUSREM
2020-12-22,UFLEX,buy,42.391853623068286,352.0,14921.932475320036,29.84386495064007,tranche2,tranche2,2020-12-17,2020-11-17,UFLEX
2020-12-31,EVEREADY,buy,73.47183672960831,210.0,15429.085713217746,30.858171426435494,tranche1,tranche1,2020-11-17,2020-11-17,EVEREADY
2021-01-18,UFLEX,buy,39.91956253429651,373.8,14921.932475320036,29.84386495064007,tranche3,tranche3,2021-01-18,2020-11-17,UFLEX
2021-01-18,JINDALPOLY,buy,26.357771239096092,455.0,11992.785913788723,23.985571827577445,tranche3,tranche3,2021-01-18,2020-11-17,JINDALPOLY
2021-01-19,JKCEMENT,buy,8.463340268810715,2171.7,18379.836061776226,36.759672123552456,tranche3,tranche3,2021-01-18,2020-11-17,JKCEMENT
2021-01-19,EVEREADY,buy,78.3202320467906,197.0,15429.085713217746,30.858171426435494,tranche2,tranche2,2020-12-17,2020-11-17,EVEREADY
2021-01-19,EVEREADY,buy,78.3202320467906,197.0,15429.085713217746,30.858171426435494,tranche3,tranche3,2021-01-18,2020-11-17,EVEREADY
2021-01-27,VENUSREM,buy,74.46223634580835,162.2,12077.774735290113,24.155549470580226,tranche3,tranche3,2021-01-18,2020-11-17,VENUSREM
2021-02-15,CHAMBLFERT,sell,272.88332290923967,243.1,66337.93579923616,132.67587159847233,rebalance,rebalance,2021-02-15,2021-02-15,CHAMBLFERT
2021-02-15,JKCEMENT,sell,3.3879902212490807,2720.0,9215.3334017975,18.430666803595,rebalance,rebalance,2021-02-15,2021-02-15,JKCEMENT
2021-02-15,LTM,sell,15.921382912956744,4060.0,64640.814626604384,129.28162925320876,rebalance,rebalance,2021-02-15,2021-02-15,LTI
2021-02-15,PERSISTENT,sell,8.199600773099338,1804.0,14792.079794671205,29.58415958934241,rebalance,rebalance,2021-02-15,2021-02-15,PERSISTENT
2021-02-15,PIIND,sell,22.56682186644816,2235.0,50436.84687151163,100.87369374302327,rebalance,rebalance,2021-02-15,2021-02-15,PIIND
2021-02-15,EVEREADY,buy,21.09087970160106,224.0,4724.357053158637,9.448714106317276,rebalance,rebalance,2021-02-15,2021-02-15,EVEREADY
2021-02-15,HCLTECH,buy,5.635613153009635,970.0,5466.544758419346,10.933089516838693,rebalance,rebalance,2021-02-15,2021-02-15,HCLTECH
2021-02-15,JINDALPOLY,buy,20.873677912535577,519.0,10833.438836605965,21.66687767321193,rebalance,rebalance,2021-02-15,2021-02-15,JINDALPOLY
2021-02-15,POWERGRID,buy,54.05559728792205,160.5,8675.923364711489,17.351846729422977,rebalance,rebalance,2021-02-15,2021-02-15,POWERGRID
2021-02-15,UFLEX,buy,34.947362625717076,354.1,12374.861105766417,24.749722211532834,rebalance,rebalance,2021-02-15,2021-02-15,UFLEX
2021-02-15,VENUSREM,buy,9.385706536741694,176.5,1656.5772037349088,3.313154407469818,rebalance,rebalance,2021-02-15,2021-02-15,VENUSREM
2021-02-15,ZYDUSLIFE,buy,21.37077313423305,466.9,9978.013976373411,19.956027952746823,rebalance,rebalance,2021-02-15,2021-02-15,CADILAHC
2021-02-15,GPIL,buy,120.34602146179839,126.0,15163.598704186597,30.327197408373195,tranche1,tranche1,2021-02-15,2021-02-15,GPIL
2021-02-16,INDSWFTLAB,buy,225.77847459772997,72.0,16256.050171036557,32.51210034207311,tranche1,tranche1,2021-02-15,2021-02-15,INDSWFTLAB
2021-03-01,KNRCON,buy,93.78384875876029,210.0,19694.60823933966,39.38921647867932,tranche1,tranche1,2021-02-15,2021-02-15,KNRCON
2021-03-17,KNRCON,buy,94.45855270666505,208.5,19694.60823933966,39.38921647867932,tranche2,tranche2,2021-03-17,2021-02-15,KNRCON
2021-03-18,INDSWFTLAB,buy,198.24451428093363,82.0,16256.050171036557,32.51210034207311,tranche2,tranche2,2021-03-17,2021-02-15,INDSWFTLAB
2021-04-20,KNRCON,buy,96.80318623415907,203.45,19694.60823933966,39.38921647867932,tranche3,tranche3,2021-04-20,2021-02-15,KNRCON
2021-04-20,INDSWFTLAB,buy,232.06352849445477,70.05,16256.050171036557,32.51210034207311,tranche3,tranche3,2021-04-20,2021-02-15,INDSWFTLAB
2021-05-04,GPIL,buy,60.05385625420435,252.5,15163.598704186597,30.327197408373195,tranche2,tranche2,2021-03-17,2021-02-15,GPIL
2021-05-21,GPIL,buy,68.1510054120746,222.5,15163.598704186597,30.327197408373195,tranche3,tranche3,2021-04-20,2021-02-15,GPIL
2021-06-01,EVEREADY,sell,251.20318052479058,324.35,81477.75160321583,162.95550320643167,rebalance,rebalance,2021-06-01,2021-06-01,EVEREADY
2021-06-01,HCLTECH,sell,69.82113057906993,948.0,66190.43178895829,132.38086357791659,rebalance,rebalance,2021-06-01,2021-06-01,HCLTECH
2021-06-01,INDSWFTLAB,sell,656.0865173731183,83.7,54914.44150413001,109.82888300826002,rebalance,rebalance,2021-06-01,2021-06-01,INDSWFTLAB
2021-06-01,JINDALPOLY,sell,96.84076627408825,812.65,78697.64871263782,157.39529742527563,rebalance,rebalance,2021-06-01,2021-06-01,JINDALPOLY
2021-06-01,JKCEMENT,sell,24.208690203146567,2859.0,69212.64529079603,138.42529058159207,rebalance,rebalance,2021-06-01,2021-06-01,JKCEMENT
2021-06-01,KNRCON,sell,285.0455876995844,220.5,62852.55208775836,125.70510417551672,rebalance,rebalance,2021-06-01,2021-06-01,KNRCON
2021-06-01,PERSISTENT,sell,35.203080153814696,2543.0,89521.43283115077,179.04286566230155,rebalance,rebalance,2021-06-01,2021-06-01,PERSISTENT
2021-06-01,POWERGRID,sell,489.87343121676463,169.72500000000002,83143.76811326538,166.28753622653076,rebalance,rebalance,2021-06-01,2021-06-01,POWERGRID
2021-06-01,VENUSREM,sell,257.73455187948474,317.85,81920.92731489423,163.84185462978846,rebalance,rebalance,2021-06-01,2021-06-01,VENUSREM
2021-06-01,ZYDUSLIFE,sell,141.89384410967963,618.8,87803.91073506974,175.6078214701395,rebalance,rebalance,2021-06-01,2021-06-01,CADILAHC
2021-06-01,GPIL,buy,4.706503993500386,245.0,1153.0934784075944,2.3061869568151887,rebalance,rebalance,2021-06-01,2021-06-01,GPIL
2021-06-01,UFLEX,buy,24.317925699100513,457.4,11123.019214768574,22.246038429537148,rebalance,rebalance,2021-06-01,2021-06-01,UFLEX
2021-06-01,APOLLOTYRE,buy,106.76731624782242,222.85,23793.096425827225,47.58619285165445,tranche1,tranche1,2021-06-01,2021-06-01,APOLLOTYRE
2021-06-01,DALBHARAT,buy,16.36002565699799,1778.4,29094.66962840523,58.18933925681046,tranche1,tranche1,2021-06-01,2021-06-01,DALBHARAT
2021-06-02,VEDL,buy,89.28788944910295,269.55,24067.5506010057,48.1351012020114,tranche1,tranche1,2021-06-01,2021-06-01,VEDL
2021-06-09,JSWSTEEL,buy,43.025577749204984,705.0,30333.032313189513,60.666064626379026,tranche1,tranche1,2021-06-01,2021-06-01,JSWSTEEL
2021-06-10,TATASTEEL,buy,242.50532415942058,110.93,26901.115609004526,53.802231218009055,tranche1,tranche1,2021-06-01,2021-06-01,TATASTEEL
2021-06-17,SPLPETRO,buy,61.91876884945939,371.0,22971.863243149433,45.94372648629887,tranche1,tranche1,2021-06-01,2021-06-01,SUPPETRO
2021-06-18,TATASTLBSL,buy,240.37108055349054,91.15,21909.823992450663,43.81964798490133,tranche1,tranche1,2021-06-01,2021-06-01,TATASTLBSL
2021-06-21,VISAKAIND,buy,36.365297806982205,665.5,24201.105690546658,48.402211381093316,tranche1,tranche1,2021-06-01,2021-06-01,VISAKAIND
2021-06-30,TATASTLBSL,buy,241.297621062232,90.8,21909.823992450663,43.81964798490133,tranche2,tranche2,2021-06-30,2021-06-01,TATASTLBSL
2021-06-30,VEDL,buy,90.30975835274184,266.5,24067.5506010057,48.1351012020114,tranche2,tranche2,2021-06-30,2021-06-01,VEDL
2021-06-30,JSWSTEEL,buy,44.14967224101523,687.05,30333.032313189513,60.666064626379026,tranche2,tranche2,2021-06-30,2021-06-01,JSWSTEEL
2021-06-30,TATASTEEL,buy,227.7728767537744,118.105,26901.115609004526,53.802231218009055,tranche2,tranche2,2021-06-30,2021-06-01,TATASTEEL
2021-06-30,APOLLOTYRE,buy,104.10455666518146,228.55,23793.096425827225,47.58619285165445,tranche2,tranche2,2021-06-30,2021-06-01,APOLLOTYRE
2021-06-30,VISAKAIND,buy,34.47696515499203,701.95,24201.105690546658,48.402211381093316,tranche2,tranche2,2021-06-30,2021-06-01,VISAKAIND
2021-06-30,SPLPETRO,buy,61.17673300439263,375.5,22971.863243149433,45.94372648629887,tranche2,tranche2,2021-06-30,2021-06-01,SUPPETRO
2021-06-30,DALBHARAT,buy,15.443440446086802,1883.95,29094.66962840523,58.18933925681046,tranche2,tranche2,2021-06-30,2021-06-01,DALBHARAT
2021-07-13,COSMOFIRST,buy,34.17105935012519,713.3333333333333,24375.355669755965,48.75071133951193,tranche1,tranche1,2021-06-01,2021-06-01,COSMOFILMS
2021-07-13,GULPOLY,buy,98.80749667672289,210.1,20759.455051779478,41.51891010355896,tranche1,tranche1,2021-06-01,2021-06-01,GULPOLY
2021-07-30,TATASTLBSL,buy,224.7161435123145,97.5,21909.823992450663,43.81964798490133,tranche3,tranche3,2021-07-30,2021-06-01,TATASTLBSL
2021-07-30,VEDL,buy,82.56449605833859,291.5,24067.5506010057,48.1351012020114,tranche3,tranche3,2021-07-30,2021-06-01,VEDL
2021-07-30,JSWSTEEL,buy,40.65272708328019,746.15,30333.032313189513,60.666064626379026,tranche3,tranche3,2021-07-30,2021-06-01,JSWSTEEL
2021-07-30,APOLLOTYRE,buy,109.69615687333898,216.9,23793.096425827225,47.58619285165445,tranche3,tranche3,2021-07-30,2021-06-01,APOLLOTYRE
2021-07-30,SPLPETRO,buy,64.25696012069771,357.5,22971.863243149433,45.94372648629887,tranche3,tranche3,2021-07-30,2021-06-01,SUPPETRO
2021-07-30,DALBHARAT,buy,13.526113262856917,2151.0,29094.66962840523,58.18933925681046,tranche3,tranche3,2021-07-30,2021-06-01,DALBHARAT
2021-08-11,VISAKAIND,buy,32.054444623240606,755.0,24201.105690546658,48.402211381093316,tranche3,tranche3,2021-07-30,2021-06-01,VISAKAIND
2021-08-12,COSMOFIRST,buy,27.69926780654087,880.0,24375.355669755965,48.75071133951193,tranche2,tranche2,2021-06-30,2021-06-01,COSMOFILMS
2021-08-12,GULPOLY,buy,86.49772938241449,240.0,20759.455051779478,41.51891010355896,tranche2,tranche2,2021-06-30,2021-06-01,GULPOLY
2021-08-12,GULPOLY,buy,86.49772938241449,240.0,20759.455051779478,41.51891010355896,tranche3,tranche3,2021-07-30,2021-06-01,GULPOLY
2021-08-16,TATASTEEL,cancel,0.0,,0.0,0.0,tranche3 cancelled: a new decision date replaces it,cancelled,2021-07-30,2021-06-01,TATASTEEL
2021-08-16,COSMOFIRST,cancel,0.0,,0.0,0.0,tranche3 cancelled: a new decision date replaces it,cancelled,2021-07-30,2021-06-01,COSMOFILMS
2021-08-16,APOLLOTYRE,sell,320.56802978634283,224.85,72079.72149745918,144.15944299491835,rebalance,rebalance,2021-08-16,2021-08-16,APOLLOTYRE
2021-08-16,COSMOFIRST,sell,61.870327156666065,913.3333333333333,56508.23213642167,113.01646427284334,rebalance,rebalance,2021-08-16,2021-08-16,COSMOFILMS
2021-08-16,DALBHARAT,sell,45.32957936594171,1910.0,86579.49658894866,173.15899317789734,rebalance,rebalance,2021-08-16,2021-08-16,DALBHARAT
2021-08-16,GPIL,sell,253.2573871215777,318.75,80725.7921450029,161.4515842900058,rebalance,rebalance,2021-08-16,2021-08-16,GPIL
2021-08-16,GULPOLY,sell,271.8029554415519,269.9,73359.61767367485,146.7192353473497,rebalance,rebalance,2021-08-16,2021-08-16,GULPOLY
2021-08-16,JSWSTEEL,sell,1.0516141392266176,745.0,783.4525337238301,1.5669050674476603,rebalance,rebalance,2021-08-16,2021-08-16,JSWSTEEL
2021-08-16,TATASTLBSL,sell,12.050002967382905,97.75,1177.887790061679,2.355775580123358,rebalance,rebalance,2021-08-16,2021-08-16,TATASTLBSL
2021-08-16,UFLEX,sell,185.78983774238986,528.0,98097.03432798185,196.1940686559637,rebalance,rebalance,2021-08-16,2021-08-16,UFLEX
2021-08-16,VEDL,sell,262.1621438601834,329.8,86461.07504508848,172.92215009017696,rebalance,rebalance,2021-08-16,2021-08-16,VEDL
2021-08-16,VISAKAIND,sell,102.89670758521484,785.0,80773.91545439365,161.5478309087873,rebalance,rebalance,2021-08-16,2021-08-16,VISAKAIND
2021-08-16,SPLPETRO,buy,33.25213803018161,347.175,11544.311020628302,23.088622041256603,rebalance,rebalance,2021-08-16,2021-08-16,SUPPETRO
2021-08-16,TATASTEEL,buy,92.16060593314963,148.4,13676.633920479406,27.35326784095881,rebalance,rebalance,2021-08-16,2021-08-16,TATASTEEL
2021-08-16,STYRENIX,buy,19.992701342911666,1416.2,28313.663641831503,56.62732728366301,tranche1,tranche1,2021-08-16,2021-08-16,INEOSSTYRO
2021-08-16,GRASIM,buy,25.837323086321096,1498.9,38727.56357408669,77.45512714817339,tranche1,tranche1,2021-08-16,2021-08-16,GRASIM
2021-08-16,OIL,buy,218.89327277943238,166.0,36336.283281385775,72.67256656277155,tranche1,tranche1,2021-08-16,2021-08-16,OIL
2021-08-16,TATASTLLP,buy,20.540177557644743,1019.15,20933.52195787364,41.86704391574728,tranche1,tranche1,2021-08-16,2021-08-16,TATASTLLP
2021-08-20,GHCL,buy,83.598567860939,337.4,28206.15679628082,56.41231359256164,tranche1,tranche1,2021-08-16,2021-08-16,GHCL
2021-08-24,NITINSPIN,buy,119.17231639084665,185.75,22136.257769599764,44.27251553919953,tranche1,tranche1,2021-08-16,2021-08-16,NITINSPIN
2021-09-07,DCMNVL,buy,108.83249879452119,205.5,22365.078502274104,44.73015700454821,tranche1,tranche1,2021-08-16,2021-08-16,DCMNVL
2021-09-16,STYRENIX,buy,20.252978284571892,1398.0,28313.663641831503,56.62732728366301,tranche2,tranche2,2021-09-16,2021-08-16,INEOSSTYRO
2021-09-16,GRASIM,buy,23.979915525750275,1615.0,38727.56357408669,77.45512714817339,tranche2,tranche2,2021-09-16,2021-08-16,GRASIM
2021-09-16,NITINSPIN,buy,103.44045686728862,214.0,22136.257769599764,44.27251553919953,tranche2,tranche2,2021-09-16,2021-08-16,NITINSPIN
2021-09-16,DCMNVL,buy,102.59210322144084,218.0,22365.078502274104,44.73015700454821,tranche2,tranche2,2021-09-16,2021-08-16,DCMNVL
2021-09-16,TATASTLLP,buy,23.520811188622066,890.0,20933.52195787364,41.86704391574728,tranche2,tranche2,2021-09-16,2021-08-16,TATASTLLP
2021-09-21,GHCL,buy,73.99306609727392,381.2,28206.15679628082,56.41231359256164,tranche2,tranche2,2021-09-16,2021-08-16,GHCL
2021-09-29,HGINFRA,buy,38.44881277842466,625.0,24030.50798651541,48.06101597303083,tranche1,tranche1,2021-08-16,2021-08-16,HGINFRA
2021-10-18,NITINSPIN,buy,99.48879896449333,222.5,22136.257769599764,44.27251553919953,tranche3,tranche3,2021-10-18,2021-08-16,NITINSPIN
2021-10-18,DCMNVL,buy,93.89201722197357,238.2,22365.078502274104,44.73015700454821,tranche3,tranche3,2021-10-18,2021-08-16,DCMNVL
2021-10-18,TATASTLLP,buy,21.62553921267938,968.0,20933.52195787364,41.86704391574728,tranche3,tranche3,2021-10-18,2021-08-16,TATASTLLP
2021-10-20,GRASIM,buy,22.646373647205834,1710.1,38727.56357408669,77.45512714817339,tranche3,tranche3,2021-10-18,2021-08-16,GRASIM
2021-10-21,GHCL,buy,66.0565732933977,427.0,28206.15679628082,56.41231359256164,tranche3,tranche3,2021-10-18,2021-08-16,GHCL
2021-10-22,OIL,buy,164.4175714089854,221.0,36336.283281385775,72.67256656277155,tranche2,tranche2,2021-09-16,2021-08-16,OIL
2021-10-22,OIL,buy,164.4175714089854,221.0,36336.283281385775,72.67256656277155,tranche3,tranche3,2021-10-18,2021-08-16,OIL
2021-10-26,STYRENIX,buy,18.964275714555594,1493.0,28313.663641831503,56.62732728366301,tranche3,tranche3,2021-10-18,2021-08-16,INEOSSTYRO
2021-10-29,HGINFRA,buy,30.87960419752687,778.2,24030.50798651541,48.06101597303083,tranche2,tranche2,2021-09-16,2021-08-16,HGINFRA
2021-11-10,HGINFRA,buy,32.65458348486943,735.9,24030.50798651541,48.06101597303083,tranche3,tranche3,2021-10-18,2021-08-16,HGINFRA
2021-11-15,DCMNVL,sell,59.237662099414955,312.4,18505.84563985723,37.01169127971446,rebalance,rebalance,2021-11-15,2021-11-15,DCMNVL
2021-11-15,GHCL,sell,7.187446080770659,417.5,3000.75873872175,6.0015174774435005,rebalance,rebalance,2021-11-15,2021-11-15,GHCL
2021-11-15,GRASIM,sell,72.4636122592772,1859.05,134713.4783706093,269.4269567412186,rebalance,rebalance,2021-11-15,2021-11-15,GRASIM
2021-11-15,NITINSPIN,sell,33.5434589497569,257.0,8620.668950087522,17.241337900175044,rebalance,rebalance,2021-11-15,2021-11-15,NITINSPIN
2021-11-15,OIL,sell,58.49173642054089,221.9,12979.316311718023,25.958632623436046,rebalance,rebalance,2021-11-15,2021-11-15,OIL
2021-11-15,SPLPETRO,sell,220.60460000473134,343.0,75667.37780162285,151.3347556032457,rebalance,rebalance,2021-11-15,2021-11-15,SUPPETRO
2021-11-15,STYRENIX,sell,4.399308776230487,1527.0,6717.744501303954,13.435489002607909,rebalance,rebalance,2021-11-15,2021-11-15,INEOSSTYRO
2021-11-15,TATASTLLP,sell,65.68652795894619,852.0,55964.92182102215,111.9298436420443,rebalance,rebalance,2021-11-15,2021-11-15,TATASTLLP
2021-11-15,HGINFRA,buy,9.640137834712528,698.25,6731.226243088022,13.462452486176044,rebalance,rebalance,2021-11-15,2021-11-15,HGINFRA
2021-11-15,JSWSTEEL,buy,30.379408447097113,675.0,20506.10070179055,41.0122014035811,rebalance,rebalance,2021-11-15,2021-11-15,JSWSTEEL
2021-11-15,TATASTEEL,buy,145.00464025032946,129.5,18778.100912417663,37.55620182483533,rebalance,rebalance,2021-11-15,2021-11-15,TATASTEEL
2021-11-15,VEDL,buy,88.43595929069977,329.0,29095.430606640224,58.19086121328045,tranche1,tranche1,2021-11-15,2021-11-15,VEDL
2021-11-15,ONGC,buy,215.7322920891354,156.45,33751.31709734523,67.50263419469046,tranche1,tranche1,2021-11-15,2021-11-15,ONGC
2021-11-22,JAYNECOIND,buy,865.3847171546622,26.65,23062.502712171747,46.12500542434349,tranche1,tranche1,2021-11-15,2021-11-15,JAYNECOIND
2021-11-23,TATASTLBSL,cancel,0.0,,0.0,0.0,order cancelled: no trade within 5 sessions,cancelled,2021-11-15,2021-11-15,TATASTLBSL
2021-12-13,TATASTLBSL,sell,694.3348421606541,85.35,59261.47877841183,118.52295755682367,no trade for 20 sessions,forced_exit,2021-12-13,2021-11-15,TATASTLBSL
2021-12-15,VEDL,buy,80.83186722222594,359.95,29095.430606640224,58.19086121328045,tranche2,tranche2,2021-12-15,2021-11-15,VEDL
2021-12-15,ONGC,buy,230.69936498527153,146.3,33751.31709734523,67.50263419469046,tranche2,tranche2,2021-12-15,2021-11-15,ONGC
2021-12-15,JAYNECOIND,buy,840.1640332303004,27.45,23062.502712171747,46.12500542434349,tranche2,tranche2,2021-12-15,2021-11-15,JAYNECOIND
2022-01-13,VEDL,buy,86.74845142110979,335.4,29095.430606640224,58.19086121328045,tranche3,tranche3,2022-01-13,2021-11-15,VEDL
2022-01-13,JAYNECOIND,buy,871.9282688911813,26.45,23062.502712171747,46.12500542434349,tranche3,tranche3,2022-01-13,2021-11-15,JAYNECOIND
2022-01-17,ONGC,buy,207.70041290673987,162.5,33751.31709734523,67.50263419469046,tranche3,tranche3,2022-01-13,2021-11-15,ONGC
2022-02-15,GHCL,sell,216.46076117084,410.0,88748.91208004439,177.49782416008878,rebalance,rebalance,2022-02-15,2022-02-15,GHCL
2022-02-15,HGINFRA,sell,111.6231382955335,586.05,65416.740198097395,130.8334803961948,rebalance,rebalance,2022-02-15,2022-02-15,HGINFRA
2022-02-15,JAYNECOIND,sell,2577.477019276144,24.85,64050.30392901218,128.10060785802438,rebalance,rebalance,2022-02-15,2022-02-15,JAYNECOIND
2022-02-15,JSWSTEEL,sell,2.71808276703966,635.85,1728.2929274221678,3.456585854844336,rebalance,rebalance,2022-02-15,2022-02-15,JSWSTEEL
2022-02-15,NITINSPIN,sell,40.4242970733669,285.0,11520.924665909566,23.041849331819133,rebalance,rebalance,2022-02-15,2022-02-15,NITINSPIN
2022-02-15,OIL,sell,81.98843087353748,231.0,18939.32753178716,37.87865506357432,rebalance,rebalance,2022-02-15,2022-02-15,OIL
2022-02-15,ONGC,sell,39.166719294913534,170.0,6658.342280135301,13.316684560270602,rebalance,rebalance,2022-02-15,2022-02-15,ONGC
2022-02-15,STYRENIX,sell,54.81064656580867,1145.15,62766.4119148358,125.5328238296716,rebalance,rebalance,2022-02-15,2022-02-15,INEOSSTYRO
2022-02-15,VEDL,sell,29.441023377737054,369.0,10863.737626384973,21.727475252769946,rebalance,rebalance,2022-02-15,2022-02-15,VEDL
2022-02-15,DCMNVL,buy,28.014825691310936,270.0,7564.002936653953,15.128005873307906,rebalance,rebalance,2022-02-15,2022-02-15,DCMNVL
2022-02-15,TATASTEEL,buy,42.96686512410417,119.685,5142.489252378407,10.284978504756815,rebalance,rebalance,2022-02-15,2022-02-15,TATASTEEL
2022-02-15,MAHSEAMLES,buy,124.13331459067035,257.6,31976.741838556685,63.95348367711337,tranche1,tranche1,2022-02-15,2022-02-15,MAHSEAMLES
2022-02-15,PRECOT,buy,69.10486355876606,328.15,22676.76097680908,45.35352195361816,tranche1,tranche1,2022-02-15,2022-02-15,PRECOT
2022-02-15,UFLEX,buy,51.09529699420356,560.0,28613.366316753993,57.226732633507986,tranche1,tranche1,2022-02-15,2022-02-15,UFLEX
2022-02-15,ALLCARGO,buy,72.7719271290702,344.0,25033.54293240015,50.0670858648003,tranche1,tranche1,2022-02-15,2022-02-15,ALLCARGO
2022-03-17,MAHSEAMLES,buy,113.37260003033747,282.05,31976.741838556685,63.95348367711337,tranche2,tranche2,2022-03-17,2022-02-15,MAHSEAMLES
2022-03-17,PRECOT,buy,67.89449394254216,334.0,22676.76097680908,45.35352195361816,tranche2,tranche2,2022-03-17,2022-02-15,PRECOT
2022-03-17,UFLEX,buy,51.09529699420356,560.0,28613.366316753993,57.226732633507986,tranche2,tranche2,2022-03-17,2022-02-15,UFLEX
2022-03-17,ALLCARGO,buy,78.75898358471024,317.85,25033.54293240015,50.0670858648003,tranche2,tranche2,2022-03-17,2022-02-15,ALLCARGO
2022-03-31,VISHNU,buy,79.67917768677604,314.0,25019.261793647678,50.03852358729536,tranche1,tranche1,2022-02-15,2022-02-15,VISHNU
2022-04-20,MAHSEAMLES,buy,108.04778455332551,295.95,31976.741838556685,63.95348367711337,tranche3,tranche3,2022-04-20,2022-02-15,MAHSEAMLES
2022-04-20,PRECOT,buy,67.36005042866206,336.65,22676.76097680908,45.35352195361816,tranche3,tranche3,2022-04-20,2022-02-15,PRECOT
2022-04-20,ALLCARGO,buy,67.65822414162203,370.0,25033.54293240015,50.0670858648003,tranche3,tranche3,2022-04-20,2022-02-15,ALLCARGO
2022-04-20,VISHNU,buy,80.16681660305576,312.09000000000003,25019.261793647678,50.03852358729536,tranche2,tranche2,2022-03-17,2022-02-15,VISHNU
2022-04-20,VISHNU,buy,80.16681660305576,312.09000000000003,25019.261793647678,50.03852358729536,tranche3,tranche3,2022-04-20,2022-02-15,VISHNU
2022-05-04,UFLEX,buy,43.69787158942272,654.8,28613.366316753993,57.226732633507986,tranche3,tranche3,2022-04-20,2022-02-15,UFLEX
2022-06-01,ALLCARGO,sell,73.96022552694349,320.0,23667.272168621916,47.334544337243834,rebalance,rebalance,2022-06-01,2022-06-01,ALLCARGO
2022-06-01,DCMNVL,sell,30.899971288883513,183.45,5668.59973294568,11.337199465891361,rebalance,rebalance,2022-06-01,2022-06-01,DCMNVL
2022-06-01,JSWSTEEL,sell,154.43768861433125,554.05,85566.20137677022,171.13240275354045,rebalance,rebalance,2022-06-01,2022-06-01,JSWSTEEL
2022-06-01,MAHSEAMLES,sell,125.07123136962751,277.0,34644.73108938682,69.28946217877365,rebalance,rebalance,2022-06-01,2022-06-01,MAHSEAMLES
2022-06-01,NITINSPIN,sell,28.60093778569193,218.0,6235.004437280841,12.470008874561682,rebalance,rebalance,2022-06-01,2022-06-01,NITINSPIN
2022-06-01,OIL,sell,170.78752115314217,240.4,41057.320085215375,82.11464017043075,rebalance,rebalance,2022-06-01,2022-06-01,OIL
2022-06-01,ONGC,sell,175.34008747465094,151.2,26511.421226167222,53.022842452334444,rebalance,rebalance,2022-06-01,2022-06-01,ONGC
2022-06-01,PRECOT,sell,204.3594079299703,260.3,53194.753884171274,106.38950776834255,rebalance,rebalance,2022-06-01,2022-06-01,PRECOT
2022-06-01,TATASTEEL,sell,750.4103122207782,106.55000000000001,79956.21876712392,159.91243753424786,rebalance,rebalance,2022-06-01,2022-06-01,TATASTEEL
2022-06-01,UFLEX,sell,54.972844777620416,619.8,34072.16919316913,68.14433838633826,rebalance,rebalance,2022-06-01,2022-06-01,UFLEX
2022-06-01,VEDL,sell,226.57525455629843,320.5,72617.36908529364,145.2347381705873,rebalance,rebalance,2022-06-01,2022-06-01,VEDL
2022-06-01,VISHNU,sell,64.93588547036119,288.38000000000005,18726.21065194276,37.45242130388552,rebalance,rebalance,2022-06-01,2022-06-01,VISHNU
2022-06-01,POLYPLEX,buy,8.090707063797762,2367.65,19155.96257960077,38.31192515920154,tranche1,tranche1,2022-06-01,2022-06-01,POLYPLEX
2022-06-01,AURIONPRO,buy,51.14624349893136,313.0,16008.774215165517,32.01754843033103,tranche1,tranche1,2022-06-01,2022-06-01,AURIONPRO
2022-06-01,NTPC,buy,177.9508880878675,156.45,27840.416441346868,55.680832882693736,tranche1,tranche1,2022-06-01,2022-06-01,NTPC
2022-06-06,GHCL,buy,25.498924444668436,640.3,16326.961321921199,32.6539226438424,tranche1,tranche1,2022-06-01,2022-06-01,GHCL
2022-06-30,POLYPLEX,buy,8.267571247130242,2317.0,19155.96257960077,38.31192515920154,tranche2,tranche2,2022-06-30,2022-06-01,POLYPLEX
2022-06-30,AURIONPRO,buy,61.148870187797996,261.8,16008.774215165517,32.01754843033103,tranche2,tranche2,2022-06-30,2022-06-01,AURIONPRO
2022-06-30,NTPC,buy,195.64593423293653,142.3,27840.416441346868,55.680832882693736,tranche2,tranche2,2022-06-30,2022-06-01,NTPC
2022-06-30,GHCL,buy,28.367581134430022,575.55,16326.961321921199,32.6539226438424,tranche2,tranche2,2022-06-30,2022-06-01,GHCL
2022-07-29,POLYPLEX,buy,8.253145162577614,2321.05,19155.96257960077,38.31192515920154,tranche3,tranche3,2022-07-29,2022-06-01,POLYPLEX
2022-07-29,NTPC,buy,184.4346899062396,150.95,27840.416441346868,55.680832882693736,tranche3,tranche3,2022-07-29,2022-06-01,NTPC
2022-07-29,GHCL,buy,23.974979914715416,681.0,16326.961321921199,32.6539226438424,tranche3,tranche3,2022-07-29,2022-06-01,GHCL
2022-08-16,AURIONPRO,cancel,0.0,,0.0,0.0,tranche3 cancelled: a new decision date replaces it,cancelled,2022-07-29,2022-06-01,AURIONPRO
2022-08-16,ALLCARGO,sell,145.228909328459,301.0,43713.901707866156,87.42780341573231,rebalance,rebalance,2022-08-16,2022-08-16,ALLCARGO
2022-08-16,AURIONPRO,sell,112.29511368672937,345.0,38741.81422192163,77.48362844384326,rebalance,rebalance,2022-08-16,2022-08-16,AURIONPRO
2022-08-16,DCMNVL,sell,243.19381154094808,184.95,44978.69544449834,89.95739088899668,rebalance,rebalance,2022-08-16,2022-08-16,DCMNVL
2022-08-16,GHCL,sell,5.381420344812936,621.0,3341.8620341288333,6.683724068257667,rebalance,rebalance,2022-08-16,2022-08-16,GHCL
2022-08-16,MAHSEAMLES,sell,82.23308275971262,387.5,31865.319569388637,63.73063913877728,rebalance,rebalance,2022-08-16,2022-08-16,MAHSEAMLES
2022-08-16,NITINSPIN,sell,219.53287841381285,201.95,44334.6647956695,88.66932959133901,rebalance,rebalance,2022-08-16,2022-08-16,NITINSPIN
2022-08-16,NTPC,sell,74.02594020988103,159.0,11770.124493371084,23.540248986742167,rebalance,rebalance,2022-08-16,2022-08-16,NTPC
2022-08-16,OIL,sell,236.46072715018272,191.0,45163.9988856849,90.32799777136981,rebalance,rebalance,2022-08-16,2022-08-16,OIL
2022-08-16,ONGC,sell,439.6252632115823,139.5,61327.724218015734,122.65544843603146,rebalance,rebalance,2022-08-16,2022-08-16,ONGC
2022-08-16,POLYPLEX,sell,2.364716492711741,2241.4,5300.275546764096,10.600551093528193,rebalance,rebalance,2022-08-16,2022-08-16,POLYPLEX
2022-08-16,UFLEX,sell,11.201780237989919,682.8,7648.575546499516,15.297151092999034,rebalance,rebalance,2022-08-16,2022-08-16,UFLEX
2022-08-16,VISHNU,sell,35.33134056662957,351.77,12428.505671123283,24.857011342246565,rebalance,rebalance,2022-08-16,2022-08-16,VISHNU
2022-08-16,ITC,buy,94.32411436526469,308.55,29103.70548740242,58.207410974804844,tranche1,tranche1,2022-08-16,2022-08-16,ITC
2022-08-16,POWERGRID,buy,117.90948344060504,229.2,27024.853604586675,54.04970720917335,tranche1,tranche1,2022-08-16,2022-08-16,POWERGRID
2022-08-16,EIDPARRY,buy,28.817263926315036,582.7,16791.819689863773,33.58363937972754,tranche1,tranche1,2022-08-16,2022-08-16,EIDPARRY
2022-08-16,GAIL,buy,253.26882378083474,88.29999999999998,22363.637139847702,44.72727427969541,tranche1,tranche1,2022-08-16,2022-08-16,GAIL
2022-08-19,RITES,buy,105.01120726028472,272.3,28594.55173697553,57.18910347395106,tranche1,tranche1,2022-08-16,2022-08-16,RITES
2022-09-12,GESHIP,buy,37.319701917545096,528.75,19732.79238890197,39.46558477780394,tranche1,tranche1,2022-08-16,2022-08-16,GESHIP
2022-09-15,POWERGRID,buy,115.762919702663,233.45,27024.853604586675,54.04970720917335,tranche2,tranche2,2022-09-15,2022-08-16,POWERGRID
2022-09-15,EIDPARRY,buy,29.615202274892017,567.0,16791.819689863773,33.58363937972754,tranche2,tranche2,2022-09-15,2022-08-16,EIDPARRY
2022-09-15,GAIL,buy,243.4799906352499,91.85,22363.637139847702,44.72727427969541,tranche2,tranche2,2022-09-15,2022-08-16,GAIL
2022-09-16,RITES,buy,96.22935129387693,297.15,28594.55173697553,57.18910347395106,tranche2,tranche2,2022-09-15,2022-08-16,RITES
2022-09-19,ITC,buy,88.43423119842728,329.1,29103.70548740242,58.207410974804844,tranche2,tranche2,2022-09-15,2022-08-16,ITC
2022-09-19,GESHIP,buy,36.6439970081745,538.5,19732.79238890197,39.46558477780394,tranche2,tranche2,2022-09-15,2022-08-16,GESHIP
2022-10-17,ITC,buy,87.9000467756038,331.1,29103.70548740242,58.207410974804844,tranche3,tranche3,2022-10-17,2022-08-16,ITC
2022-10-17,POWERGRID,buy,127.5057966717937,211.95,27024.853604586675,54.04970720917335,tranche3,tranche3,2022-10-17,2022-08-16,POWERGRID
2022-10-17,GESHIP,buy,38.616032072215205,511.0,19732.79238890197,39.46558477780394,tranche3,tranche3,2022-10-17,2022-08-16,GESHIP
2022-10-17,EIDPARRY,buy,27.348240537237416,614.0,16791.819689863773,33.58363937972754,tranche3,tranche3,2022-10-17,2022-08-16,EIDPARRY
2022-10-17,GAIL,buy,262.7924458266475,85.1,22363.637139847702,44.72727427969541,tranche3,tranche3,2022-10-17,2022-08-16,GAIL
2022-11-14,RITES,buy,77.61821861285432,368.4,28594.55173697553,57.18910347395106,tranche3,tranche3,2022-10-17,2022-08-16,RITES
2022-11-15,GAIL,sell,759.5412602427322,88.1,66915.5850273847,133.83117005476942,rebalance,rebalance,2022-11-15,2022-11-15,GAIL
2022-11-15,RITES,sell,278.858777167016,367.0,102341.17122029487,204.68234244058974,rebalance,rebalance,2022-11-15,2022-11-15,RITES
2022-11-15,EIDPARRY,buy,19.62985093894417,624.9,12266.693851746211,24.533387703492423,rebalance,rebalance,2022-11-15,2022-11-15,EIDPARRY
2022-11-15,GESHIP,buy,8.094192716258894,615.0,4977.928520499219,9.955857040998438,rebalance,rebalance,2022-11-15,2022-11-15,GESHIP
2022-11-15,GHCL,buy,31.25577415952429,594.05,18567.492639465403,37.134985278930806,rebalance,rebalance,2022-11-15,2022-11-15,GHCL
2022-11-15,ITC,buy,76.0451031749002,348.95,26535.938752881426,53.071877505762856,rebalance,rebalance,2022-11-15,2022-11-15,ITC
2022-11-15,MAHSEAMLES,buy,50.07658890639708,398.0,19930.482384746036,39.86096476949207,rebalance,rebalance,2022-11-15,2022-11-15,MAHSEAMLES
2022-11-15,NTPC,buy,123.1103084642446,172.3,21211.906148389346,42.42381229677869,rebalance,rebalance,2022-11-15,2022-11-15,NTPC
2022-11-15,POLYPLEX,buy,15.831545186132152,1789.8,28335.299574139324,56.67059914827865,rebalance,rebalance,2022-11-15,2022-11-15,POLYPLEX
2022-11-15,POWERGRID,buy,134.92673034317468,210.0,28334.613372066684,56.66922674413337,rebalance,rebalance,2022-11-15,2022-11-15,POWERGRID
2022-11-15,UFLEX,buy,39.00903871728878,665.0,25941.01074699704,51.88202149399408,rebalance,rebalance,2022-11-15,2022-11-15,UFLEX
2022-11-15,VISHNU,buy,85.27080572502781,281.2,23978.15056987782,47.95630113975564,rebalance,rebalance,2022-11-15,2022-11-15,VISHNU
2022-11-15,ANDHRAPAP,buy,52.647162483001416,455.0,23954.458929765646,47.90891785953129,tranche1,tranche1,2022-11-15,2022-11-15,ANDHRAPAP
2022-11-15,COALINDIA,buy,112.61999851674143,234.4,26398.127652324194,52.79625530464839,tranche1,tranche1,2022-11-15,2022-11-15,COALINDIA
2022-12-14,ANDHRAPAP,buy,53.98187927834512,443.75,23954.458929765646,47.90891785953129,tranche2,tranche2,2022-12-14,2022-11-15,ANDHRAPAP
2022-12-14,COALINDIA,buy,113.90777843505586,231.75,26398.127652324194,52.79625530464839,tranche2,tranche2,2022-12-14,2022-11-15,COALINDIA
2023-01-12,ANDHRAPAP,buy,57.03442602325154,420.0,23954.458929765646,47.90891785953129,tranche3,tranche3,2023-01-12,2022-11-15,ANDHRAPAP
2023-01-12,COALINDIA,buy,122.49711207575032,215.5,26398.127652324194,52.79625530464839,tranche3,tranche3,2023-01-12,2022-11-15,COALINDIA
