D,trend_c1,trend_c2,trend_c3,cash_fraction,n_universe,n_excluded_hard_filters,n_excluded_no_balance_sheet,n_ranked_on_roce,n_held,n_held_unlabelled_sector,nav_open,n_kept,n_new,n_sold,n_v1_rules,n_fail_mcap,n_fail_pe,n_fail_roce,n_fail_de,n_held_ranked_on_roce,n_held_legacy_sector_label,weight_sum,n_weight_upper,n_weight_lower,tri_date,tri_last,tri_sma200,tri_high252,tri_below_sma_sessions_of_126
2019-02-15,True,True,True,0.35,220,17,0,0,12,0,500000.0,0,12,0,237,1,16,0,0,0,0,0.65,0,0,2019-02-14,13167.36,13622.1434,14782.95,96
2019-06-03,False,False,False,0.0,459,42,0,0,12,0,506748.7087932491,4,8,8,501,4,38,0,0,0,0,1.0,0,0,2019-05-31,14591.01,13730.53585,14782.95,68
2019-08-16,True,False,False,0.2,459,24,0,0,12,0,481188.5611999679,7,5,5,483,6,18,0,0,0,0,0.7999999999999999,0,0,2019-08-14,13429.64,13763.72015,14782.95,34
2019-11-15,False,False,False,0.0,431,27,0,0,12,0,513813.33430579526,7,5,5,458,2,25,0,0,0,0,1.0,0,0,2019-11-14,14482.84,13916.235899999998,14766.71,48
2020-02-17,False,False,False,0.0,437,36,0,0,12,0,580653.1544560246,9,3,3,473,0,36,0,0,0,0,1.0000000000000002,0,0,2020-02-14,14956.99,14259.85455,15188.79,33
2020-06-01,True,True,False,0.275,417,28,0,0,12,0,523041.4195761506,6,6,6,445,2,26,0,0,0,0,0.725,0,0,2020-05-29,11793.53,13460.9148,15188.79,59
2020-08-17,False,False,True,0.2,526,70,0,0,12,0,562443.7437123827,5,7,7,596,5,65,0,0,0,0,0.8000000000000002,0,0,2020-08-14,13935.92,13338.42135,15188.79,92
2020-11-17,False,False,False,0.0,556,67,0,0,12,0,588484.2951745916,7,5,5,623,2,66,0,0,0,0,1.0,0,0,2020-11-13,15749.74,13272.629100000002,15749.74,40
2021-02-15,False,False,False,0.0,624,104,0,0,12,0,704495.4060755899,9,3,3,728,9,95,0,0,0,0,0.9999999999999999,0,0,2021-02-12,18984.95,14717.602250000002,18993.38,0
2021-06-01,False,False,False,0.0,654,113,0,0,12,0,892249.5363034995,2,10,10,767,4,109,0,0,0,1,1.0,0,0,2021-05-31,20138.1,16957.967149999997,20138.1,0
2021-08-16,False,False,False,0.0,775,112,0,0,12,0,985521.0426794218,4,8,8,887,19,95,0,0,0,1,1.0,0,0,2021-08-13,21498.96,18662.84895,21498.96,0
2021-11-15,False,False,False,0.0,775,112,0,0,12,0,1044741.0865086376,9,3,3,887,12,100,0,0,0,1,1.0000000000000002,0,0,2021-11-12,23865.63,20618.4613,24305.72,0
2022-02-15,False,False,False,0.0,822,116,0,0,12,0,1014919.2669849851,7,5,4,938,16,101,0,0,0,0,0.9999999999999998,0,0,2022-02-14,22103.72,22021.319799999994,24305.72,0
2022-06-01,True,True,False,0.275,791,119,0,0,12,0,921613.7856445868,8,4,4,910,15,105,0,0,0,0,0.725,1,0,2022-05-31,21765.82,22697.716650000002,24305.72,36
2022-08-16,False,False,True,0.2,755,104,0,0,12,0,949763.7337541523,6,6,6,859,6,99,0,0,0,0,0.8000000000000002,0,0,2022-08-12,23440.39,22394.82005,24305.72,78
2022-11-15,False,False,False,0.0,722,106,0,0,12,0,967857.4780774303,10,2,2,828,13,93,0,0,0,0,1.0000000000000002,1,0,2022-11-14,24277.12,22496.9276,24277.12,55
2023-02-15,False,False,False,0.0,619,243,6,619,12,0,906287.5364677965,5,7,7,862,7,65,188,43,12,0,1.0000000000000002,0,0,2023-02-14,23231.75,22934.83825,24828.21,0
2023-06-01,False,False,False,0.0,575,279,4,575,12,0,1032189.2241849054,7,5,5,854,6,89,207,34,12,0,1.0,1,1,2023-05-31,24538.09,23568.57585,24828.21,37
2023-08-16,False,False,False,0.0,684,348,6,684,12,0,1193707.3622443406,4,8,8,1032,5,123,258,49,12,0,1.0,0,1,2023-08-14,26285.2,24170.100500000004,26612.52,37
2023-11-15,False,False,False,0.0,725,356,5,725,12,0,1290423.015634743,4,8,8,1081,11,140,263,41,12,0,1.0,1,0,2023-11-13,27105.14,24989.30315,27612.99,0
2024-02-15,False,False,False,0.0,764,410,10,764,12,0,1459010.061305136,6,6,6,1174,16,180,287,56,12,0,0.9999999999999999,1,0,2024-02-14,31219.36,27132.598149999998,31497.14,0
2024-06-03,False,False,False,0.0,755,426,6,755,12,0,1704581.4089237317,4,8,8,1181,10,193,301,46,12,0,0.9999999999999999,0,0,2024-05-31,33168.2,29635.7258,33759.03,0
2024-08-16,False,False,False,0.0,776,463,8,776,12,0,1851521.0899814481,7,5,5,1239,14,215,325,52,12,0,1.0000000000000004,0,0,2024-08-14,35754.3,31865.0936,37066.08,0
2024-11-18,False,True,False,0.2,788,477,5,788,12,0,1748075.0512353175,7,5,5,1265,14,226,331,54,12,0,0.8,0,0,2024-11-14,34699.38,34502.07445,38658.58,0
2025-02-17,True,True,False,0.275,832,423,8,832,12,0,1544438.3511496398,4,8,8,1255,9,154,328,48,12,0,0.725,0,0,2025-02-14,32659.9,35548.4243,38658.58,30
2025-06-02,False,False,True,0.2,787,451,5,787,12,0,1732592.7442286334,6,6,6,1238,9,192,346,36,12,0,0.7999999999999999,0,0,2025-05-30,36160.26,35284.5718,38658.58,82
2025-08-18,False,False,False,0.0,798,397,3,798,12,0,1814831.943619392,7,5,5,1195,6,163,304,34,12,0,1.0,1,0,2025-08-14,36135.65,35158.900200000004,38658.58,57
2025-11-17,False,False,False,0.0,784,421,3,784,12,0,1890298.5777102178,6,6,6,1205,4,177,321,45,12,0,1.0,0,0,2025-11-14,38041.15,35641.31065,38208.18,0
2026-02-16,False,False,False,0.0,815,366,3,815,12,0,1900176.196909733,6,6,6,1181,4,127,289,42,12,0,1.0,0,0,2026-02-13,37245.02,37010.941699999996,38464.1,7
2026-06-01,True,False,False,0.2,838,457,3,838,12,0,1970314.509934089,7,5,5,1295,4,167,367,47,12,0,0.8000000000000002,0,0,2026-05-29,36261.8,36811.24515,38464.1,63
2026-08-17,False,False,False,0.0,875,441,4,875,12,0,2019777.8217622833,6,6,6,1316,2,183,328,45,12,0,0.9999999999999999,0,0,2026-08-14,37939.51,36918.89835,38464.1,69
