D,symbol,ticker,rank,sector,sigma,target_weight,status,sold_reason,weight_bound,composite,quality_basis,sector_scheme
2019-02-15,NTPC,NTPC,1,Power,0.012459606969878209,0.0617248491738487,new,,,0.7200880109375773,margin,current
2019-02-15,POWERGRID,POWERGRID,2,Power,0.013006336883851135,0.05913020459558079,new,,,0.6815005655397763,margin,current
2019-02-15,ITC,ITC,3,Fast Moving Consumer Goods,0.012988910739733643,0.05920953468627326,new,,,0.678275884393768,margin,current
2019-02-15,RATNAMANI,RATNAMANI,4,Capital Goods,0.01269607005574087,0.060575229784071,new,,,0.6734115377731064,margin,current
2019-02-15,SKFINDIA,SKFINDIA,5,Automobile and Auto Components,0.010557877840556493,0.0728429872551575,new,,,0.6665222350436627,margin,current
2019-02-15,COLPAL,COLPAL,6,Fast Moving Consumer Goods,0.013006746829998582,0.05912834093206152,new,,,0.6592746809555908,margin,current
2019-02-15,LT,LT,7,Construction,0.01375508239049962,0.0559115052275039,new,,,0.6512057993533424,margin,current
2019-02-15,BRITANNIA,BRITANNIA,8,Fast Moving Consumer Goods,0.014110106915977241,0.054504715347715144,new,,,0.6485634147177441,margin,current
2019-02-15,MGL,MGL,9,Oil Gas & Consumable Fuels,0.016041040954732296,0.04794373152911143,new,,,0.644640111051447,margin,current
2019-02-15,AARTIIND,AARTIIND,10,Chemicals,0.01888807622493162,0.040717082662236594,new,,,0.6443395180915603,margin,current
2019-02-15,EXIDEIND,EXIDEIND,11,Automobile and Auto Components,0.017222915668932057,0.04465372621944993,new,,,0.6378548904909341,margin,current
2019-02-15,NRBBEARING,NRBBEARING,13,Automobile and Auto Components,0.022849404166130124,0.033658092586990165,new,,,0.6366600210982515,margin,current
2019-06-03,MGL,MGL,2,Oil Gas & Consumable Fuels,0.015478326098563538,0.09069713184893864,kept,,,0.7565886173243696,margin,current
2019-06-03,POWERGRID,POWERGRID,3,Power,0.013893654711767452,0.10104179296850388,kept,,,0.7279349731607361,margin,current
2019-06-03,ITC,ITC,4,Fast Moving Consumer Goods,0.013107990236183436,0.10709801866399862,kept,,,0.7209057364932291,margin,current
2019-06-03,NTPC,NTPC,8,Power,0.014554387895310003,0.09645474567945642,kept,,,0.6945009004162771,margin,current
2019-06-03,MAHSEAMLES,MAHSEAMLES,1,Capital Goods,0.015747984987746287,0.08914408948539329,new,,,0.7971904917071111,margin,current
2019-06-03,TATASTEEL,TATASTEEL,5,Metals & Mining,0.02038519866984551,0.06886564147343305,new,,,0.6980881633123146,margin,current
2019-06-03,TRIDENT,TRIDENT,6,Textiles,0.02692496534846002,0.05213896340418422,new,,,0.6973490682043385,margin,current
2019-06-03,NHPC,NHPC,7,Power,0.01571016510911967,0.08935869058100246,new,,,0.6956597986663118,margin,current
2019-06-03,PIIND,PIIND,9,Chemicals,0.0162993139532922,0.086128765111536,new,,,0.6920478571309856,margin,current
2019-06-03,JBCHEPHARM,JBCHEPHARM,10,Healthcare,0.01765490848014971,0.07951555141397035,new,,,0.6917573315514619,margin,current
2019-06-03,RELIANCE,RELIANCE,11,Oil Gas & Consumable Fuels,0.017707413493163144,0.07927977643399527,new,,,0.6914360849577228,margin,current
2019-06-03,BRIGADE,BRIGADE,12,Realty,0.023289872984243176,0.06027683293558778,new,,,0.6795932524843085,margin,current
2019-06-03,AARTIIND,AARTIIND,61,Chemicals,0.02016361150959878,0.0,sold,rank_outside_24,,0.6161191250851784,margin,current
2019-06-03,BRITANNIA,BRITANNIA,86,Fast Moving Consumer Goods,0.014407278067045214,0.0,sold,rank_outside_24,,0.5971379010995777,margin,current
2019-06-03,COLPAL,COLPAL,88,Fast Moving Consumer Goods,0.012902438964006313,0.0,sold,rank_outside_24,,0.5962118932431443,margin,current
2019-06-03,EXIDEIND,EXIDEIND,91,Automobile and Auto Components,0.017554040324976913,0.0,sold,rank_outside_24,,0.5951714606547466,margin,current
2019-06-03,LT,LT,106,Construction,0.01422308435260414,0.0,sold,rank_outside_24,,0.5894600791261432,margin,current
2019-06-03,NRBBEARING,NRBBEARING,36,Automobile and Auto Components,0.02304098926285789,0.0,sold,rank_outside_24,,0.6492105995604311,margin,current
2019-06-03,RATNAMANI,RATNAMANI,37,Capital Goods,0.01244440459763415,0.0,sold,rank_outside_24,,0.6491395775148042,margin,current
2019-06-03,SKFINDIA,SKFINDIA,27,Automobile and Auto Components,0.010902354250723374,0.0,sold,rank_outside_24,,0.6552763539426013,margin,current
2019-08-16,POWERGRID,POWERGRID,2,Power,0.014359116159514611,0.07765565902000555,kept,,,0.7134581105169341,margin,current
2019-08-16,NTPC,NTPC,5,Power,0.015326946815961574,0.07275203872637447,kept,,,0.6996335908100615,margin,current
2019-08-16,NHPC,NHPC,6,Power,0.014801449163347169,0.07533496321922033,kept,,,0.6968211527035055,margin,current
2019-08-16,PIIND,PIIND,7,Chemicals,0.017118728289928085,0.0651372350461322,kept,,,0.6930976430976431,margin,current
2019-08-16,JBCHEPHARM,JBCHEPHARM,9,Healthcare,0.017129550118838228,0.06509608370190782,kept,,,0.6919984155278273,margin,current
2019-08-16,MGL,MGL,11,Oil Gas & Consumable Fuels,0.015232736469296447,0.07320199036853814,kept,,,0.6891265597147951,margin,current
2019-08-16,MAHSEAMLES,MAHSEAMLES,19,Capital Goods,0.01549937442987881,0.07194268603269281,kept,,,0.673767082590612,margin,current
2019-08-16,NMDC,NMDC,1,Metals & Mining,0.020017905660795945,0.055703461051658354,new,,,0.7179837591602298,margin,current
2019-08-16,PSPPROJECT,PSPPROJECT,3,Construction,0.01750527812325268,0.06369888101524925,new,,,0.7064666270548624,margin,current
2019-08-16,KNRCON,KNRCON,4,Construction,0.02196180971607858,0.050772984682385294,new,,,0.7049316696375519,margin,current
2019-08-16,GSPL,GSPL,10,Oil Gas & Consumable Fuels,0.017753234722809645,0.06280920889753473,new,,,0.69006734006734,margin,current
2019-08-16,VSTIND,VSTIND,12,Fast Moving Consumer Goods,0.016921919315394437,0.065894808238301,new,,,0.6875519904931668,margin,current
2019-08-16,BRIGADE,BRIGADE,88,Realty,0.022518858389798647,0.0,sold,rank_outside_24,,0.6000693206575559,margin,current
2019-08-16,ITC,ITC,32,Fast Moving Consumer Goods,0.012567663495849079,0.0,sold,rank_outside_24,,0.6569023569023569,margin,current
2019-08-16,RELIANCE,RELIANCE,29,Oil Gas & Consumable Fuels,0.01848846455485167,0.0,sold,rank_outside_24,,0.6619231530996237,margin,current
2019-08-16,TATASTEEL,TATASTEEL,120,Metals & Mining,0.021194372778484554,0.0,sold,rank_outside_24,,0.5755694196870668,margin,current
2019-08-16,TRIDENT,TRIDENT,,Textiles,0.025640105807781546,0.0,sold,"left_universe:r6,r7",,,,current
2019-11-15,PSPPROJECT,PSPPROJECT,1,Construction,0.01679119980536305,0.08667629263535975,kept,,,0.7728148151478595,margin,current
2019-11-15,MGL,MGL,6,Oil Gas & Consumable Fuels,0.01677810915811471,0.08674391937213863,kept,,,0.718923556898566,margin,current
2019-11-15,POWERGRID,POWERGRID,8,Power,0.01399834814706981,0.10396933500565159,kept,,,0.7090261247804646,margin,current
2019-11-15,KNRCON,KNRCON,10,Construction,0.02242866020589788,0.06489014210691592,kept,,,0.7039535566698512,margin,current
2019-11-15,PIIND,PIIND,11,Chemicals,0.01749672237124808,0.08318123344175957,kept,,,0.6989861922011869,margin,current
2019-11-15,JBCHEPHARM,JBCHEPHARM,21,Healthcare,0.017182145400227333,0.08470414573544392,kept,,,0.675772041486407,margin,current
2019-11-15,GSPL,GSPL,22,Oil Gas & Consumable Fuels,0.01730218531095873,0.08411648135028549,kept,,,0.672499084325881,margin,current
2019-11-15,ADANIENSOL,ADANITRANS,2,Power,0.02563886189380823,0.05676534918189646,new,,,0.740805370981761,margin,current
2019-11-15,DRREDDY,DRREDDY,3,Healthcare,0.015058923233281007,0.09664694649694049,new,,,0.7254464511624941,margin,current
2019-11-15,IGL,IGL,4,Oil Gas & Consumable Fuels,0.017807768146674077,0.0817283185653035,new,,,0.7205031506292234,margin,current
2019-11-15,TORNTPOWER,TORNTPOWER,5,Power,0.01871336225335909,0.0777732471762094,new,,,0.719173490809082,margin,current
2019-11-15,NESCO,NESCO,7,Services,0.01568240282916777,0.09280458893209531,new,,,0.7104537697135467,margin,current
2019-11-15,MAHSEAMLES,MAHSEAMLES,51,Capital Goods,0.014661011104307495,0.0,sold,rank_outside_24,,0.6415435649433358,margin,current
2019-11-15,NHPC,NHPC,30,Power,0.014240069930873275,0.0,sold,rank_outside_24,,0.6592060660665474,margin,current
2019-11-15,NMDC,NMDC,198,Metals & Mining,0.024234614827449853,0.0,sold,rank_outside_24,,0.5150833333496235,margin,current
2019-11-15,NTPC,NTPC,,Power,0.016073667949221996,0.0,sold,"left_universe:r5,r6",,,,current
2019-11-15,VSTIND,VSTIND,40,Fast Moving Consumer Goods,0.014368448921025146,0.0,sold,rank_outside_24,,0.6503132227773717,margin,current
2020-02-17,PSPPROJECT,PSPPROJECT,1,Construction,0.01693463622721686,0.08421617218626411,kept,,,0.761811704499752,margin,current
2020-02-17,GSPL,GSPL,5,Oil Gas & Consumable Fuels,0.0168275740218388,0.08475198139506974,kept,,,0.7067326307887442,margin,current
2020-02-17,NESCO,NESCO,7,Services,0.017522543845989922,0.0813905933383881,kept,,,0.7004400438388544,margin,current
2020-02-17,POWERGRID,POWERGRID,8,Power,0.014391926928348453,0.09909515574414475,kept,,,0.6937928974671459,margin,current
2020-02-17,TORNTPOWER,TORNTPOWER,10,Power,0.01775406185935407,0.08032923686540135,kept,,,0.6873897694652449,margin,current
2020-02-17,IGL,IGL,12,Oil Gas & Consumable Fuels,0.018135610685633338,0.0786392178981226,kept,,,0.6863978289757505,margin,current
2020-02-17,ADANIENSOL,ADANITRANS,17,Power,0.02491316343462526,0.05724565024291115,kept,,,0.6748052354277203,margin,current
2020-02-17,PIIND,PIIND,18,Chemicals,0.01786196793592195,0.0798439592736526,kept,,,0.6695563932215178,margin,current
2020-02-17,JBCHEPHARM,JBCHEPHARM,20,Healthcare,0.01733421083367091,0.08227488716433347,kept,,,0.6667959076017547,margin,current
2020-02-17,HCLTECH,HCLTECH,2,Information Technology,0.013224378003007463,0.10784403168895383,new,,,0.7200581612871029,margin,current
2020-02-17,COCHINSHIP,COCHINSHIP,3,Capital Goods,0.01635564507625365,0.08719743145402815,new,,,0.7160149745471394,margin,current
2020-02-17,INDRAMEDCO,INDRAMEDCO,4,Healthcare,0.018480486489670423,0.07717168274873022,new,,,0.7068859473490875,margin,current
2020-02-17,DRREDDY,DRREDDY,273,Healthcare,0.014438250045642911,0.0,sold,rank_outside_24,,0.4657227675523462,margin,current
2020-02-17,KNRCON,KNRCON,54,Construction,0.024236347439392365,0.0,sold,rank_outside_24,,0.6317366392714574,margin,current
2020-02-17,MGL,MGL,48,Oil Gas & Consumable Fuels,0.018443278098568033,0.0,sold,rank_outside_24,,0.6357131225491618,margin,current
2020-06-01,TORNTPOWER,TORNTPOWER,1,Power,0.022628402999924843,0.05932767304819402,kept,,,0.766305672749667,margin,current
2020-06-01,POWERGRID,POWERGRID,2,Power,0.019773796461285062,0.06789239979337118,kept,,,0.7288679282861448,margin,current
2020-06-01,PSPPROJECT,PSPPROJECT,3,Construction,0.026294347926120013,0.05105623834271716,kept,,,0.705891603409451,margin,current
2020-06-01,GSPL,GSPL,5,Oil Gas & Consumable Fuels,0.02401065052834559,0.05591229163897275,kept,,,0.7006742821905358,margin,current
2020-06-01,IGL,IGL,6,Oil Gas & Consumable Fuels,0.025011148815299884,0.05367568298026688,kept,,,0.7000203421074438,margin,current
2020-06-01,PIIND,PIIND,19,Chemicals,0.02467238721292845,0.05441267126672049,kept,,,0.6709253898266407,margin,current
2020-06-01,SANOFI,SANOFI,4,Healthcare,0.017032772969556628,0.07881808189317159,new,,,0.7035598215819023,margin,current
2020-06-01,ALKEM,ALKEM,7,Healthcare,0.021045016430899986,0.06379137308779485,new,,,0.697597266505627,margin,current
2020-06-01,COROMANDEL,COROMANDEL,8,Chemicals,0.021754224841405614,0.06171171368179952,new,,,0.6949013009867635,margin,current
2020-06-01,MPHASIS,MPHASIS,9,Information Technology,0.022827020986824813,0.058811462764114766,new,,,0.6933027239293346,margin,current
2020-06-01,NHPC,NHPC,10,Power,0.025427571855152428,0.052796645406402935,new,,,0.6927564383953804,margin,current
2020-06-01,SYNGENE,SYNGENE,11,Healthcare,0.020099038776212785,0.0667937660964738,new,,,0.6921634006167621,margin,current
2020-06-01,ADANIENSOL,ADANITRANS,,Power,0.032334954577354864,0.0,sold,"left_universe:r6,r7",,,,current
2020-06-01,COCHINSHIP,COCHINSHIP,49,Capital Goods,0.02898482069925392,0.0,sold,rank_outside_24,,0.6383539370300045,margin,current
2020-06-01,HCLTECH,HCLTECH,33,Information Technology,0.021936990839693197,0.0,sold,rank_outside_24,,0.6513420033204207,margin,current
2020-06-01,INDRAMEDCO,INDRAMEDCO,29,Healthcare,0.028230601904682268,0.0,sold,rank_outside_24,,0.6591520780388028,margin,current
2020-06-01,JBCHEPHARM,JBCHEPHARM,38,Healthcare,0.026493947748580254,0.0,sold,rank_outside_24,,0.6466984982178209,margin,current
2020-06-01,NESCO,NESCO,66,Services,0.028379962453872826,0.0,sold,rank_outside_24,,0.621078961895493,margin,current
2020-08-17,COROMANDEL,COROMANDEL,1,Chemicals,0.021859503956703778,0.074380531064196,kept,,,0.7786306576765806,margin,current
2020-08-17,TORNTPOWER,TORNTPOWER,5,Power,0.020314151540330554,0.08003885911117228,kept,,,0.7286269272408621,margin,current
2020-08-17,PIIND,PIIND,9,Chemicals,0.02492896579102846,0.0652221807647016,kept,,,0.714532639154672,margin,current
2020-08-17,POWERGRID,POWERGRID,16,Power,0.020829243885022775,0.07805955521355416,kept,,,0.6974819716062995,margin,current
2020-08-17,ALKEM,ALKEM,17,Healthcare,0.022512871858385793,0.07222186149004721,kept,,,0.6921135962554846,margin,current
2020-08-17,POLYPLEX,POLYPLEX,2,Capital Goods,0.03001356231038056,0.05417289345014456,new,,,0.736235174363157,margin,current
2020-08-17,CHAMBLFERT,CHAMBLFERT,3,Chemicals,0.02773788196858159,0.05861736360913155,new,,,0.7344406840065146,margin,current
2020-08-17,HCLTECH,HCLTECH,4,Information Technology,0.023174987016863775,0.07015846489650172,new,,,0.7335434184968722,margin,current
2020-08-17,ZYDUSLIFE,CADILAHC,6,Healthcare,0.024656186294743546,0.06594375519648596,new,,,0.7221986691890476,margin,current
2020-08-17,LTM,LTI,7,Information Technology,0.0241257806379927,0.06739352966424052,new,,,0.7210702478330678,margin,current
2020-08-17,PERSISTENT,PERSISTENT,8,Information Technology,0.023412681375334334,0.06944618973939726,new,,,0.7195879148032326,margin,current
2020-08-17,EIDPARRY,EIDPARRY,10,Fast Moving Consumer Goods,0.03666542489243702,0.04434481580042726,new,,,0.7139567839931085,margin,current
2020-08-17,GSPL,GSPL,96,Oil Gas & Consumable Fuels,0.023549170567088683,0.0,sold,rank_outside_24,,0.6049581837359709,margin,current
2020-08-17,IGL,IGL,48,Oil Gas & Consumable Fuels,0.024858293390224193,0.0,sold,rank_outside_24,,0.6495393807713199,margin,current
2020-08-17,MPHASIS,MPHASIS,27,Information Technology,0.0250602275485677,0.0,sold,rank_outside_24,,0.6743350789331739,margin,current
2020-08-17,NHPC,NHPC,136,Power,0.024786216782972055,0.0,sold,rank_outside_24,,0.5801915625565816,margin,current
2020-08-17,PSPPROJECT,PSPPROJECT,384,Construction,0.026589787061720563,0.0,sold,rank_outside_24,,0.4372402044567553,margin,current
2020-08-17,SANOFI,SANOFI,26,Healthcare,0.017857249139840933,0.0,sold,rank_outside_24,,0.6810650294439939,margin,current
2020-08-17,SYNGENE,SYNGENE,34,Healthcare,0.020568832867180833,0.0,sold,rank_outside_24,,0.66709405997625,margin,current
2020-11-17,ZYDUSLIFE,CADILAHC,5,Healthcare,0.025347032867129943,0.08847469182834525,kept,,,0.719471388004969,margin,current
2020-11-17,PIIND,PIIND,13,Chemicals,0.024904371117153143,0.09004728170540578,kept,,,0.6900717086792899,margin,current
2020-11-17,HCLTECH,HCLTECH,14,Information Technology,0.02453725137095764,0.09139454488111792,kept,,,0.6898877022928491,margin,current
2020-11-17,PERSISTENT,PERSISTENT,15,Information Technology,0.025882163117132477,0.08664542107756865,kept,,,0.6891364828988444,margin,current
2020-11-17,LTM,LTI,22,Information Technology,0.027176932594570772,0.08251744062279737,kept,,,0.6785349147419781,margin,current
2020-11-17,CHAMBLFERT,CHAMBLFERT,23,Chemicals,0.02609928739916769,0.08592460351058381,kept,,,0.6785134214078805,margin,current
2020-11-17,POWERGRID,POWERGRID,24,Power,0.021591021811302128,0.1038659004322044,kept,,,0.6767077711308606,margin,current
2020-11-17,UFLEX,UFLEX,1,Capital Goods,0.029480492789343254,0.07606965520240268,new,,,0.7771980362637312,margin,current
2020-11-17,JKCEMENT,JKCEMENT,2,Construction Materials,0.023934159220091924,0.09369750159427774,new,,,0.7315993841424829,margin,current
2020-11-17,EVEREADY,EVEREADY,4,Fast Moving Consumer Goods,0.02851147053806837,0.07865504231667007,new,,,0.7205185324826173,margin,current
2020-11-17,JINDALPOLY,JINDALPOLY,6,Capital Goods,0.03668087848011669,0.061137328619266094,new,,,0.7157291446728267,margin,current
2020-11-17,VENUSREM,VENUSREM,7,Healthcare,0.036422762668058044,0.06157058820936022,new,,,0.7019119302807763,margin,current
2020-11-17,ALKEM,ALKEM,71,Healthcare,0.022286074227105237,0.0,sold,rank_outside_24,,0.6276972181852913,margin,current
2020-11-17,COROMANDEL,COROMANDEL,54,Chemicals,0.02335290244970245,0.0,sold,rank_outside_24,,0.6412072932246928,margin,current
2020-11-17,EIDPARRY,EIDPARRY,47,Fast Moving Consumer Goods,0.035080385471605365,0.0,sold,rank_outside_24,,0.6436478290446066,margin,current
2020-11-17,POLYPLEX,POLYPLEX,59,Capital Goods,0.031059093086844552,0.0,sold,rank_outside_24,,0.6368760161808845,margin,current
2020-11-17,TORNTPOWER,TORNTPOWER,127,Power,0.020964493433013362,0.0,sold,rank_outside_24,,0.5908988891905946,margin,current
2021-02-15,UFLEX,UFLEX,1,Capital Goods,0.030336170946366644,0.08116050660008685,kept,,,0.7429768635209303,margin,current
2021-02-15,EVEREADY,EVEREADY,7,Fast Moving Consumer Goods,0.030825528093182456,0.07987207858601081,kept,,,0.6986781028966946,margin,current
2021-02-15,JINDALPOLY,JINDALPOLY,8,Capital Goods,0.03451104440832157,0.07134234980498802,kept,,,0.6870163983050553,margin,current
2021-02-15,VENUSREM,VENUSREM,12,Healthcare,0.038129957742166765,0.06457124917269952,kept,,,0.6796483698052844,margin,current
2021-02-15,HCLTECH,HCLTECH,13,Information Technology,0.02561091333422574,0.09613475982614295,kept,,,0.6794665690236787,margin,current
2021-02-15,POWERGRID,POWERGRID,14,Power,0.022060977678495797,0.11160425608489301,kept,,,0.6739702079628953,margin,current
2021-02-15,JKCEMENT,JKCEMENT,18,Construction Materials,0.026341680676354198,0.0934678023230338,kept,,,0.667652492402088,margin,current
2021-02-15,PERSISTENT,PERSISTENT,22,Information Technology,0.02731281606071937,0.09014445807566816,kept,,,0.6601975013216644,margin,current
2021-02-15,ZYDUSLIFE,CADILAHC,23,Healthcare,0.026181603961109818,0.0940392729937844,kept,,,0.6596630882144756,margin,current
2021-02-15,GPIL,GPIL,2,Capital Goods,0.038129414841227054,0.06457216856241478,new,,,0.7346755758159521,margin,current
2021-02-15,KNRCON,KNRCON,3,Construction,0.029357230083049884,0.08386687011508986,new,,,0.7092972708269194,margin,current
2021-02-15,INDSWFTLAB,INDSWFTLAB,5,Healthcare,0.03556701285949321,0.06922422785518782,new,,,0.7076457855921146,margin,current
2021-02-15,CHAMBLFERT,CHAMBLFERT,56,Chemicals,0.027344421965161028,0.0,sold,rank_outside_24,,0.628817271385582,margin,current
2021-02-15,LTM,LTI,50,Information Technology,0.029688799687258755,0.0,sold,rank_outside_24,,0.6369176918903077,margin,current
2021-02-15,PIIND,PIIND,37,Chemicals,0.026396922723726613,0.0,sold,rank_outside_24,,0.6505671591059701,margin,current
2021-06-01,GPIL,GPIL,2,Capital Goods,0.033692143690841524,0.06954115112443265,kept,,,0.7263258685189509,margin,current
2021-06-01,UFLEX,UFLEX,12,Capital Goods,0.024600205484840622,0.09524271890959328,kept,,,0.6727908529211991,margin,current
2021-06-01,TATASTLBSL,TATASTLBSL,1,METALS,0.03180509572249121,0.07366714052849233,new,,,0.7339054326680241,margin,legacy
2021-06-01,VEDL,VEDL,3,Metals & Mining,0.028953675465159676,0.08092203903197923,new,,,0.722906825835597,margin,current
2021-06-01,JSWSTEEL,JSWSTEEL,4,Metals & Mining,0.022973108726746846,0.10198839364665709,new,,,0.7135926761674038,margin,current
2021-06-01,TATASTEEL,TATASTEEL,5,Metals & Mining,0.025903908948280773,0.09044930094484498,new,,,0.7106187937037578,margin,current
2021-06-01,COSMOFIRST,COSMOFILMS,8,Capital Goods,0.028588056674284597,0.08195696835239825,new,,,0.6986554296991329,margin,current
2021-06-01,GULPOLY,GULPOLY,10,Fast Moving Consumer Goods,0.03356755018880397,0.0697992687262708,new,,,0.6817518592203691,margin,current
2021-06-01,APOLLOTYRE,APOLLOTYRE,13,Automobile and Auto Components,0.029287657094786923,0.0799992450242103,new,,,0.665612289715798,margin,current
2021-06-01,VISAKAIND,VISAKAIND,14,Construction Materials,0.028793893066424034,0.0813710897205152,new,,,0.6649458392458238,margin,current
2021-06-01,SPLPETRO,SUPPETRO,15,Chemicals,0.030334676903086548,0.07723802246505918,new,,,0.6640729405167585,margin,current
2021-06-01,DALBHARAT,DALBHARAT,16,Construction Materials,0.023950918097468143,0.09782466152554664,new,,,0.6636035038574,margin,current
2021-06-01,EVEREADY,EVEREADY,122,Fast Moving Consumer Goods,0.03227746343082998,0.0,sold,rank_outside_24,,0.5867019608048052,margin,current
2021-06-01,HCLTECH,HCLTECH,287,Information Technology,0.018884749317469997,0.0,sold,rank_outside_24,,0.522655755320522,margin,current
2021-06-01,INDSWFTLAB,INDSWFTLAB,70,Healthcare,0.03570467479248782,0.0,sold,rank_outside_24,,0.6133496153785181,margin,current
2021-06-01,JINDALPOLY,JINDALPOLY,64,Capital Goods,0.032811566217642356,0.0,sold,rank_outside_24,,0.6184431479841949,margin,current
2021-06-01,JKCEMENT,JKCEMENT,42,Construction Materials,0.02186941050551006,0.0,sold,rank_outside_24,,0.63219620599635,margin,current
2021-06-01,KNRCON,KNRCON,71,Construction,0.02497425572105539,0.0,sold,rank_outside_24,,0.6132760027617197,margin,current
2021-06-01,PERSISTENT,PERSISTENT,99,Information Technology,0.025973941011841847,0.0,sold,rank_outside_24,,0.5994841824771192,margin,current
2021-06-01,POWERGRID,POWERGRID,45,Power,0.019475481562028385,0.0,sold,rank_outside_24,,0.6307345908065639,margin,current
2021-06-01,VENUSREM,VENUSREM,78,Healthcare,0.034108922501113914,0.0,sold,rank_outside_24,,0.6110781348185641,margin,current
2021-06-01,ZYDUSLIFE,CADILAHC,154,Healthcare,0.02060776582860338,0.0,sold,rank_outside_24,,0.5708194254385395,margin,current
2021-08-16,TATASTEEL,TATASTEEL,1,Metals & Mining,0.02573482326116269,0.08469217329857466,kept,,,0.7378035378018053,margin,current
2021-08-16,TATASTLBSL,TATASTLBSL,2,METALS,0.031647881527402145,0.06886837305541098,kept,,,0.7369085542657834,margin,legacy
2021-08-16,JSWSTEEL,JSWSTEEL,4,Metals & Mining,0.022742374574824406,0.0958359956772196,kept,,,0.7199268134746594,margin,current
2021-08-16,SPLPETRO,SUPPETRO,6,Chemicals,0.02804576954043423,0.0777136141085482,kept,,,0.7066871900818736,margin,current
2021-08-16,STYRENIX,INEOSSTYRO,3,Chemicals,0.025287916337502082,0.08618891657001874,new,,,0.7334818163881087,margin,current
2021-08-16,GRASIM,GRASIM,5,Construction Materials,0.018487957705190974,0.11788960934449881,new,,,0.7067228930784273,margin,current
2021-08-16,HGINFRA,HGINFRA,7,Construction,0.02979519025501189,0.07315066937946327,new,,,0.7061717375383877,margin,current
2021-08-16,NITINSPIN,NITINSPIN,8,Textiles,0.032344832845509236,0.06738442958888836,new,,,0.7008592405276151,margin,current
2021-08-16,GHCL,GHCL,9,Chemicals,0.02538430040483992,0.08586165766565768,new,,,0.6984054234025189,margin,current
2021-08-16,OIL,OIL,10,Oil Gas & Consumable Fuels,0.019704644854241254,0.11061037270983619,new,,,0.6945754197922179,margin,current
2021-08-16,DCMNVL,DCMNVL,11,Textiles,0.032013907633277765,0.06808097706813517,new,,,0.6894535717799892,margin,current
2021-08-16,TATASTLLP,TATASTLLP,12,Capital Goods,0.03420320569198369,0.0637232115337483,new,,,0.684008726020686,margin,current
2021-08-16,APOLLOTYRE,APOLLOTYRE,163,Automobile and Auto Components,0.02839904608029464,0.0,sold,rank_outside_24,,0.5724810423400996,margin,current
2021-08-16,COSMOFIRST,COSMOFILMS,83,Capital Goods,0.03026816390076738,0.0,sold,rank_outside_24,,0.6090922111858177,margin,current
2021-08-16,DALBHARAT,DALBHARAT,145,Construction Materials,0.023147137394636506,0.0,sold,rank_outside_24,,0.579534243977602,margin,current
2021-08-16,GPIL,GPIL,30,Capital Goods,0.03516115907792183,0.0,sold,rank_outside_24,,0.6595529428218335,margin,current
2021-08-16,GULPOLY,GULPOLY,51,Fast Moving Consumer Goods,0.03394998709815199,0.0,sold,rank_outside_24,,0.6314325697171559,margin,current
2021-08-16,UFLEX,UFLEX,88,Capital Goods,0.025846611621627495,0.0,sold,rank_outside_24,,0.6050630332629019,margin,current
2021-08-16,VEDL,VEDL,29,Metals & Mining,0.029098485776059127,0.0,sold,rank_outside_24,,0.6611587516214177,margin,current
2021-08-16,VISAKAIND,VISAKAIND,143,Construction Materials,0.02759527081109158,0.0,sold,rank_outside_24,,0.5799428231567854,margin,current
2021-11-15,OIL,OIL,2,Oil Gas & Consumable Fuels,0.02223750967984163,0.1039124626295131,kept,,,0.7548597648998686,margin,current
2021-11-15,TATASTLBSL,TATASTLBSL,3,METALS,0.031064391877398036,0.07438595298114456,kept,,,0.7533335840966013,margin,legacy
2021-11-15,TATASTEEL,TATASTEEL,4,Metals & Mining,0.02635123447595405,0.08769055566214866,kept,,,0.7520400240299654,margin,current
2021-11-15,DCMNVL,DCMNVL,6,Textiles,0.03140342083356802,0.07358288785882675,kept,,,0.7146932661648779,margin,current
2021-11-15,NITINSPIN,NITINSPIN,8,Textiles,0.03255337708796946,0.07098355379030552,kept,,,0.7118580711650735,margin,current
2021-11-15,HGINFRA,HGINFRA,11,Construction,0.03097399964469208,0.07460303545189607,kept,,,0.7004895520529559,margin,current
2021-11-15,JSWSTEEL,JSWSTEEL,12,Metals & Mining,0.022757699287391825,0.10153725841962323,kept,,,0.6983640337113386,margin,current
2021-11-15,GHCL,GHCL,16,Chemicals,0.026713254447913854,0.08650216685823675,kept,,,0.6847862686262831,margin,current
2021-11-15,STYRENIX,INEOSSTYRO,21,Chemicals,0.02884420010153337,0.08011157825302767,kept,,,0.6739897900332565,margin,current
2021-11-15,VEDL,VEDL,1,Metals & Mining,0.027657722713022772,0.08354825223885659,new,,,0.7559168816554924,margin,current
2021-11-15,ONGC,ONGC,5,Oil Gas & Consumable Fuels,0.023842428122538284,0.09691774603257039,new,,,0.7187577353228554,margin,current
2021-11-15,JAYNECOIND,JAYNECOIND,9,Capital Goods,0.03489271576366021,0.06622454982385079,new,,,0.7045584022086971,margin,current
2021-11-15,GRASIM,GRASIM,39,Construction Materials,0.016830457538986602,0.0,sold,rank_outside_24,,0.653872196612813,margin,current
2021-11-15,SPLPETRO,SUPPETRO,48,Chemicals,0.026803741263681163,0.0,sold,rank_outside_24,,0.6439716167437497,margin,current
2021-11-15,TATASTLLP,TATASTLLP,79,Capital Goods,0.030795457835253275,0.0,sold,rank_outside_24,,0.6237715405797634,margin,current
2022-02-15,NITINSPIN,NITINSPIN,2,Textiles,0.032835750502643195,0.06967858421580754,kept,,,0.7292643956909253,margin,current
2022-02-15,DCMNVL,DCMNVL,3,Textiles,0.03137724531153291,0.07291744651168337,kept,,,0.7228049489849042,margin,current
2022-02-15,OIL,OIL,6,Oil Gas & Consumable Fuels,0.024683489573702547,0.09269145676732912,kept,,,0.7124505426099026,margin,current
2022-02-15,ONGC,ONGC,7,Oil Gas & Consumable Fuels,0.0222115156110979,0.10300731596832158,kept,,,0.7063854602276116,margin,current
2022-02-15,TATASTEEL,TATASTEEL,8,Metals & Mining,0.025854684606058567,0.0884926132942086,kept,,,0.7062061863726452,margin,current
2022-02-15,VEDL,VEDL,12,Metals & Mining,0.027774031211792977,0.08237726058708379,kept,,,0.6974316292238223,margin,current
2022-02-15,JSWSTEEL,JSWSTEEL,14,Metals & Mining,0.023646659249667062,0.09675568047608595,kept,,,0.6943590867369187,margin,current
2022-02-15,MAHSEAMLES,MAHSEAMLES,1,Capital Goods,0.024205959178313977,0.0945200555711683,new,,,0.7411917685350197,margin,current
2022-02-15,PRECOT,PRECOT,4,Textiles,0.03413308048672231,0.06703024087080788,new,,,0.7208002640600124,margin,current
2022-02-15,UFLEX,UFLEX,5,Capital Goods,0.027051263351225183,0.08457825340656576,new,,,0.7170585880137446,margin,current
2022-02-15,ALLCARGO,ALLCARGO,9,Services,0.030919622911137725,0.07399665297546414,new,,,0.7029206244733259,margin,current
2022-02-15,VISHNU,VISHNU,10,Chemicals,0.0309372720100044,0.07395443935547384,new,,,0.7003781802989908,margin,current
2022-02-15,GHCL,GHCL,31,Chemicals,0.029731522569706865,0.0,sold,rank_outside_24,,0.6612075916033333,margin,current
2022-02-15,HGINFRA,HGINFRA,37,Construction,0.03168015863736741,0.0,sold,rank_outside_24,,0.6551012869037535,margin,current
2022-02-15,JAYNECOIND,JAYNECOIND,213,Capital Goods,0.033213637204597864,0.0,sold,rank_outside_24,,0.5637807829623442,margin,current
2022-02-15,STYRENIX,INEOSSTYRO,477,Chemicals,0.026244844181951874,0.0,sold,rank_outside_24,,0.48252042621922236,margin,current
2022-06-01,UFLEX,UFLEX,2,Capital Goods,0.027255728331057386,0.06114220799394663,kept,,,0.7301795217458396,margin,current
2022-06-01,ONGC,ONGC,3,Oil Gas & Consumable Fuels,0.023105397251867957,0.07212494087325369,kept,,,0.7250295935816704,margin,current
2022-06-01,NITINSPIN,NITINSPIN,6,Textiles,0.03209163226053355,0.051928658446378076,kept,,,0.7167533212175056,margin,current
2022-06-01,OIL,OIL,7,Oil Gas & Consumable Fuels,0.02701807408269064,0.06168002225264666,kept,,,0.7140195296078661,margin,current
2022-06-01,MAHSEAMLES,MAHSEAMLES,10,Capital Goods,0.025147455134678198,0.06626815324728244,kept,,,0.6995265444281131,margin,current
2022-06-01,ALLCARGO,ALLCARGO,13,Services,0.03304797231378187,0.05042595033732375,kept,,,0.6937681645922026,margin,current
2022-06-01,VISHNU,VISHNU,15,Chemicals,0.030419622729526904,0.05478290856731912,kept,,,0.6909927135611413,margin,current
2022-06-01,DCMNVL,DCMNVL,17,Textiles,0.03442529232262713,0.04840846070459277,kept,,,0.6862488980050981,margin,current
2022-06-01,POLYPLEX,POLYPLEX,1,Capital Goods,0.02672530298778047,0.06235571628153185,new,,,0.7322219217335139,margin,current
2022-06-01,AURIONPRO,AURIONPRO,4,Information Technology,0.03197926943572191,0.05211111573369797,new,,,0.7208129740932908,margin,current
2022-06-01,NTPC,NTPC,5,Power,0.017633667110453513,0.090625,new,,upper,0.7191632475722154,margin,current
2022-06-01,GHCL,GHCL,8,Chemicals,0.03135604316493683,0.053146865562027044,new,,,0.7121644951679343,margin,current
2022-06-01,JSWSTEEL,JSWSTEEL,88,Metals & Mining,0.024672218578413133,0.0,sold,rank_outside_24,,0.6195015966368538,margin,current
2022-06-01,PRECOT,PRECOT,114,Textiles,0.0346159430539689,0.0,sold,rank_outside_24,,0.6003683938358002,margin,current
2022-06-01,TATASTEEL,TATASTEEL,42,Metals & Mining,0.026413616772075356,0.0,sold,rank_outside_24,,0.6531630533780483,margin,current
2022-06-01,VEDL,VEDL,59,Metals & Mining,0.0307757376269643,0.0,sold,rank_outside_24,,0.6429896028885513,margin,current
2022-08-16,NTPC,NTPC,1,Power,0.0181245641561047,0.08102739998982661,kept,,,0.735020624556217,margin,current
2022-08-16,MAHSEAMLES,MAHSEAMLES,6,Capital Goods,0.026036352489106074,0.05640522458483554,kept,,,0.7178910797040905,margin,current
2022-08-16,UFLEX,UFLEX,11,Capital Goods,0.025626412433838168,0.05730752649476554,kept,,,0.7064428499996055,margin,current
2022-08-16,GHCL,GHCL,17,Chemicals,0.030997362142638533,0.04737778339847346,kept,,,0.693866765288907,margin,current
2022-08-16,POLYPLEX,POLYPLEX,19,Capital Goods,0.027972414518439542,0.05250123504890403,kept,,,0.687139840082732,margin,current
2022-08-16,VISHNU,VISHNU,21,Chemicals,0.028373843120196557,0.05175845595877801,kept,,,0.6843819685930443,margin,current
2022-08-16,ITC,ITC,2,Fast Moving Consumer Goods,0.01597517101126249,0.09192930131906675,new,,,0.7200298769667095,margin,current
2022-08-16,POWERGRID,POWERGRID,3,Power,0.01720404036319231,0.0853628728202696,new,,,0.7185783429690692,margin,current
2022-08-16,RITES,RITES,4,Construction,0.016259624438226965,0.0903210473954903,new,,,0.7179163460518422,margin,current
2022-08-16,GESHIP,GESHIP,5,Services,0.02356162589964509,0.062329582677063525,new,,,0.7179001606654098,margin,current
2022-08-16,EIDPARRY,EIDPARRY,7,Fast Moving Consumer Goods,0.02768828398647748,0.05303999013572687,new,,,0.7134891192607268,margin,current
2022-08-16,GAIL,GAIL,8,Oil Gas & Consumable Fuels,0.02078985047536138,0.07063958017679982,new,,,0.7120723943159534,margin,current
2022-08-16,ALLCARGO,ALLCARGO,30,Services,0.0325498447229003,0.0,sold,rank_outside_24,,0.6659555636864027,margin,current
2022-08-16,AURIONPRO,AURIONPRO,45,Information Technology,0.03300026556662773,0.0,sold,rank_outside_24,,0.6413849313516538,margin,current
2022-08-16,DCMNVL,DCMNVL,,Textiles,0.03484333622035984,0.0,sold,"left_universe:r5,r6",,,,current
2022-08-16,NITINSPIN,NITINSPIN,201,Textiles,0.029487880107476362,0.0,sold,rank_outside_24,,0.5599778513970136,margin,current
2022-08-16,OIL,OIL,42,Oil Gas & Consumable Fuels,0.033302846787660455,0.0,sold,rank_outside_24,,0.6430194610397827,margin,current
2022-08-16,ONGC,ONGC,,Oil Gas & Consumable Fuels,0.02659823806222899,0.0,sold,"left_universe:r5,r6",,,,current
2022-11-15,MAHSEAMLES,MAHSEAMLES,1,Capital Goods,0.024083216358268884,0.07744294932921626,kept,,,0.7499354455922737,margin,current
2022-11-15,GESHIP,GESHIP,3,Services,0.024323117156010383,0.07667912349207669,kept,,,0.7358379799449883,margin,current
2022-11-15,ITC,ITC,5,Fast Moving Consumer Goods,0.014534219270444992,0.125,kept,,upper,0.7251566553244551,margin,current
2022-11-15,NTPC,NTPC,6,Power,0.01725642829065913,0.10808003097185127,kept,,,0.7237678690712482,margin,current
2022-11-15,UFLEX,UFLEX,9,Capital Goods,0.02286397389371414,0.08157266592360497,kept,,,0.7132193655028495,margin,current
2022-11-15,GHCL,GHCL,12,Chemicals,0.02929811606201723,0.06365854037065191,kept,,,0.7093985100743285,margin,current
2022-11-15,VISHNU,VISHNU,14,Chemicals,0.02852845885422337,0.06537595716783216,kept,,,0.7053957393755053,margin,current
2022-11-15,EIDPARRY,EIDPARRY,16,Fast Moving Consumer Goods,0.02740394869887883,0.0680586336156101,kept,,,0.7002677114859054,margin,current
2022-11-15,POWERGRID,POWERGRID,18,Power,0.01732666360850368,0.1076419180437379,kept,,,0.6957502037951888,margin,current
2022-11-15,POLYPLEX,POLYPLEX,23,Capital Goods,0.026486603615030732,0.07041579702803301,kept,,,0.6744665632875174,margin,current
2022-11-15,ANDHRAPAP,ANDHRAPAP,2,Forest Materials,0.025118873631011465,0.07424995768183527,new,,,0.7385541231066124,margin,current
2022-11-15,COALINDIA,COALINDIA,4,Oil Gas & Consumable Fuels,0.02279362516466431,0.08182442637555046,new,,,0.7265671893960878,margin,current
2022-11-15,GAIL,GAIL,110,Oil Gas & Consumable Fuels,0.02010783217688966,0.0,sold,rank_outside_24,,0.6009514492841802,margin,current
2022-11-15,RITES,RITES,96,Construction,0.01993784695073498,0.0,sold,rank_outside_24,,0.6081214614735491,margin,current
2023-02-15,COALINDIA,COALINDIA,1,Oil Gas & Consumable Fuels,0.021372139846725393,0.09269408164729179,kept,,,0.7423544979365648,roce,current
2023-02-15,ANDHRAPAP,ANDHRAPAP,2,Forest Materials,0.026841439051102717,0.07380643311105609,kept,,,0.7407264074157853,roce,current
2023-02-15,EIDPARRY,EIDPARRY,5,Fast Moving Consumer Goods,0.027019348333451088,0.0733204536053541,kept,,,0.7220621484332443,roce,current
2023-02-15,VISHNU,VISHNU,22,Chemicals,0.027501699257188646,0.07203448984745446,kept,,,0.6860596987965598,roce,current
2023-02-15,GESHIP,GESHIP,24,Services,0.025977862676653522,0.07625996413131028,kept,,,0.6818757384736702,roce,current
2023-02-15,COROMANDEL,COROMANDEL,3,Chemicals,0.01913818191568872,0.10351405816169501,new,,,0.7282085081423804,roce,current
2023-02-15,REFEX,REFEX,4,Utilities,0.03624260780220384,0.05466137775574849,new,,,0.7251261910491974,roce,current
2023-02-15,SHRIPISTON,SHRIPISTON,6,Automobile and Auto Components,0.024915838399461317,0.07951050428921277,new,,,0.7188171236805894,roce,current
2023-02-15,WSTCSTPAPR,WSTCSTPAPR,7,Forest Materials,0.03127603230152469,0.06334150242686395,new,,,0.7117605018373689,roce,current
2023-02-15,SWARAJENG,SWARAJENG,8,Capital Goods,0.017048640935418212,0.11620110268227107,new,,,0.7079721771904587,roce,current
2023-02-15,PETRONET,PETRONET,9,Oil Gas & Consumable Fuels,0.016201473156068513,0.12227720632846655,new,,,0.7063373575155648,roce,current
2023-02-15,GODFRYPHLP,GODFRYPHLP,10,Fast Moving Consumer Goods,0.02737086224037867,0.07237882601327557,new,,,0.7054780204668908,roce,current
2023-02-15,GHCL,GHCL,25,Chemicals,0.02613684217811214,0.0,sold,rank_outside_24,,0.6805927193938084,roce,current
2023-02-15,ITC,ITC,26,Fast Moving Consumer Goods,0.013755687197236594,0.0,sold,rank_outside_24,,0.6784750004063261,roce,current
2023-02-15,MAHSEAMLES,MAHSEAMLES,31,Capital Goods,0.02371405959152707,0.0,sold,rank_outside_24,,0.672147923624398,roce,current
2023-02-15,NTPC,NTPC,,Power,0.015821997308110094,0.0,sold,"hard_filter:roce,de",,,,current
2023-02-15,POLYPLEX,POLYPLEX,230,Capital Goods,0.026481766773999334,0.0,sold,rank_outside_24,,0.5412622444239654,roce,current
2023-02-15,POWERGRID,POWERGRID,,Power,0.016155979065484802,0.0,sold,hard_filter:de,,,,current
2023-02-15,UFLEX,UFLEX,234,Capital Goods,0.02185558311175457,0.0,sold,rank_outside_24,,0.5398499522605322,roce,current
2023-06-01,SWARAJENG,SWARAJENG,4,Capital Goods,0.016646703685288394,0.09366939069147859,kept,,,0.7309138312235366,roce,current
2023-06-01,ANDHRAPAP,ANDHRAPAP,7,Forest Materials,0.022519492411728757,0.06924164020723829,kept,,,0.7198136062857127,roce,current
2023-06-01,REFEX,REFEX,8,Utilities,0.04079276757049567,0.041666666666666664,kept,,lower,0.7173377581192274,roce,current
2023-06-01,PETRONET,PETRONET,11,Oil Gas & Consumable Fuels,0.013464211563665757,0.115809721486434,kept,,,0.7028424883907405,roce,current
2023-06-01,COROMANDEL,COROMANDEL,19,Chemicals,0.015810636470985125,0.09862263256030702,kept,,,0.678232730712573,roce,current
2023-06-01,WSTCSTPAPR,WSTCSTPAPR,21,Forest Materials,0.02809698119088,0.05549658807219773,kept,,,0.6758787615665974,roce,current
2023-06-01,COALINDIA,COALINDIA,24,Oil Gas & Consumable Fuels,0.015010750254912456,0.10387799175542603,kept,,,0.667565975428593,roce,current
2023-06-01,INDRAMEDCO,INDRAMEDCO,1,Healthcare,0.018749787231262728,0.08316289523662734,new,,,0.7632387260607167,roce,current
2023-06-01,NCC,NCC,2,Construction,0.022993886462831906,0.06781309430848233,new,,,0.7606689940226147,roce,current
2023-06-01,HGINFRA,HGINFRA,3,Construction,0.02212016474157319,0.07049163554790318,new,,,0.7455968018177419,roce,current
2023-06-01,GNA,GNA,5,Automobile and Auto Components,0.0207496129528139,0.07514774346723883,new,,,0.7250185124975974,roce,current
2023-06-01,ANANDRATHI,ANANDRATHI,6,Financial Services,0.012185085681233488,0.125,new,,upper,0.7201824319124027,roce,current
2023-06-01,EIDPARRY,EIDPARRY,65,Fast Moving Consumer Goods,0.02502320828068426,0.0,sold,rank_outside_24,,0.6220890125907976,roce,current
2023-06-01,GESHIP,GESHIP,29,Services,0.02472492982596603,0.0,sold,rank_outside_24,,0.6594407751933058,roce,current
2023-06-01,GODFRYPHLP,GODFRYPHLP,160,Fast Moving Consumer Goods,0.025444641709442627,0.0,sold,rank_outside_24,,0.5695220653655857,roce,current
2023-06-01,SHRIPISTON,SHRIPISTON,,Automobile and Auto Components,0.02584525706272185,0.0,sold,left_universe:r2,,,,current
2023-06-01,VISHNU,VISHNU,176,Chemicals,0.02495759394481044,0.0,sold,rank_outside_24,,0.5627409252117317,roce,current
2023-08-16,NCC,NCC,1,Construction,0.023440030336415566,0.07328823562292218,kept,,,0.7349858235258475,roce,current
2023-08-16,INDRAMEDCO,INDRAMEDCO,2,Healthcare,0.021265098333226918,0.080783941808511,kept,,,0.7279691876061903,roce,current
2023-08-16,HGINFRA,HGINFRA,3,Construction,0.02192515711452311,0.07835193414261803,kept,,,0.7078245370026215,roce,current
2023-08-16,REFEX,REFEX,11,Utilities,0.04320638989650682,0.041666666666666664,kept,,lower,0.6772584345260827,roce,current
2023-08-16,ZYDUSLIFE,ZYDUSLIFE,4,Healthcare,0.01425121173646693,0.12054262459014965,new,,,0.6979934494651634,roce,current
2023-08-16,VENUSPIPES,VENUSPIPES,5,Capital Goods,0.017589674708992187,0.09766402703430636,new,,,0.6952175963310145,roce,current
2023-08-16,NH,NH,6,Healthcare,0.016256361700107566,0.10567422760360339,new,,,0.6918849411153627,roce,current
2023-08-16,DSSL,DSSL,7,Information Technology,0.032087833620762195,0.053536754353903385,new,,,0.6869876247148581,roce,current
2023-08-16,GULFOILLUB,GULFOILLUB,8,Oil Gas & Consumable Fuels,0.014199372422365136,0.1209827036861061,new,,,0.6832496846327185,roce,current
2023-08-16,REDINGTON,REDINGTON,9,Services,0.02084850788518887,0.08239814934305575,new,,,0.6784245510378606,roce,current
2023-08-16,NDRAUTO,NDRAUTO,10,Automobile and Auto Components,0.029355473175911435,0.058519869736364104,new,,,0.6781383056162583,roce,current
2023-08-16,CMSINFO,CMSINFO,12,Services,0.01983902641617093,0.08659086541179324,new,,,0.6742850650365613,roce,current
2023-08-16,ANANDRATHI,ANANDRATHI,48,Financial Services,0.014784263131496686,0.0,sold,rank_outside_24,,0.6355366814377154,roce,current
2023-08-16,ANDHRAPAP,ANDHRAPAP,103,Forest Materials,0.019900327736880778,0.0,sold,rank_outside_24,,0.6028424732310602,roce,current
2023-08-16,COALINDIA,COALINDIA,129,Oil Gas & Consumable Fuels,0.013438473030612096,0.0,sold,rank_outside_24,,0.5878364540302731,roce,current
2023-08-16,COROMANDEL,COROMANDEL,92,Chemicals,0.014632432379679186,0.0,sold,rank_outside_24,,0.6074570041548972,roce,current
2023-08-16,GNA,GNA,35,Automobile and Auto Components,0.018765939679848968,0.0,sold,rank_outside_24,,0.6441081756276245,roce,current
2023-08-16,PETRONET,PETRONET,36,Oil Gas & Consumable Fuels,0.011908422480719999,0.0,sold,rank_outside_24,,0.6440899190981331,roce,current
2023-08-16,SWARAJENG,SWARAJENG,29,Capital Goods,0.01718654273128965,0.0,sold,rank_outside_24,,0.6591447920908843,roce,current
2023-08-16,WSTCSTPAPR,WSTCSTPAPR,316,Forest Materials,0.024855033419038348,0.0,sold,rank_outside_24,,0.5244375879212203,roce,current
2023-11-15,GULFOILLUB,GULFOILLUB,2,Oil Gas & Consumable Fuels,0.01630697205109763,0.1050654622336662,kept,,,0.7268044991588714,roce,current
2023-11-15,INDRAMEDCO,INDRAMEDCO,4,Healthcare,0.022135392570177558,0.07740091126679778,kept,,,0.7013797045139403,roce,current
2023-11-15,HGINFRA,HGINFRA,5,Construction,0.021587022243262158,0.07936710940828401,kept,,,0.699048067515538,roce,current
2023-11-15,NCC,NCC,21,Construction,0.02679086812211596,0.0639508786490466,kept,,,0.6572925227527081,roce,current
2023-11-15,ANANDRATHI,ANANDRATHI,1,Financial Services,0.01715255856159816,0.09988594704558261,new,,,0.7289682623476994,roce,current
2023-11-15,ASHOKA,ASHOKA,3,Construction,0.025522940893206617,0.0671278268185808,new,,,0.7249781869628565,roce,current
2023-11-15,CONTROLPR,CONTROLPR,6,Information Technology,0.019862963170417074,0.08625599018034494,new,,,0.6841943816823982,roce,current
2023-11-15,POLYCAB,POLYCAB,7,Capital Goods,0.017798034862104656,0.09626341163248214,new,,,0.6817518705436014,roce,current
2023-11-15,IOC,IOC,8,Oil Gas & Consumable Fuels,0.013236148460216347,0.125,new,,upper,0.6759786444805765,roce,current
2023-11-15,FOCUS,FOCUS,9,Consumer Durables,0.03299339229067831,0.05192856621366909,new,,,0.6755462550414933,roce,current
2023-11-15,CYIENT,CYIENT,10,Information Technology,0.02273951088309137,0.07534460899306425,new,,,0.6740752863005117,roce,current
2023-11-15,MANGCHEFER,MANGCHEFER,11,Chemicals,0.02366132320796963,0.07240928755848164,new,,,0.673164305171358,roce,current
2023-11-15,CMSINFO,CMSINFO,127,Services,0.018122983695600316,0.0,sold,rank_outside_24,,0.5980675014605373,roce,current
2023-11-15,DSSL,DSSL,196,Information Technology,0.033579581372169424,0.0,sold,rank_outside_24,,0.5683820061800087,roce,current
2023-11-15,NDRAUTO,NDRAUTO,,Automobile and Auto Components,0.027717799033085806,0.0,sold,left_universe:r2,,,,current
2023-11-15,NH,NH,40,Healthcare,0.016053107047596913,0.0,sold,rank_outside_24,,0.6403372679857254,roce,current
2023-11-15,REDINGTON,REDINGTON,101,Services,0.019748055254576118,0.0,sold,rank_outside_24,,0.6109993876301287,roce,current
2023-11-15,REFEX,REFEX,135,Utilities,0.03957834591971988,0.0,sold,rank_outside_24,,0.5931642910938897,roce,current
2023-11-15,VENUSPIPES,VENUSPIPES,75,Capital Goods,0.019546235618562263,0.0,sold,rank_outside_24,,0.6210855276587058,roce,current
2023-11-15,ZYDUSLIFE,ZYDUSLIFE,89,Healthcare,0.013420184460095495,0.0,sold,rank_outside_24,,0.6163471081360729,roce,current
2024-02-15,INDRAMEDCO,INDRAMEDCO,6,Healthcare,0.022754287927348522,0.07509987077869029,kept,,,0.7103542602071304,roce,current
2024-02-15,ANANDRATHI,ANANDRATHI,10,Financial Services,0.019802216046622936,0.08629559838058692,kept,,,0.6969022729670212,roce,current
2024-02-15,GULFOILLUB,GULFOILLUB,13,Oil Gas & Consumable Fuels,0.019014738135491868,0.08986945130815932,kept,,,0.6869719764029171,roce,current
2024-02-15,ASHOKA,ASHOKA,17,Construction,0.027833099313004588,0.06139611200993902,kept,,,0.6764839141107095,roce,current
2024-02-15,IOC,IOC,19,Oil Gas & Consumable Fuels,0.017861886528620315,0.09566985437215074,kept,,,0.6748465371374323,roce,current
2024-02-15,NCC,NCC,24,Construction,0.026626750596544402,0.06417771769818428,kept,,,0.6625930287198492,roce,current
2024-02-15,GPTINFRA,GPTINFRA,1,Construction,0.022988017397459436,0.07433629675231769,new,,,0.7360583874758311,roce,current
2024-02-15,BAJAJ-AUTO,BAJAJ-AUTO,2,Automobile and Auto Components,0.013670337023502472,0.125,new,,upper,0.7281677420016962,roce,current
2024-02-15,WELCORP,WELCORP,3,Capital Goods,0.02319229210199648,0.07368155227994402,new,,,0.7168657953057191,roce,current
2024-02-15,JSL,JSL,4,Metals & Mining,0.024240267930542164,0.07049608890056382,new,,,0.7142503048170601,roce,current
2024-02-15,HEROMOTOCO,HEROMOTOCO,5,Automobile and Auto Components,0.01498490729966245,0.11403768130373954,new,,,0.7115402693045617,roce,current
2024-02-15,GOODLUCK,GOODLUCK,9,Capital Goods,0.024433079078408523,0.06993977621572425,new,,,0.7003269243937602,roce,current
2024-02-15,CONTROLPR,CONTROLPR,48,Information Technology,0.021744487880508603,0.0,sold,rank_outside_24,,0.6343303126707156,roce,current
2024-02-15,CYIENT,CYIENT,126,Information Technology,0.025419039529438005,0.0,sold,rank_outside_24,,0.5913304243290141,roce,current
2024-02-15,FOCUS,FOCUS,587,Consumer Durables,0.030824821544109718,0.0,sold,rank_outside_24,,0.4303501836417284,roce,current
2024-02-15,HGINFRA,HGINFRA,79,Construction,0.01803275675547399,0.0,sold,rank_outside_24,,0.6160145970652431,roce,current
2024-02-15,MANGCHEFER,MANGCHEFER,443,Chemicals,0.024870031412316876,0.0,sold,rank_outside_24,,0.48785725678273695,roce,current
2024-02-15,POLYCAB,POLYCAB,270,Capital Goods,0.024083142631135396,0.0,sold,rank_outside_24,,0.5400568004810896,roce,current
2024-06-03,BAJAJ-AUTO,BAJAJ-AUTO,4,Automobile and Auto Components,0.014757443037906433,0.11709451693520777,kept,,,0.7347956092537531,roce,current
2024-06-03,GULFOILLUB,GULFOILLUB,8,Oil Gas & Consumable Fuels,0.025674207305235917,0.06730551183833795,kept,,,0.6955289728215853,roce,current
2024-06-03,INDRAMEDCO,INDRAMEDCO,11,Healthcare,0.029846644053299058,0.05789648111314193,kept,,,0.682932801446572,roce,current
2024-06-03,HEROMOTOCO,HEROMOTOCO,12,Automobile and Auto Components,0.01615401067738535,0.10697130875006897,kept,,,0.6825587739456632,roce,current
2024-06-03,TVSHLTD,TVSHLTD,1,Financial Services,0.022341888296602167,0.07734420836690431,new,,,0.7774527276837433,roce,current
2024-06-03,SMCGLOBAL,SMCGLOBAL,2,Financial Services,0.024766804201394946,0.06977144284223685,new,,,0.7749315103827895,roce,current
2024-06-03,TMPV,TATAMOTORS,3,Automobile and Auto Components,0.015317765640525617,0.1128112091720972,new,,,0.7485718157775281,roce,current
2024-06-03,GMBREW,GMBREW,5,Fast Moving Consumer Goods,0.02046008617655776,0.0844578878510483,new,,,0.6988701638966129,roce,current
2024-06-03,RPPINFRA,RPPINFRA,6,Construction,0.027698963476529705,0.06238557140185793,new,,,0.6983831442095695,roce,current
2024-06-03,NAM-INDIA,NAM-INDIA,7,Financial Services,0.021247095922529723,0.0813294988653093,new,,,0.696326472761492,roce,current
2024-06-03,INDIGO,INDIGO,9,Services,0.01699222691322714,0.10169447904308364,new,,,0.6927576418342755,roce,current
2024-06-03,CEMPRO,ITDCEM,13,Construction,0.02835700151332368,0.06093788382070587,new,,,0.6812099172871202,roce,current
2024-06-03,ANANDRATHI,ANANDRATHI,,Financial Services,0.02202200635652115,0.0,sold,hard_filter:pe,,,,current
2024-06-03,ASHOKA,ASHOKA,,Construction,0.029217001913236725,0.0,sold,hard_filter:de,,,,current
2024-06-03,GOODLUCK,GOODLUCK,62,Capital Goods,0.025987327562954785,0.0,sold,rank_outside_24,,0.6207239903088249,roce,current
2024-06-03,GPTINFRA,GPTINFRA,30,Construction,0.02831239583373047,0.0,sold,rank_outside_24,,0.6498913236500196,roce,current
2024-06-03,IOC,IOC,84,Oil Gas & Consumable Fuels,0.02075384604176718,0.0,sold,rank_outside_24,,0.6091817039495747,roce,current
2024-06-03,JSL,JSL,201,Metals & Mining,0.025063277301589984,0.0,sold,rank_outside_24,,0.5605278393313778,roce,current
2024-06-03,NCC,NCC,35,Construction,0.031001654314119245,0.0,sold,rank_outside_24,,0.6406207103994335,roce,current
2024-06-03,WELCORP,WELCORP,133,Capital Goods,0.025192834646348746,0.0,sold,rank_outside_24,,0.5892011371742814,roce,current
2024-08-16,HEROMOTOCO,HEROMOTOCO,1,Automobile and Auto Components,0.016173793605521493,0.1145585360012577,kept,,,0.7395481728501035,roce,current
2024-08-16,BAJAJ-AUTO,BAJAJ-AUTO,3,Automobile and Auto Components,0.014891186283805613,0.12442568924478793,kept,,,0.7243474914582951,roce,current
2024-08-16,TMPV,TATAMOTORS,9,Automobile and Auto Components,0.017281482758119016,0.10721569109366844,kept,,,0.696779156470859,roce,current
2024-08-16,RPPINFRA,RPPINFRA,12,Construction,0.032162180751585154,0.05760946782017341,kept,,,0.6883636913437552,roce,current
2024-08-16,NAM-INDIA,NAM-INDIA,14,Financial Services,0.02427575885295041,0.07632495149826617,kept,,,0.680817358309928,roce,current
2024-08-16,GMBREW,GMBREW,17,Fast Moving Consumer Goods,0.026624012549044,0.06959304551190111,kept,,,0.666585099617249,roce,current
2024-08-16,CEMPRO,ITDCEM,20,Construction,0.033824782128287184,0.054777769447494434,kept,,,0.6599411665729293,roce,current
2024-08-16,STYRENIX,STYRENIX,2,Chemicals,0.025952565947323376,0.07139356165381941,new,,,0.7280239815993516,roce,current
2024-08-16,PETRONET,PETRONET,4,Oil Gas & Consumable Fuels,0.02151306170221737,0.08612656546436954,new,,,0.7228721450924671,roce,current
2024-08-16,GOKULAGRO,GOKULAGRO,6,Fast Moving Consumer Goods,0.025849781142604486,0.07167743923298697,new,,,0.7059270878737106,roce,current
2024-08-16,COALINDIA,COALINDIA,7,Oil Gas & Consumable Fuels,0.022406900909487368,0.0826908694120447,new,,,0.6995413082115463,roce,current
2024-08-16,ANANDRATHI,ANANDRATHI,8,Financial Services,0.022161530878163044,0.08360641361923038,new,,,0.6968380091416649,roce,current
2024-08-16,GULFOILLUB,GULFOILLUB,25,Oil Gas & Consumable Fuels,0.030169830674421194,0.0,sold,rank_outside_24,,0.6556775090009286,roce,current
2024-08-16,INDIGO,INDIGO,36,Services,0.017581779405896163,0.0,sold,rank_outside_24,,0.6436732485073713,roce,current
2024-08-16,INDRAMEDCO,INDRAMEDCO,74,Healthcare,0.0317922796346854,0.0,sold,rank_outside_24,,0.6183559932699808,roce,current
2024-08-16,SMCGLOBAL,SMCGLOBAL,,Financial Services,0.02739602117572498,0.0,sold,left_universe:r4,,,,current
2024-08-16,TVSHLTD,TVSHLTD,,Financial Services,0.02383641546521159,0.0,sold,left_universe:r4,,,,current
2024-11-18,HEROMOTOCO,HEROMOTOCO,3,Automobile and Auto Components,0.016736634829029724,0.08710259579794379,kept,,,0.7295539530496726,roce,current
2024-11-18,GOKULAGRO,GOKULAGRO,4,Fast Moving Consumer Goods,0.029863322076819018,0.04881587971963655,kept,,,0.7190114735760255,roce,current
2024-11-18,BAJAJ-AUTO,BAJAJ-AUTO,5,Automobile and Auto Components,0.018141410869765937,0.08035782602555502,kept,,,0.7176835528382907,roce,current
2024-11-18,PETRONET,PETRONET,7,Oil Gas & Consumable Fuels,0.02056164912007809,0.0708991934458819,kept,,,0.7151343293871131,roce,current
2024-11-18,STYRENIX,STYRENIX,9,Chemicals,0.024665606157546975,0.05910271692571874,kept,,,0.6911964513213847,roce,current
2024-11-18,ANANDRATHI,ANANDRATHI,13,Financial Services,0.021079153545749633,0.0691585805552763,kept,,,0.6822215959264863,roce,current
2024-11-18,TMPV,TATAMOTORS,21,Automobile and Auto Components,0.01833751551452093,0.07949846517519629,kept,,,0.6618329262265217,roce,current
2024-11-18,SWARAJENG,SWARAJENG,2,Capital Goods,0.018937190712233216,0.07698102430731918,new,,,0.7360078809436974,roce,current
2024-11-18,POWERMECH,POWERMECH,6,Construction,0.024569708792383634,0.05933339913994702,new,,,0.7164989199197997,roce,current
2024-11-18,NATCOPHARM,NATCOPHARM,8,Healthcare,0.02078682399929918,0.07013117244750393,new,,,0.7118237047189478,roce,current
2024-11-18,VIPULLTD,VIPULLTD,11,Realty,0.03166104216797789,0.046044104638008204,new,,,0.6866102464318675,roce,current
2024-11-18,RAMRAT,RAMRAT,14,Capital Goods,0.02772806807203304,0.05257504182201313,new,,,0.6775396616024866,roce,current
2024-11-18,CEMPRO,ITDCEM,27,Construction,0.036536446574630045,0.0,sold,rank_outside_24,,0.6563868605024963,roce,current
2024-11-18,COALINDIA,COALINDIA,174,Oil Gas & Consumable Fuels,0.022147563875266965,0.0,sold,rank_outside_24,,0.5795283467112823,roce,current
2024-11-18,GMBREW,GMBREW,75,Fast Moving Consumer Goods,0.0277712396585086,0.0,sold,rank_outside_24,,0.620683893046497,roce,current
2024-11-18,NAM-INDIA,NAM-INDIA,60,Financial Services,0.026020905014024362,0.0,sold,rank_outside_24,,0.6312612547599908,roce,current
2024-11-18,RPPINFRA,RPPINFRA,91,Construction,0.033805710665081604,0.0,sold,rank_outside_24,,0.6107819484701751,roce,current
2025-02-17,SWARAJENG,SWARAJENG,2,Capital Goods,0.02041167446362693,0.0724190706569368,kept,,,0.7677453277194216,roce,current
2025-02-17,STYRENIX,STYRENIX,3,Chemicals,0.025296676214209425,0.05843433669667135,kept,,,0.7501922854347842,roce,current
2025-02-17,GOKULAGRO,GOKULAGRO,4,Fast Moving Consumer Goods,0.03314755415477634,0.04459437605277411,kept,,,0.7485818652854267,roce,current
2025-02-17,RAMRAT,RAMRAT,12,Capital Goods,0.028667666001834954,0.05156312673355323,kept,,,0.6959775450472985,roce,current
2025-02-17,RKFORGE,RKFORGE,1,Automobile and Auto Components,0.026288709285427536,0.05622925337103522,new,,,0.8435720353649705,roce,current
2025-02-17,EIDPARRY,EIDPARRY,5,Fast Moving Consumer Goods,0.022886851505937267,0.06458706191300802,new,,,0.7375594773181691,roce,current
2025-02-17,TCPLPACK,TCPLPACK,6,Capital Goods,0.02428513986304552,0.06086827185447453,new,,,0.7367538641067398,roce,current
2025-02-17,FIEMIND,FIEMIND,7,Automobile and Auto Components,0.021992092333973676,0.06721481852475931,new,,,0.7345360729733654,roce,current
2025-02-17,COROMANDEL,COROMANDEL,8,Chemicals,0.017692576984771148,0.083548851955266,new,,,0.7284910715022244,roce,current
2025-02-17,PANAMAPET,PANAMAPET,9,Oil Gas & Consumable Fuels,0.024872177489982182,0.059431647904698584,new,,,0.7106692482178559,roce,current
2025-02-17,LUMAXTECH,LUMAXTECH,11,Automobile and Auto Components,0.025600854341393146,0.057740045527220896,new,,,0.7007163461988453,roce,current
2025-02-17,DPABHUSHAN,DPABHUSHAN,13,Consumer Durables,0.030560694930428442,0.048369138809601926,new,,,0.690931253900118,roce,current
2025-02-17,ANANDRATHI,ANANDRATHI,51,Financial Services,0.019804000735406162,0.0,sold,rank_outside_24,,0.6412646194534677,roce,current
2025-02-17,BAJAJ-AUTO,BAJAJ-AUTO,63,Automobile and Auto Components,0.017633772084345994,0.0,sold,rank_outside_24,,0.6321817470491364,roce,current
2025-02-17,HEROMOTOCO,HEROMOTOCO,52,Automobile and Auto Components,0.016057308912677544,0.0,sold,rank_outside_24,,0.6407296464555025,roce,current
2025-02-17,NATCOPHARM,NATCOPHARM,449,Healthcare,0.027420009001222274,0.0,sold,rank_outside_24,,0.4932306130197996,roce,current
2025-02-17,PETRONET,PETRONET,72,Oil Gas & Consumable Fuels,0.02125817099961803,0.0,sold,rank_outside_24,,0.6263951077980667,roce,current
2025-02-17,POWERMECH,POWERMECH,113,Construction,0.026566754805153567,0.0,sold,rank_outside_24,,0.6076975591540676,roce,current
2025-02-17,TMPV,TATAMOTORS,140,Automobile and Auto Components,0.01934868857021477,0.0,sold,rank_outside_24,,0.5946185958054674,roce,current
2025-02-17,VIPULLTD,VIPULLTD,704,Realty,0.033565411253278055,0.0,sold,rank_outside_24,,0.3982220479933778,roce,current
2025-06-02,SWARAJENG,SWARAJENG,1,Capital Goods,0.02497855446733624,0.05637124547615138,kept,,,0.7596377627827987,roce,current
2025-06-02,FIEMIND,FIEMIND,2,Automobile and Auto Components,0.022023101424828873,0.06393614588407454,kept,,,0.7501199644224078,roce,current
2025-06-02,GOKULAGRO,GOKULAGRO,4,Fast Moving Consumer Goods,0.0342720456281389,0.04108515262834319,kept,,,0.7238314155150292,roce,current
2025-06-02,EIDPARRY,EIDPARRY,6,Fast Moving Consumer Goods,0.023638619164170555,0.059566602251110636,kept,,,0.7123417253854087,roce,current
2025-06-02,STYRENIX,STYRENIX,8,Chemicals,0.02453581477593632,0.057388443725072694,kept,,,0.7078299623065908,roce,current
2025-06-02,COROMANDEL,COROMANDEL,14,Chemicals,0.019458163942788143,0.07236408479534412,kept,,,0.6974590409371417,roce,current
2025-06-02,INDIGO,INDIGO,3,Services,0.018889287926973145,0.07454342540392737,new,,,0.724204136665184,roce,current
2025-06-02,HINDALCO,HINDALCO,5,Metals & Mining,0.020169366378704014,0.06981241745919957,new,,,0.7159463153839953,roce,current
2025-06-02,KRISHANA,KRISHANA,7,Chemicals,0.023686010570315285,0.05944742029636296,new,,,0.7088876093423904,roce,current
2025-06-02,PETRONET,PETRONET,9,Oil Gas & Consumable Fuels,0.020949148043188936,0.06721381808056039,new,,,0.7019316224505022,roce,current
2025-06-02,EICHERMOT,EICHERMOT,10,Automobile and Auto Components,0.016757777349160587,0.08402499903056418,new,,,0.6999342806451045,roce,current
2025-06-02,BHARTIARTL,BHARTIARTL,11,Telecommunication,0.014940353602166973,0.09424624496928906,new,,,0.6987586161224769,roce,current
2025-06-02,DPABHUSHAN,DPABHUSHAN,26,Consumer Durables,0.02797630296916625,0.0,sold,rank_outside_24,,0.6656728419124942,roce,current
2025-06-02,LUMAXTECH,LUMAXTECH,46,Automobile and Auto Components,0.027666849568732922,0.0,sold,rank_outside_24,,0.6451723108319178,roce,current
2025-06-02,PANAMAPET,PANAMAPET,101,Oil Gas & Consumable Fuels,0.025383774617194734,0.0,sold,rank_outside_24,,0.6118477957035368,roce,current
2025-06-02,RAMRAT,RAMRAT,38,Capital Goods,0.028389282438903502,0.0,sold,rank_outside_24,,0.6537571702713586,roce,current
2025-06-02,RKFORGE,RKFORGE,588,Automobile and Auto Components,0.02681034375055527,0.0,sold,rank_outside_24,,0.4348416121298982,roce,current
2025-06-02,TCPLPACK,TCPLPACK,81,Capital Goods,0.029596006836134617,0.0,sold,rank_outside_24,,0.6217602777304366,roce,current
2025-08-18,EIDPARRY,EIDPARRY,1,Fast Moving Consumer Goods,0.022041003529864444,0.08405152182033693,kept,,,0.7819182841278741,roce,current
2025-08-18,FIEMIND,FIEMIND,2,Automobile and Auto Components,0.021282216167576456,0.08704826013161814,kept,,,0.7708964646000692,roce,current
2025-08-18,HINDALCO,HINDALCO,4,Metals & Mining,0.01843989015673603,0.10046588528380053,kept,,,0.7198658311304603,roce,current
2025-08-18,SWARAJENG,SWARAJENG,8,Capital Goods,0.025390152983584185,0.0729645028263633,kept,,,0.7093870366464494,roce,current
2025-08-18,BHARTIARTL,BHARTIARTL,12,Telecommunication,0.013767853620902,0.125,kept,,upper,0.6983776002414402,roce,current
2025-08-18,COROMANDEL,COROMANDEL,14,Chemicals,0.021680088041476746,0.08545075488569537,kept,,,0.6934210881519113,roce,current
2025-08-18,GOKULAGRO,GOKULAGRO,15,Fast Moving Consumer Goods,0.03231722322808212,0.05732484737496635,kept,,,0.6925633603116381,roce,current
2025-08-18,MAITHANALL,MAITHANALL,3,Metals & Mining,0.022764720130789888,0.08137942739857634,new,,,0.7434452003334502,roce,current
2025-08-18,SSWL,SSWL,5,Automobile and Auto Components,0.022120803299655375,0.08374830986184784,new,,,0.718598321137611,roce,current
2025-08-18,SRM,SRM,6,Construction,0.031067764540886316,0.059630292572047196,new,,,0.7115212329523839,roce,current
2025-08-18,SUDARCOLOR,HEUBACHIND,7,Chemicals,0.021102329637195258,0.08779030187582426,new,,,0.7108210610584715,roce,current
2025-08-18,SHRIPISTON,SHRIPISTON,9,Automobile and Auto Components,0.024653108000717048,0.07514589596892374,new,,,0.7061616410295605,roce,current
2025-08-18,EICHERMOT,EICHERMOT,28,Automobile and Auto Components,0.015624375028784028,0.0,sold,rank_outside_24,,0.6698705247137,roce,current
2025-08-18,INDIGO,INDIGO,153,Services,0.017949792418582126,0.0,sold,rank_outside_24,,0.5933208203775984,roce,current
2025-08-18,KRISHANA,KRISHANA,27,Chemicals,0.026628167655805536,0.0,sold,rank_outside_24,,0.6714063748953067,roce,current
2025-08-18,PETRONET,PETRONET,156,Oil Gas & Consumable Fuels,0.017655923222078176,0.0,sold,rank_outside_24,,0.5925989737318568,roce,current
2025-08-18,STYRENIX,STYRENIX,34,Chemicals,0.021120710371159493,0.0,sold,rank_outside_24,,0.6667881241565452,roce,current
2025-11-17,EIDPARRY,EIDPARRY,2,Fast Moving Consumer Goods,0.021134118549813515,0.07597046223312781,kept,,,0.775671675449841,roce,current
2025-11-17,HINDALCO,HINDALCO,4,Metals & Mining,0.016730726994814864,0.09596527130092114,kept,,,0.7523120965030949,roce,current
2025-11-17,FIEMIND,FIEMIND,7,Automobile and Auto Components,0.02160392157079919,0.07431839399422792,kept,,,0.7382761120528177,roce,current
2025-11-17,GOKULAGRO,GOKULAGRO,10,Fast Moving Consumer Goods,0.03079703297023772,0.05213387785345025,kept,,,0.7304524119513082,roce,current
2025-11-17,SHRIPISTON,SHRIPISTON,11,Automobile and Auto Components,0.0222837048048799,0.07205124862215238,kept,,,0.7235724850566042,roce,current
2025-11-17,BHARTIARTL,BHARTIARTL,15,Telecommunication,0.013516613412998334,0.1187848395201603,kept,,,0.713606428447085,roce,current
2025-11-17,HEROMOTOCO,HEROMOTOCO,1,Automobile and Auto Components,0.01594267983320051,0.10070883765572891,new,,,0.7892659234489101,roce,current
2025-11-17,BPCL,BPCL,3,Oil Gas & Consumable Fuels,0.016402656977312673,0.09788467547299166,new,,,0.7745422512768688,roce,current
2025-11-17,NAZARA,NAZARA,5,Media Entertainment & Publication,0.021478183482969017,0.07475347048749158,new,,,0.7448311245402116,roce,current
2025-11-17,GLENMARK,GLENMARK,8,Healthcare,0.01984346092654353,0.08091173011918351,new,,,0.7367720601930473,roce,current
2025-11-17,HINDPETRO,HINDPETRO,9,Oil Gas & Consumable Fuels,0.02001347152422951,0.08022440050819048,new,,,0.7347540609029358,roce,current
2025-11-17,GULFOILLUB,GULFOILLUB,12,Oil Gas & Consumable Fuels,0.021044828851312473,0.07629279223237405,new,,,0.7217870392398593,roce,current
2025-11-17,COROMANDEL,COROMANDEL,32,Chemicals,0.02153715344541537,0.0,sold,rank_outside_24,,0.6822882966746021,roce,current
2025-11-17,MAITHANALL,MAITHANALL,326,Metals & Mining,0.022430929006800625,0.0,sold,rank_outside_24,,0.5366897665193848,roce,current
2025-11-17,SRM,SRM,27,Construction,0.03208560177886051,0.0,sold,rank_outside_24,,0.6917352440759007,roce,current
2025-11-17,SSWL,SSWL,74,Automobile and Auto Components,0.02154636607582379,0.0,sold,rank_outside_24,,0.6445054390726304,roce,current
2025-11-17,SUDARCOLOR,HEUBACHIND,160,Chemicals,0.008761122433170444,0.0,sold,rank_outside_24,,0.5958369951631239,roce,current
2025-11-17,SWARAJENG,SWARAJENG,43,Capital Goods,0.025411872769842525,0.0,sold,rank_outside_24,,0.6703652306207142,roce,current
2026-02-16,BPCL,BPCL,1,Oil Gas & Consumable Fuels,0.015697667475897837,0.09616936305982215,kept,,,0.8039782088433262,roce,current
2026-02-16,HEROMOTOCO,HEROMOTOCO,2,Automobile and Auto Components,0.01617084341660928,0.09335534602551504,kept,,,0.7982534174620634,roce,current
2026-02-16,HINDALCO,HINDALCO,3,Metals & Mining,0.017300598682048245,0.08725910070663827,kept,,,0.764814313416816,roce,current
2026-02-16,HINDPETRO,HINDPETRO,8,Oil Gas & Consumable Fuels,0.01889522145381143,0.07989505105151688,kept,,,0.7233064143066414,roce,current
2026-02-16,EIDPARRY,EIDPARRY,9,Fast Moving Consumer Goods,0.019301815475249715,0.07821205650928287,kept,,,0.7220739337873726,roce,current
2026-02-16,FIEMIND,FIEMIND,10,Automobile and Auto Components,0.022701827496214435,0.06649837696695189,kept,,,0.7214834791685487,roce,current
2026-02-16,IOC,IOC,4,Oil Gas & Consumable Fuels,0.014201679294002918,0.10629973057619105,new,,,0.7615878398498562,roce,current
2026-02-16,RPTECH,RPTECH,5,Information Technology,0.021096855186528755,0.07155733256613278,new,,,0.7364458364332622,roce,current
2026-02-16,WHEELS,WHEELS,6,Automobile and Auto Components,0.020624700812358395,0.07319547063574385,new,,,0.7317661063163007,roce,current
2026-02-16,SWARAJENG,SWARAJENG,7,Capital Goods,0.023595500840440153,0.06397976855378418,new,,,0.7233742734522917,roce,current
2026-02-16,PNGJL,PNGJL,20,Consumer Durables,0.022436270336987318,0.06728545609442371,new,,,0.7028620718155482,roce,current
2026-02-16,TORNTPHARM,TORNTPHARM,21,Healthcare,0.012981308998771549,0.11629294725399739,new,,,0.7027070190003227,roce,current
2026-02-16,BHARTIARTL,BHARTIARTL,41,Telecommunication,0.012600450431851267,0.0,sold,rank_outside_24,,0.6762377580933181,roce,current
2026-02-16,GLENMARK,GLENMARK,27,Healthcare,0.019315460927478198,0.0,sold,rank_outside_24,,0.6951241167610809,roce,current
2026-02-16,GOKULAGRO,GOKULAGRO,47,Fast Moving Consumer Goods,0.028226987150203504,0.0,sold,rank_outside_24,,0.6657603052330512,roce,current
2026-02-16,GULFOILLUB,GULFOILLUB,25,Oil Gas & Consumable Fuels,0.018434083053907188,0.0,sold,rank_outside_24,,0.701013158648382,roce,current
2026-02-16,NAZARA,NAZARA,387,Media Entertainment & Publication,0.022173640018712616,0.0,sold,rank_outside_24,,0.5180572020085209,roce,current
2026-02-16,SHRIPISTON,SHRIPISTON,26,Automobile and Auto Components,0.023906620573591917,0.0,sold,rank_outside_24,,0.6993837506897387,roce,current
2026-06-01,HEROMOTOCO,HEROMOTOCO,1,Automobile and Auto Components,0.01685672404975844,0.07092237514807878,kept,,,0.8015103846969062,roce,current
2026-06-01,HINDALCO,HINDALCO,2,Metals & Mining,0.016949445136696134,0.07053439786275188,kept,,,0.7662776901435759,roce,current
2026-06-01,RPTECH,RPTECH,3,Information Technology,0.021167542152044378,0.05647887214478257,kept,,,0.7575371155207729,roce,current
2026-06-01,PNGJL,PNGJL,12,Consumer Durables,0.022023994499073767,0.05428256472162161,kept,,,0.7016575332808324,roce,current
2026-06-01,BPCL,BPCL,19,Oil Gas & Consumable Fuels,0.01833382620326258,0.065208369140745,kept,,,0.6885385357691785,roce,current
2026-06-01,FIEMIND,FIEMIND,20,Automobile and Auto Components,0.023184500070628698,0.05156543825325585,kept,,,0.6879907261499953,roce,current
2026-06-01,SWARAJENG,SWARAJENG,23,Capital Goods,0.018728282340972006,0.06383494679643761,kept,,,0.6869660544170327,roce,current
2026-06-01,COALINDIA,COALINDIA,4,Oil Gas & Consumable Fuels,0.013643212299977368,0.08762737693575237,new,,,0.7533836424468732,roce,current
2026-06-01,CEIGALL,CEIGALL,5,Construction,0.019074184626218165,0.06267732698682833,new,,,0.7307293891101266,roce,current
2026-06-01,LUPIN,LUPIN,6,Healthcare,0.01286943385094607,0.09289599843094293,new,,,0.7286133896322163,roce,current
2026-06-01,ONGC,ONGC,7,Oil Gas & Consumable Fuels,0.014329893981053199,0.08342831485043153,new,,,0.7184857663289499,roce,current
2026-06-01,SRM,SRM,8,Construction,0.029486936527779867,0.040544018728371545,new,,,0.7173241021685185,roce,current
2026-06-01,EIDPARRY,EIDPARRY,70,Fast Moving Consumer Goods,0.01796496845855366,0.0,sold,rank_outside_24,,0.6335483900095048,roce,current
2026-06-01,HINDPETRO,HINDPETRO,85,Oil Gas & Consumable Fuels,0.02158451191331921,0.0,sold,rank_outside_24,,0.6240915766714934,roce,current
2026-06-01,IOC,IOC,25,Oil Gas & Consumable Fuels,0.016092977389469847,0.0,sold,rank_outside_24,,0.6829485248884855,roce,current
2026-06-01,TORNTPHARM,TORNTPHARM,213,Healthcare,0.01275997708476096,0.0,sold,rank_outside_24,,0.5731452019159311,roce,current
2026-06-01,WHEELS,WHEELS,27,Automobile and Auto Components,0.024260526875532953,0.0,sold,rank_outside_24,,0.6820712661137482,roce,current
2026-08-17,HINDALCO,HINDALCO,1,Metals & Mining,0.018021402628232566,0.08284750909479072,kept,,,0.7861743346422028,roce,current
2026-08-17,HEROMOTOCO,HEROMOTOCO,2,Automobile and Auto Components,0.016962617318060945,0.08801874676225119,kept,,,0.7535960992338296,roce,current
2026-08-17,RPTECH,RPTECH,4,Information Technology,0.02576801350831393,0.05794114931139973,kept,,,0.7235064151554492,roce,current
2026-08-17,LUPIN,LUPIN,7,Healthcare,0.013064550248235959,0.11428088145207897,kept,,,0.7058235939159394,roce,current
2026-08-17,COALINDIA,COALINDIA,8,Oil Gas & Consumable Fuels,0.014248691219488803,0.10478354082803598,kept,,,0.6970026435122068,roce,current
2026-08-17,SWARAJENG,SWARAJENG,17,Capital Goods,0.016301974726914872,0.09158573382391302,kept,,,0.6796061458916671,roce,current
2026-08-17,BAJAJ-AUTO,BAJAJ-AUTO,3,Automobile and Auto Components,0.014597537399982121,0.10227946517507887,new,,,0.7273116854819591,roce,current
2026-08-17,GESHIP,GESHIP,5,Services,0.021971738425553226,0.06795221612537423,new,,,0.7095003496185396,roce,current
2026-08-17,CHENNPETRO,CHENNPETRO,6,Oil Gas & Consumable Fuels,0.031303542371309626,0.04769518735080204,new,,,0.7089960582189562,roce,current
2026-08-17,BEPL,BEPL,9,Chemicals,0.020676353478274147,0.07220945993751726,new,,,0.6945007272492731,roce,current
2026-08-17,GULFOILLUB,GULFOILLUB,10,Oil Gas & Consumable Fuels,0.01831643591352279,0.08151303698996915,new,,,0.6931104757293387,roce,current
2026-08-17,EICHERMOT,EICHERMOT,11,Automobile and Auto Components,0.016795777952736072,0.08889307314878885,new,,,0.687189008226625,roce,current
2026-08-17,BPCL,BPCL,156,Oil Gas & Consumable Fuels,0.018308045571124525,0.0,sold,rank_outside_24,,0.5995402783272903,roce,current
2026-08-17,CEIGALL,CEIGALL,26,Construction,0.0194503708979255,0.0,sold,rank_outside_24,,0.6685933583035558,roce,current
2026-08-17,FIEMIND,FIEMIND,79,Automobile and Auto Components,0.023505952549886872,0.0,sold,rank_outside_24,,0.6323390488034877,roce,current
2026-08-17,ONGC,ONGC,74,Oil Gas & Consumable Fuels,0.014776459563750441,0.0,sold,rank_outside_24,,0.6342739968687847,roce,current
2026-08-17,PNGJL,PNGJL,35,Consumer Durables,0.022040398434453067,0.0,sold,rank_outside_24,,0.661087212134866,roce,current
2026-08-17,SRM,SRM,67,Construction,0.028415757183314686,0.0,sold,rank_outside_24,,0.6408160545980846,roce,current
