t,k,d,px,val,date,cid
425,21,7.032158906538671e-05,1419.2,0.09980039920159682,2019-02-15,AARTIIND
425,505,3.3888081222953085e-05,2945.0,0.09980039920159683,2019-02-15,BRITANNIA
425,627,7.952223043951938e-05,1255.0,0.09980039920159682,2019-02-15,COLPAL
425,1487,0.00035770752402006033,279.0,0.09980039920159683,2019-02-15,ITC
425,1812,8.022540128745727e-05,1244.0,0.09980039920159685,2019-02-15,LT
425,1953,0.00011485832570099763,868.9,0.09980039920159683,2019-02-15,MGL
425,2227,0.0007560636303151275,132.0,0.09980039920159683,2019-02-15,NTPC
425,2413,0.0005594192780358567,178.4,0.09980039920159685,2019-02-15,POWERGRID
425,2539,0.00011775163612954615,847.55,0.09980039920159683,2019-02-15,RATNAMANI
425,2905,5.0660101117561847e-05,1970.0,0.09980039920159683,2019-02-15,SKFINDIA
495,21,-7.032158906538671e-05,1879.85,-0.1321940392045672,2019-06-03,AARTIIND
495,505,-3.3888081222953085e-05,2936.0,-0.09949540647059026,2019-06-03,BRITANNIA
495,627,-7.952223043951938e-05,1152.4,-0.09164141835850215,2019-06-03,COLPAL
495,1812,-8.022540128745727e-05,1563.7,-0.12544845999319693,2019-06-03,LT
495,2227,-9.279042042178672e-05,134.4,-0.012471032504688137,2019-06-03,NTPC
495,2539,-0.00011775163612954615,960.0,-0.11304157068436431,2019-06-03,RATNAMANI
495,2905,-5.0660101117561847e-05,1894.05,-0.09595276452171801,2019-06-03,SKFINDIA
495,1487,3.117627423222737e-05,281.4,0.00877300356894878,2019-06-03,ITC
495,1524,0.00028696358649068306,379.95,0.10903181468713502,2019-06-03,JBCHEPHARM
495,1853,0.00023500768334332368,463.95,0.10903181468713502,2019-06-03,MAHSEAMLES
495,1953,8.381773614552776e-06,888.0,0.007443014969722865,2019-06-03,MGL
495,2373,9.497544833374131e-05,1148.0,0.10903181468713502,2019-06-03,PIIND
495,2413,1.5901810814575876e-05,190.25,0.0030253195074730604,2019-06-03,POWERGRID
495,2562,8.167177130122474e-05,1335.0,0.10903181468713502,2019-06-03,RELIANCE
495,3122,0.00022299174698258518,488.95,0.10903181468713502,2019-06-03,TATASTEEL
495,3232,0.0016093256780388933,67.75,0.10903181468713502,2019-06-03,TRIDENT
546,1487,-0.0003888837982522877,248.75,-0.09673484481525657,2019-08-16,ITC
546,1524,-1.993407078498447e-05,375.45,-0.007484246876222419,2019-08-16,JBCHEPHARM
546,1853,-0.00023500768334332368,401.2,-0.09428508255734146,2019-08-16,MAHSEAMLES
546,2373,-6.2531194207284424e-06,1130.0,-0.00706602494542314,2019-08-16,PIIND
546,2413,-8.410976267843578e-05,204.1,-0.017166802562668743,2019-08-16,POWERGRID
546,2562,-8.167177130122474e-05,1291.2,-0.10545459110414139,2019-08-16,RELIANCE
546,3122,-0.00022299174698258518,360.0,-0.08027702891373066,2019-08-16,TATASTEEL
546,3232,-0.0016093256780388933,56.0,-0.09012223797017802,2019-08-16,TRIDENT
546,1183,0.0004498166801630251,222.0,0.09985930299619157,2019-08-16,GSPL
546,1670,0.00042134727002612475,237.0,0.09985930299619157,2019-08-16,KNRCON
546,1953,1.2658374291749097e-06,805.2,0.0010192522979716374,2019-08-16,MGL
546,2167,0.004389419911920509,22.75,0.09985930299619158,2019-08-16,NHPC
546,2210,0.0009537660267067008,104.7,0.09985930299619157,2019-08-16,NMDC
546,2227,3.932904479623156e-05,117.4,0.004617229859077586,2019-08-16,NTPC
546,2467,0.0001894863434462838,527.0,0.09985930299619157,2019-08-16,PSPPROJECT
604,1183,-0.0004498166801630251,218.7,-0.09837490795165359,2019-11-15,GSPL
604,1524,-0.0002670295157056986,395.95,-0.10573033674367135,2019-11-15,JBCHEPHARM
604,1953,-2.0887457036017e-05,1029.0,-0.021493193290061493,2019-11-15,MGL
604,2167,-0.004389419911920509,23.6,-0.10359030992132402,2019-11-15,NHPC
604,2210,-0.0009537660267067008,99.0,-0.09442283664396338,2019-11-15,NMDC
604,2227,-0.0008538149807525978,118.55,-0.10121976596822047,2019-11-15,NTPC
604,2373,-1.4355517669587691e-05,1433.75,-0.02058222345877135,2019-11-15,PIIND
604,64,0.0003904442671621087,272.0,0.10620084066809357,2019-11-15,ADANIENSOL
604,798,3.8646594129582814e-05,2748.0,0.10620084066809357,2019-11-15,DRREDDY
604,1195,0.0005366389119155814,197.9,0.10620084066809357,2019-11-15,GUJENERGY
604,1377,0.0002498843309837496,425.0,0.10620084066809359,2019-11-15,IGL
604,1670,5.210973697559768e-06,249.95,0.001302482875705064,2019-11-15,KNRCON
604,2413,7.563355439540304e-05,188.0,0.01421910822633577,2019-11-15,POWERGRID
604,2467,8.682317236415044e-06,537.95,0.004670652557329473,2019-11-15,PSPPROJECT
604,3214,0.0003624602070583398,293.0,0.10620084066809357,2019-11-15,TORNTPOWER
669,64,-1.9849296869437188e-05,330.0,-0.006550267966914272,2020-02-17,ADANIENSOL
669,798,-3.8646594129582814e-05,3325.8,-0.12853084275616652,2020-02-17,DRREDDY
669,1195,-0.0005366389119155814,300.0,-0.16099167357467442,2020-02-17,GUJENERGY
669,1670,-0.0004265582437236845,283.7,-0.1210145737444093,2020-02-17,KNRCON
669,1953,-0.00010361847970870831,1167.0,-0.1209227658200626,2020-02-17,MGL
669,622,0.00034482131989718647,353.25,0.12180813125368112,2020-02-17,COCHINSHIP
669,1183,0.0005033393853457898,242.0,0.12180813125368113,2020-02-17,GSPL
669,1240,0.00019551866974908686,623.0,0.12180813125368112,2020-02-17,HCLTECH
669,1377,1.129901021061793e-06,487.2,0.0005504877774613055,2020-02-17,IGL
669,1426,0.002862705787395561,42.55,0.12180813125368112,2020-02-17,INDRAMEDCO
669,2373,4.059776666329675e-06,1559.05,0.00632939481164128,2020-02-17,PIIND
669,2413,9.384030434821935e-05,185.0,0.01736045630442058,2020-02-17,POWERGRID
669,2467,3.732017985542672e-05,519.0,0.01936917334496647,2020-02-17,PSPPROJECT
669,3214,1.5518830304714424e-05,323.5,0.005020341603575116,2020-02-17,TORNTPOWER
736,64,-0.00037059497029267154,172.0,-0.06374233489033951,2020-06-01,ADANIENSOL
736,622,-0.00034482131989718647,226.2,-0.07799858256074357,2020-06-01,COCHINSHIP
736,1240,-0.00019551866974908686,557.0,-0.10890389905024138,2020-06-01,HCLTECH
736,1377,-3.364135847216238e-05,467.0,-0.015710514406499832,2020-06-01,IGL
736,1426,-0.002862705787395561,38.15,-0.10921222578914065,2020-06-01,INDRAMEDCO
736,2373,-1.3850804233070952e-05,1572.0,-0.021773464254387535,2020-06-01,PIIND
736,2413,-2.042575924707875e-05,158.55,-0.003238504128624336,2020-06-01,POWERGRID
736,3214,-6.320963599949737e-05,322.5,-0.020385107609837902,2020-06-01,TORNTPOWER
736,146,4.4153916888156466e-05,2290.0,0.10111246967387831,2020-06-01,ALKEM
736,648,0.00015321231862092325,659.95,0.10111246967387831,2020-06-01,COROMANDEL
736,1183,4.20959366714596e-06,200.0,0.000841918733429192,2020-06-01,GSPL
736,2063,0.00011520819196021,877.65,0.10111246967387831,2020-06-01,MPHASIS
736,2467,7.184203381891755e-05,330.0,0.023707871160242793,2020-06-01,PSPPROJECT
736,2690,1.2921721364073905e-05,7825.0,0.10111246967387831,2020-06-01,SANOFI
791,146,-4.639074531448356e-06,2951.0,-0.013689908942304098,2020-08-17,ALKEM
791,1183,-0.0005075489790129357,213.95,-0.1085901040598176,2020-08-17,GSPL
791,1377,-0.000217372873532649,391.0,-0.08499279355126577,2020-08-17,IGL
791,2063,-0.00011520819196021,1200.0,-0.138249830352252,2020-08-17,MPHASIS
791,2373,-4.638338395447384e-06,1945.5,-0.009023887348342885,2020-08-17,PIIND
791,2467,-0.0003073308743570431,400.8,-0.12317821444230288,2020-08-17,PSPPROJECT
791,2690,-1.2921721364073905e-05,8350.0,-0.1078963733900171,2020-08-17,SANOFI
791,584,0.0007544456136729862,153.95,0.11614690222495622,2020-08-17,CHAMBLFERT
791,648,1.0477074382291235e-06,755.9,0.0007919620525573944,2020-08-17,COROMANDEL
791,1240,0.00016333413334967826,711.1,0.11614690222495622,2020-08-17,HCLTECH
791,1817,4.73856236893461e-05,2451.1,0.11614690222495622,2020-08-17,LTM
791,2409,0.00014339123731476076,810.0,0.11614690222495622,2020-08-17,POLYPLEX
791,2413,2.219954380317619e-05,176.0,0.00390711970935901,2020-08-17,POWERGRID
791,3214,2.425971624714368e-05,343.85,0.008341703431580355,2020-08-17,TORNTPOWER
791,3507,0.00029098559996231047,399.15,0.11614690222495622,2020-08-17,ZYDUSLIFE
855,146,-3.951484235670811e-05,2710.0,-0.10708522278667898,2020-11-17,ALKEM
855,584,-0.0007544456136729862,185.3,-0.13979877221360434,2020-11-17,CHAMBLFERT
855,648,-0.00015426002605915237,754.4,-0.11637376365902455,2020-11-17,COROMANDEL
855,1240,-1.2674583101592382e-05,837.95,-0.010620666909979338,2020-11-17,HCLTECH
855,1817,-5.993764630203949e-06,3050.0,-0.018280982122122046,2020-11-17,LTM
855,2373,-6.174916480289593e-06,2348.2,-0.014499938879016022,2020-11-17,PIIND
855,2409,-0.00014339123731476076,777.15,-0.11143650007916632,2020-11-17,POLYPLEX
855,2413,-0.0006624589694717167,187.0,-0.12387982729121101,2020-11-17,POWERGRID
855,3214,-0.00033902911761070055,306.45,-0.10389547309179918,2020-11-17,TORNTPOWER
855,932,0.0007859077054160687,160.0,0.125745232866571,2020-11-17,EVEREADY
855,1427,0.0022334854860847427,56.3,0.125745232866571,2020-11-17,INDSWFTLAB
855,1536,0.00024994083257120055,503.1,0.125745232866571,2020-11-17,JINDALPOLY
855,1547,6.642643046305916e-05,1893.0,0.125745232866571,2020-11-17,JKCEMENT
855,1633,0.0024680124213262216,50.95,0.125745232866571,2020-11-17,KELLTONTEC
855,3266,0.00037257846775280294,337.5,0.125745232866571,2020-11-17,UFLEX
855,3507,1.2436456741077143e-06,432.0,0.0005372549312145326,2020-11-17,ZYDUSLIFE
916,932,-7.932580373226075e-05,224.0,-0.017768980036026408,2021-02-15,EVEREADY
916,1427,-0.0003021328811161888,81.95,-0.02475978960747167,2021-02-15,INDSWFTLAB
916,1547,-8.237332677333797e-06,2720.0,-0.022405544882347927,2021-02-15,JKCEMENT
916,1633,-0.0024680124213262216,85.0,-0.20978105581272885,2021-02-15,KELLTONTEC
916,1817,-4.139185905914215e-05,4060.0,-0.16805094778011714,2021-02-15,LTM
916,2373,-5.3762528800946924e-05,2235.0,-0.12015925187011638,2021-02-15,PIIND
916,3507,-0.0002922292456364182,466.9,-0.13644183478764366,2021-02-15,ZYDUSLIFE
916,1122,0.00031278344635559183,504.0,0.15764285696321828,2021-02-15,GPIL
916,1240,1.2459966204266779e-05,970.0,0.012086167218138776,2021-02-15,HCLTECH
916,1536,5.479985323924799e-05,519.0,0.028441123831169705,2021-02-15,JINDALPOLY
916,1670,0.0007006349198365257,225.0,0.15764285696321828,2021-02-15,KNRCON
916,2997,0.0029800161996827654,52.9,0.15764285696321828,2021-02-15,STEELXIND
916,3123,0.003640712631944995,43.3,0.15764285696321828,2021-02-15,TATASTLBSL
916,3266,7.410110424254084e-05,354.1,0.026239201012283712,2021-02-15,UFLEX
986,932,-0.000706581901683808,324.35,-0.22917983981114315,2021-06-01,EVEREADY
986,1122,-9.271677163259339e-05,980.0,-0.09086243619994153,2021-06-01,GPIL
986,1240,-0.00016311951645235265,948.0,-0.1546373015968303,2021-06-01,HCLTECH
986,1427,-0.0019313526049685539,83.7,-0.16165421303586797,2021-06-01,INDSWFTLAB
986,1536,-0.00030474068581044854,812.65,-0.247647518323861,2021-06-01,JINDALPOLY
986,1547,-5.818909778572537e-05,2859.0,-0.16636263056938883,2021-06-01,JKCEMENT
986,1670,-0.0007006349198365257,220.5,-0.15448999982395392,2021-06-01,KNRCON
986,2997,-0.0029800161996827654,57.5,-0.171350931481759,2021-06-01,STEELXIND
986,3123,-0.001446762059935448,98.3,-0.14221671049165452,2021-06-01,TATASTLBSL
986,651,0.00027197409519887805,789.8,0.21480514038807386,2021-06-01,COSMOFIRST
986,689,0.00012078561650251565,1778.4,0.21480514038807386,2021-06-01,DALBHARAT
986,1202,0.0012650479410369485,169.8,0.21480514038807386,2021-06-01,GULPOLY
986,1575,0.00029979782329110096,716.5,0.21480514038807383,2021-06-01,JSWSTEEL
986,2667,0.00030712773861606217,699.4,0.21480514038807388,2021-06-01,SALASAR
986,3122,0.0001917903039179231,1120.0,0.21480514038807386,2021-06-01,TATASTEEL
986,3266,2.472413230604606e-05,457.4,0.011308818116785467,2021-06-01,UFLEX
986,3346,0.000776872117135891,276.5,0.21480514038807386,2021-06-01,VEDL
1039,651,-0.00027197409519887805,1370.0,-0.3726045104224629,2021-08-16,COSMOFIRST
1039,689,-0.00012078561650251565,1910.0,-0.2307005275198049,2021-08-16,DALBHARAT
1039,1122,-0.00022006667472299844,1275.0,-0.28058501027182303,2021-08-16,GPIL
1039,1202,-0.0012650479410369485,269.9,-0.34143643928587236,2021-08-16,GULPOLY
1039,2667,-0.0006142554772321243,318.95,-0.19591678446318606,2021-08-16,SALASAR
1039,3122,-1.2572218555563405e-05,1484.0,-0.018657172336456092,2021-08-16,TATASTEEL
1039,3266,-0.00047140370430138985,528.0,-0.24890115587113384,2021-08-16,UFLEX
1039,3346,-0.000776872117135891,329.8,-0.2562124242314169,2021-08-16,VEDL
1039,1048,0.0007480961844366948,354.1,0.26490085890903364,2021-08-16,GHCL
1039,1130,0.0001767301747341608,1498.9,0.26490085890903364,2021-08-16,GRASIM
1039,1289,0.000490648006869853,539.9,0.26490085890903364,2021-08-16,HGINFRA
1039,1575,5.696728828074807e-05,745.0,0.04244062976915731,2021-08-16,JSWSTEEL
1039,2204,0.00115224384040467,229.9,0.26490085890903364,2021-08-16,NITINSPIN
1039,2828,0.0029238505398348088,90.6,0.26490085890903364,2021-08-16,SHIVAMILLS
1039,2964,0.0003815091220696099,694.35,0.26490085890903364,2021-08-16,SPLPETRO
1039,3010,0.00018705045820437342,1416.2,0.26490085890903364,2021-08-16,STYRENIX
1039,3123,0.0005247667107565941,97.75,0.05129594597645707,2021-08-16,TATASTLBSL
1100,1048,-4.670545593457001e-05,417.5,-0.01949952785268298,2021-11-15,GHCL
1100,1130,-0.0001767301747341608,1859.05,-0.32855023133954164,2021-11-15,GRASIM
1100,1289,-7.127009186858253e-05,698.25,-0.049764341647237746,2021-11-15,HGINFRA
1100,2204,-1.2825049939156055e-05,257.0,-0.0032960378343631063,2021-11-15,NITINSPIN
1100,2828,-0.0029238505398348088,121.05,-0.3539321078470036,2021-11-15,SHIVAMILLS
1100,2964,-0.0003815091220696099,686.0,-0.2617152577397524,2021-11-15,SPLPETRO
1100,3010,-0.00018705045820437342,1527.0,-0.2856260496780782,2021-11-15,STYRENIX
1100,1301,0.0006183079162787945,473.6,0.2928306291496371,2021-11-15,HINDALCO
1100,1575,7.705804272390961e-05,675.0,0.052014178838638986,2021-11-15,JSWSTEEL
1100,2248,0.0013196513255954803,221.9,0.2928306291496371,2021-11-15,OIL
1100,2266,0.0018717202246700997,156.45,0.2928306291496371,2021-11-15,ONGC
1100,3122,4.690595259102803e-05,1295.0,0.0607432086053813,2021-11-15,TATASTEEL
1100,3346,0.0008900627025824836,329.0,0.2928306291496371,2021-11-15,VEDL
1119,3123,-0.002718717282766141,85.35,-0.23204252008409013,2021-12-13,TATASTLBSL
1164,1048,-0.0007013907285021248,410.0,-0.2875701986858712,2022-02-15,GHCL
1164,1289,-0.00041937791500127046,586.05,-0.24577642708649453,2022-02-15,HGINFRA
1164,1301,-4.8952981249404106e-05,526.45,-0.025771296978748793,2022-02-15,HINDALCO
1164,2204,-8.771034995245217e-05,285.0,-0.02499744973644887,2022-02-15,NITINSPIN
1164,2248,-2.2088963923520832e-05,231.0,-0.005102550666333312,2022-02-15,OIL
1164,2266,-0.00010856195675114301,170.0,-0.01845553264769431,2022-02-15,ONGC
1164,3346,-7.77675656008504e-05,369.0,-0.0286962317067138,2022-02-15,VEDL
1164,710,0.001106439967305488,270.0,0.29873879117248175,2022-02-15,DCMNVL
1164,1575,3.744735147924314e-05,635.85,0.023810898438076752,2022-02-15,JSWSTEEL
1164,1853,0.000579850138145345,515.2,0.29873879117248175,2022-02-15,MAHSEAMLES
1164,2438,0.0009103726685128196,328.15,0.29873879117248175,2022-02-15,PRECOT
1164,3122,2.423315158811608e-05,1196.85,0.029003447478236726,2022-02-15,TATASTEEL
1235,1575,-0.0004712705057750018,554.05,-0.2611074237246397,2022-06-01,JSWSTEEL
1235,1853,-0.00010457663785108065,554.0,-0.057935457369498684,2022-06-01,MAHSEAMLES
1235,2248,-0.00020229813886404576,240.4,-0.0486324725829166,2022-06-01,OIL
1235,2266,-2.174610414235295e-05,151.2,-0.0032880109463237655,2022-06-01,ONGC
1235,2438,-0.0009103726685128196,260.3,-0.23697000561388695,2022-06-01,PRECOT
1235,3122,-0.0002503571895415038,1065.5,-0.26675558545647227,2022-06-01,TATASTEEL
1235,3346,-0.0008122951369816332,320.5,-0.26034059140261345,2022-06-01,VEDL
1235,297,0.0008379125562461244,313.0,0.2622666301050369,2022-06-01,AURIONPRO
1235,710,0.0003275443082639401,183.45,0.06008800335101981,2022-06-01,DCMNVL
1235,1301,5.58439932039224e-05,421.0,0.02351032113885133,2022-06-01,HINDALCO
1235,2204,0.00015548316562157037,218.0,0.033895330105502344,2022-06-01,NITINSPIN
1235,2227,0.001676360690987772,156.45,0.2622666301050369,2022-06-01,NTPC
1235,2409,0.00011077086144702,2367.65,0.2622666301050369,2022-06-01,POLYPLEX
1235,3266,0.00042314719281225707,619.8,0.2622666301050369,2022-06-01,UFLEX
1287,297,-0.0008379125562461244,345.0,-0.28907983190491293,2022-08-16,AURIONPRO
1287,710,-0.001433984275569428,184.95,-0.2652153917665657,2022-08-16,DCMNVL
1287,1301,-0.0006251989282333128,434.0,-0.27133633485325775,2022-08-16,HINDALCO
1287,1853,-0.00012673656232428502,775.0,-0.09822083580132089,2022-08-16,MAHSEAMLES
1287,2204,-0.001207191606134632,201.95,-0.24379234485888893,2022-08-16,NITINSPIN
1287,2248,-0.0010952642228079137,191.0,-0.20919546655631152,2022-08-16,OIL
1287,2266,-0.0017414121637766037,139.5,-0.24292699684683622,2022-08-16,ONGC
1287,3266,-2.754653826226585e-05,682.8,-0.018808776325475122,2022-08-16,UFLEX
1287,619,0.0011989317527543327,224.4,0.2690402853180723,2022-08-16,COALINDIA
1287,841,0.0004617132063121199,582.7,0.2690402853180723,2022-08-16,EIDPARRY
1287,1045,0.0005124576863201377,525.0,0.2690402853180723,2022-08-16,GESHIP
1287,1487,0.0008719503656395148,308.55,0.2690402853180723,2022-08-16,ITC
1287,2227,2.2393327873687944e-05,159.0,0.003560539131916383,2022-08-16,NTPC
1287,2409,9.70257628724325e-06,2241.4,0.021747354490227022,2022-08-16,POLYPLEX
1287,2413,0.001173823234372043,229.2,0.2690402853180723,2022-08-16,POWERGRID
1287,2586,0.0009893005527415787,271.95,0.2690402853180723,2022-08-16,RITES
1348,841,-3.908164179559871e-07,624.9,-0.0002442211795806963,2022-11-15,EIDPARRY
1348,1045,-4.3709131125238446e-05,615.0,-0.026881115642021645,2022-11-15,GESHIP
1348,1487,-4.58137803268252e-05,348.95,-0.015986718645045653,2022-11-15,ITC
1348,2227,-2.562365644205762e-05,172.3,-0.004414956004966528,2022-11-15,NTPC
1348,2409,-0.00012047343773426325,1789.8,-0.21562335885678435,2022-11-15,POLYPLEX
1348,2586,-0.0009893005527415787,367.0,-0.36307330285615935,2022-11-15,RITES
1348,178,0.0006311216310075024,455.0,0.2871603421084136,2022-11-15,ANDHRAPAP
1348,619,3.081308933948522e-05,234.4,0.0072225881411753364,2022-11-15,COALINDIA
1348,1853,1.3571387273607913e-05,796.0,0.0108028242697919,2022-11-15,MAHSEAMLES
1348,2413,0.0001981674735387533,210.0,0.04161516944313819,2022-11-15,POWERGRID
1348,2991,0.0013805785678289116,208.0,0.2871603421084136,2022-11-15,STARPAPER
1348,3266,3.775638610919806e-05,665.0,0.025107996762616713,2022-11-15,UFLEX
1413,178,-1.9070754939697933e-05,431.75,-0.008233798445214583,2023-02-15,ANDHRAPAP
1413,841,-0.0004613223898941639,515.85,-0.23797315482690445,2023-02-15,EIDPARRY
1413,1045,-5.95877280912938e-06,571.0,-0.003402459274012876,2023-02-15,GESHIP
1413,1487,-0.00013392187478937696,381.75,-0.051124675700844655,2023-02-15,ITC
1413,2227,-8.12450266225674e-05,166.0,-0.013486674419346189,2023-02-15,NTPC
1413,2413,-0.0013719907079107964,213.25,-0.2925770184619773,2023-02-15,POWERGRID
1413,3266,-0.0004333570406591893,490.0,-0.21234494992300273,2023-02-15,UFLEX
1413,619,2.255034195917786e-05,211.0,0.004758122153386528,2023-02-15,COALINDIA
1413,1551,0.0006819157564667216,386.0,0.2632194819961545,2023-02-15,JKPAPER
1413,1826,0.00019294786834493074,1364.2,0.2632194819961545,2023-02-15,M&M
1413,1853,8.964479628099551e-05,324.55,0.029094218632997094,2023-02-15,MAHSEAMLES
1413,2847,0.00020357268522517752,1293.0,0.2632194819961545,2023-02-15,SHRIPISTON
1413,2991,0.00015694819379130512,171.8,0.02696369969334622,2023-02-15,STARPAPER
1483,619,-0.0012522951840529958,230.4,-0.28852881040581024,2023-06-01,COALINDIA
1483,1045,-3.870810438199419e-05,690.0,-0.026708592023575988,2023-06-01,GESHIP
1483,1487,-3.759198608795425e-05,447.0,-0.01680361778131555,2023-06-01,ITC
1483,1551,-0.0006819157564667216,331.55,-0.22608916905654156,2023-06-01,JKPAPER
1483,1853,-0.00016367511675460442,450.05,-0.07366198629540972,2023-06-01,MAHSEAMLES
1483,2227,-0.001591885335796835,173.6,-0.27635129429433053,2023-06-01,NTPC
1483,2847,-0.00020357268522517752,1570.75,-0.3197617953174476,2023-06-01,SHRIPISTON
1483,2991,-0.0015375267616202168,180.5,-0.2775235804724491,2023-06-01,STARPAPER
1483,175,0.00033890021239404365,860.0,0.2914541826588775,2023-06-01,ANANDRATHI
1483,178,4.40845573809346e-05,445.85,0.019655099908289692,2023-06-01,ANDHRAPAP
1483,1289,0.0003216933583431319,906.0,0.2914541826588775,2023-06-01,HGINFRA
1483,1426,0.003265593083012633,89.25,0.2914541826588775,2023-06-01,INDRAMEDCO
1483,1826,2.878447834888672e-05,1319.0,0.03796672694218158,2023-06-01,M&M
1483,2129,0.002445085424990583,119.2,0.2914541826588775,2023-06-01,NCC
1483,3507,0.0005802392647001344,502.3,0.2914541826588775,2023-06-01,ZYDUSLIFE
1535,175,-0.00033890021239404365,1433.25,-0.48572872941376305,2023-08-16,ANANDRATHI
1535,178,-0.0006561354334487391,415.45,-0.27259146582627863,2023-08-16,ANDHRAPAP
1535,1045,-0.00042408167800377566,730.0,-0.30957962494275626,2023-08-16,GESHIP
1535,1426,-0.0009768770806805314,158.0,-0.15434657874752397,2023-08-16,INDRAMEDCO
1535,1487,-0.0006546227244353584,451.0,-0.2952348487203466,2023-08-16,ITC
1535,1853,-0.0006501863300135656,479.0,-0.3114392520764979,2023-08-16,MAHSEAMLES
1535,2129,-0.00011207169358108627,155.0,-0.017371112505068374,2023-08-16,NCC
1535,3507,-1.5212501624396876e-05,640.0,-0.009736001039614,2023-08-16,ZYDUSLIFE
1535,444,0.00041400335240277073,870.0,0.3601829165904105,2023-08-16,BHARTIARTL
1535,1289,5.924195771982903e-05,948.7,0.0562028452888018,2023-08-16,HGINFRA
1535,1826,1.0174241864431018e-05,1559.05,0.015862151778741177,2023-08-16,M&M
1535,2427,0.004002032406560117,90.0,0.3601829165904105,2023-08-16,PRAKASH
1535,3201,0.000593675484737779,606.7,0.3601829165904105,2023-08-16,TMPV
1535,3353,0.00026043594836616814,1383.0,0.3601829165904105,2023-08-16,VENUSPIPES
1535,3386,0.00017848509246303791,2018.0,0.3601829165904105,2023-08-16,VINDHYATEL
1596,444,-0.00041400335240277073,948.0,-0.39247517807782667,2023-11-15,BHARTIARTL
1596,1426,-0.0022887160023321016,216.95,-0.4965369367059494,2023-11-15,INDRAMEDCO
1596,1826,-0.00023190658855824848,1549.0,-0.3592233056767269,2023-11-15,M&M
1596,2129,-0.002333013731409497,167.6,-0.3910131013842317,2023-11-15,NCC
1596,2427,-0.001381122047934362,159.5,-0.22028896664553074,2023-11-15,PRAKASH
1596,3353,-0.00026043594836616814,1477.0,-0.38466389573683035,2023-11-15,VENUSPIPES
1596,3386,-0.00017848509246303791,2420.0,-0.43193392376055173,2023-11-15,VINDHYATEL
1596,3507,-0.0005650267630757375,624.0,-0.35257670015926024,2023-11-15,ZYDUSLIFE
1596,175,0.00019770209338119957,2106.05,0.4163704937654754,2023-11-15,ANANDRATHI
1596,257,0.002934252951130905,141.9,0.4163704937654754,2023-11-15,ASHOKA
1596,298,0.00042471616643594164,980.35,0.4163704937654754,2023-11-15,AUROPHARMA
1596,644,0.000475851992874829,875.0,0.4163704937654754,2023-11-15,CONTROLPR
1596,685,0.00024714081837986374,1684.75,0.4163704937654754,2023-11-15,CYIENT
1596,1200,0.0006562699878090873,634.45,0.4163704937654754,2023-11-15,GULFOILLUB
1596,1289,0.00010586194820180094,858.0,0.0908295515571452,2023-11-15,HGINFRA
1596,2248,0.0013019715252203733,319.8,0.4163704937654754,2023-11-15,OIL
1596,3201,3.9553046559486524e-05,660.0,0.026105010729261104,2023-11-15,TMPV
1658,175,-4.497082023773415e-05,3500.0,-0.15739787083206952,2024-02-15,ANANDRATHI
1658,257,-0.002934252951130905,172.6,-0.5064520593651942,2024-02-15,ASHOKA
1658,644,-0.000475851992874829,933.75,-0.4443267983468716,2024-02-15,CONTROLPR
1658,685,-0.00024714081837986374,2119.35,-0.5237778934333642,2024-02-15,CYIENT
1658,1200,-0.0006562699878090873,858.0,-0.5630796495401968,2024-02-15,GULFOILLUB
1658,1289,-0.0004867972642647619,923.0,-0.44931387491637526,2024-02-15,HGINFRA
1658,2248,-0.0013019715252203733,506.85,-0.6599042675579463,2024-02-15,OIL
1658,2427,-0.002620910358625755,182.9,-0.4793645045926506,2024-02-15,PRAKASH
1658,3201,-5.451308688660301e-05,923.7,-0.0503537383571552,2024-02-15,TMPV
1658,298,0.00010996547091696987,998.95,0.10985000717250705,2024-02-15,AUROPHARMA
1658,341,6.556541841630334e-05,8120.6,0.5324305367914329,2024-02-15,BAJAJ-AUTO
1658,595,0.0009759518592089323,545.55,0.5324305367914329,2024-02-15,CHOICEIN
1658,1025,0.004805329754435315,110.8,0.5324305367914329,2024-02-15,GATEWAY
1658,1125,0.0030892401322392396,172.35,0.5324305367914329,2024-02-15,GPTINFRA
1658,1566,0.000927579332389256,574.0,0.5324305367914329,2024-02-15,JSL
1658,2109,0.0010777946088895403,494.0,0.5324305367914329,2024-02-15,NAM-INDIA
1658,2589,0.0007293568997142917,730.0,0.5324305367914329,2024-02-15,RKFORGE
1728,175,-3.843551694561573e-06,4290.0,-0.016488836769669148,2024-06-03,ANANDRATHI
1728,298,-1.4967784614264247e-05,1229.0,-0.018395407290930758,2024-06-03,AUROPHARMA
1728,595,-0.0019519037184178645,369.9,-0.722009185442768,2024-06-03,CHOICEIN
1728,1025,-0.004805329754435315,102.7,-0.49350736578050686,2024-06-03,GATEWAY
1728,1125,-0.0030892401322392396,241.8,-0.7469782639754482,2024-06-03,GPTINFRA
1728,1566,-0.000927579332389256,820.0,-0.7606150525591899,2024-06-03,JSL
1728,2109,-5.4109497877764725e-05,623.95,-0.0337616212008313,2024-06-03,NAM-INDIA
1728,2589,-0.0007293568997142917,700.0,-0.5105498298000042,2024-06-03,RKFORGE
1728,257,0.0031968955101650967,199.0,0.6361822065228543,2024-06-03,ASHOKA
1728,341,3.996834427756797e-06,9180.0,0.036690940046807397,2024-06-03,BAJAJ-AUTO
1728,1758,0.0004990055741806057,1274.9,0.6361822065228543,2024-06-03,LGBBROSLTD
1728,2227,0.0016524213156437774,385.0,0.6361822065228543,2024-06-03,NTPC
1728,2920,0.003855649736502147,165.0,0.6361822065228543,2024-06-03,SMCGLOBAL
1728,3201,8.421679315243936e-05,963.0,0.08110077180579911,2024-06-03,TMPV
1728,3250,5.305940004360753e-05,11990.0,0.6361822065228543,2024-06-03,TVSHLTD
1779,257,-0.0003581515886540575,237.7,-0.08513263262306946,2024-08-16,ASHOKA
1779,298,-0.0005197138527386473,1525.0,-0.7925636254264371,2024-08-16,AUROPHARMA
1779,341,-6.238149463104372e-07,9788.0,-0.0061059006944865594,2024-08-16,BAJAJ-AUTO
1779,1758,-0.0004990055741806057,1293.5,-0.6454637102026135,2024-08-16,LGBBROSLTD
1779,2920,-0.003855649736502147,143.05,-0.5515506948066322,2024-08-16,SMCGLOBAL
1779,3201,-3.3483142280290256e-05,1072.0,-0.03589392852447115,2024-08-16,TMPV
1779,3250,-5.305940004360753e-05,13486.3,-0.7155749868081042,2024-08-16,TVSHLTD
1779,175,3.654674096731985e-05,3636.0,0.13288395015717497,2024-08-16,ANANDRATHI
1779,776,0.006462406045952275,104.0,0.6720902287790367,2024-08-16,DJML
1779,856,0.000725212008393889,926.75,0.6720902287790367,2024-08-16,ELECTHERM
1779,1282,0.0001312676228084056,5120.0,0.6720902287790367,2024-08-16,HEROMOTOCO
1779,2109,2.0927901894523702e-05,645.9,0.013517331833672859,2024-08-16,NAM-INDIA
1779,2227,4.2596493886016716e-05,398.05,0.016955534391328953,2024-08-16,NTPC
1779,2248,0.001010737993501822,664.95,0.6720902287790367,2024-08-16,OIL
1843,175,-1.6804368718738115e-05,3885.0,-0.06528497247229757,2024-11-18,ANANDRATHI
1843,257,-0.0028387439215110393,230.08,-0.6531382014612599,2024-11-18,ASHOKA
1843,776,-0.006462406045952275,122.78,-0.7934542143220203,2024-11-18,DJML
1843,856,-0.000725212008393889,1049.6,-0.7611825240102259,2024-11-18,ELECTHERM
1843,2109,-0.0010446130129062993,672.6,-0.7026067124807769,2024-11-18,NAM-INDIA
1843,2248,-0.001010737993501822,475.45,-0.4805553790104413,2024-11-18,OIL
1843,3201,-0.0006294490952828116,778.0,-0.48971139613002745,2024-11-18,TMPV
1843,341,3.1966147206833066e-07,9459.05,0.0030236938473679428,2024-11-18,BAJAJ-AUTO
1843,444,0.0004158953741917802,1568.95,0.6525190473381935,2024-11-18,BHARTIARTL
1843,961,0.0004348822335553957,1500.45,0.6525190473381935,2024-11-18,FIEMIND
1843,1282,4.236248056155984e-06,4834.15,0.020478658540666446,2024-11-18,HEROMOTOCO
1843,1826,0.00022943707712313417,2844.0,0.6525190473381935,2024-11-18,M&M
1843,2056,0.003919033317346508,166.5,0.6525190473381937,2024-11-18,MOTHERSON
1843,2114,0.0004700976530659512,1388.05,0.6525190473381935,2024-11-18,NATCOPHARM
1843,2227,2.8887520289666612e-05,380.0,0.010977257710073313,2024-11-18,NTPC
1843,3346,0.00146847990849149,444.35,0.6525190473381935,2024-11-18,VEDL
1906,175,-0.00016863009369748558,3649.95,-0.6154914104911374,2025-02-17,ANANDRATHI
1906,341,-6.925809936981803e-05,8494.0,-0.5882782960472344,2025-02-17,BAJAJ-AUTO
1906,444,-7.902443453296703e-05,1711.75,-0.1352700758118063,2025-02-17,BHARTIARTL
1906,961,-1.3977977379502668e-05,1370.0,-0.019149829009918653,2025-02-17,FIEMIND
1906,1282,-0.0001355038708645616,3845.05,-0.5210191586677826,2025-02-17,HEROMOTOCO
1906,1826,-3.335477606186736e-05,2940.8,-0.09808972544273954,2025-02-17,M&M
1906,2056,-0.003919033317346508,126.2,-0.4945820046491293,2025-02-17,MOTHERSON
1906,2114,-0.0004700976530659512,880.0,-0.41368593469803705,2025-02-17,NATCOPHARM
1906,2227,-0.0017239053298194608,297.5,-0.5128618356212896,2025-02-17,NTPC
1906,3346,-7.344221413810065e-05,413.35,-0.030357339213983904,2025-02-17,VEDL
1906,841,0.0007678438609738046,748.0,0.5743472080084058,2025-02-17,EIDPARRY
1906,2145,0.000624256516502805,920.05,0.5743472080084058,2025-02-17,NESCO
1906,2383,0.0006070040245280128,946.2,0.5743472080084058,2025-02-17,PITTIENG
1906,2589,0.0008993849170191133,638.6,0.5743472080084058,2025-02-17,RKFORGE
1906,3077,0.00020152533614330027,2850.0,0.5743472080084058,2025-02-17,SWARAJENG
1906,3136,0.00016841051137942933,3410.4,0.5743472080084058,2025-02-17,TCPLPACK
1974,841,-9.081589694568315e-05,948.7,-0.0861570414323696,2025-06-02,EIDPARRY
1974,961,-2.971330089635184e-05,1641.9,-0.04878626874172009,2025-06-02,FIEMIND
1974,2145,-0.000624256516502805,926.65,-0.5784673010173242,2025-06-02,NESCO
1974,2383,-0.0006070040245280128,989.2,-0.6004483810631103,2025-06-02,PITTIENG
1974,2589,-0.0008993849170191133,600.0,-0.539630950211468,2025-06-02,RKFORGE
1974,3077,-3.725514957719317e-05,3910.0,-0.1456676348468253,2025-06-02,SWARAJENG
1974,3136,-0.00016841051137942933,4078.5,-0.6868622706610025,2025-06-02,TCPLPACK
1974,444,1.1400303465272286e-05,1844.0,0.021022159589962095,2025-06-02,BHARTIARTL
1974,798,0.0005113767960597841,1251.0,0.6397323718707899,2025-06-02,DRREDDY
1974,840,0.0001198000696387247,5340.0,0.6397323718707899,2025-06-02,EICHERMOT
1974,1301,0.0010171434483993798,628.95,0.6397323718707899,2025-06-02,HINDALCO
1974,1822,0.0003273963008550614,1954.0,0.6397323718707899,2025-06-02,LUPIN
1974,1826,1.9606526802264573e-05,2976.8,0.05836470898498119,2025-06-02,M&M
1974,3346,8.524863483648786e-05,433.8,0.03698085779206843,2025-06-02,VEDL
2028,798,-0.0005113767960597841,1270.0,-0.6494485309959258,2025-08-18,DRREDDY
2028,840,-6.400432560137685e-07,5880.0,-0.003763454345360959,2025-08-18,EICHERMOT
2028,841,-7.74036977633886e-05,1168.5,-0.09044622083651958,2025-08-18,EIDPARRY
2028,961,-1.8697092902964754e-05,1881.0,-0.035169231750476704,2025-08-18,FIEMIND
2028,1301,-1.6199226784607964e-05,700.0,-0.011339458749225574,2025-08-18,HINDALCO
2028,1822,-0.0003273963008550614,1975.0,-0.6466076941887462,2025-08-18,LUPIN
2028,1826,-6.536303944026814e-06,3350.0,-0.021896618212489827,2025-08-18,M&M
2028,3077,-0.0001642701865661071,4032.5,-0.6624195273278268,2025-08-18,SWARAJENG
2028,3346,-0.0014802863291898771,440.0,-0.651325984843546,2025-08-18,VEDL
2028,444,2.1872561353775838e-05,1892.5,0.04139382236202077,2025-08-18,BHARTIARTL
2028,1130,0.00024969560026549093,2795.0,0.6978992027420472,2025-08-18,GRASIM
2028,2145,0.0005105334328764061,1367.0,0.6978992027420472,2025-08-18,NESCO
2028,2562,0.0005020857573683793,1390.0,0.6978992027420472,2025-08-18,RELIANCE
2028,2984,0.0033075791599149157,211.0,0.6978992027420472,2025-08-18,SSWL
2089,444,-1.872730518296794e-05,2112.0,-0.03955206854642829,2025-11-17,BHARTIARTL
2089,840,-8.878949635190164e-06,6730.0,-0.05975533104482981,2025-11-17,EICHERMOT
2089,961,-0.00037249386237657645,2254.2,-0.8396756645692786,2025-11-17,FIEMIND
2089,1301,-7.436289014059602e-05,801.0,-0.05956467500261741,2025-11-17,HINDALCO
2089,1826,-9.100867178045034e-06,3710.0,-0.033764217230547074,2025-11-17,M&M
2089,2145,-0.0005105334328764061,1276.0,-0.6514406603502942,2025-11-17,NESCO
2089,2562,-1.409072382849185e-05,1520.9,-0.021430581870753255,2025-11-17,RELIANCE
2089,2984,-0.0033075791599149157,208.0,-0.6879764652623025,2025-11-17,SSWL
2089,841,0.00012116520287584276,1029.0,0.1246789937592422,2025-11-17,EIDPARRY
2089,1130,1.6257805897209145e-05,2790.0,0.04535927845321352,2025-11-17,GRASIM
2089,1282,0.00013226540714374375,5589.0,0.7392313605263838,2025-11-17,HEROMOTOCO
2089,1390,0.0007042981712332163,1049.6,0.7392313605263838,2025-11-17,IMPAL
2089,3346,0.0014028491517722435,526.95,0.7392313605263837,2025-11-17,VEDL
2151,840,-1.5250640315267054e-05,8078.5,-0.12320229778688489,2026-02-16,EICHERMOT
2151,841,-0.0007207894691405756,911.05,-0.6566752458605213,2026-02-16,EIDPARRY
2151,1301,-6.88121910071796e-05,895.0,-0.061586910951425745,2026-02-16,HINDALCO
2151,1390,-0.0007042981712332163,1040.0,-0.7324700980825449,2026-02-16,IMPAL
2151,3346,-0.0014028491517722435,669.0,-0.938506082535631,2026-02-16,VEDL
2151,259,0.003730918533586208,204.95,0.7646517534584932,2026-02-16,ASHOKLEY
2151,444,3.0404142122845165e-05,2010.0,0.06111232566691878,2026-02-16,BHARTIARTL
2151,497,0.0020519301045444607,372.65,0.7646517534584932,2026-02-16,BPCL
2151,1130,1.5329432063221262e-06,2870.0,0.004399547002144502,2026-02-16,GRASIM
2151,1282,5.343847228138712e-06,5578.0,0.029807979838557735,2026-02-16,HEROMOTOCO
2151,1461,0.004347082168609967,175.9,0.7646517534584931,2026-02-16,IOC
2151,1826,1.7052391389361308e-05,3535.0,0.06028020356139222,2026-02-16,M&M
2151,2562,5.239398209941359e-05,1420.1,0.07440469397937724,2026-02-16,RELIANCE
2219,259,-0.003730918533586208,157.03,-0.5858661373290422,2026-06-01,ASHOKLEY
2219,444,-0.00038182064141773853,1830.0,-0.6987317737944615,2026-06-01,BHARTIARTL
2219,497,-0.0020519301045444607,298.75,-0.6130141187326577,2026-06-01,BPCL
2219,840,-9.503043643225372e-05,7177.0,-0.682033442274285,2026-06-01,EICHERMOT
2219,1130,-4.314179484436745e-05,3151.4,-0.13595705227253957,2026-06-01,GRASIM
2219,1301,-0.00023210592884841477,1130.0,-0.26227969959870867,2026-06-01,HINDALCO
2219,1461,-0.004347082168609967,140.5,-0.6107650446897003,2026-06-01,IOC
2219,2562,-0.000540389015639301,1332.5,-0.7200683633393686,2026-06-01,RELIANCE
2219,561,0.002031092927224603,346.7,0.7041799178687699,2026-06-01,CEIGALL
2219,619,0.0015423938623782057,456.55,0.7041799178687699,2026-06-01,COALINDIA
2219,1045,0.0004962857973562407,1418.9,0.7041799178687699,2026-06-01,GESHIP
2219,1282,6.19655819085883e-06,4915.5,0.030459181787166577,2026-06-01,HEROMOTOCO
2219,1822,0.00030812108071618527,2285.4,0.7041799178687699,2026-06-01,LUPIN
2219,1826,1.4640423653066711e-05,3050.0,0.04465329214185347,2026-06-01,M&M
2219,2266,0.002641830492848508,266.55,0.7041799178687699,2026-06-01,ONGC
2219,2616,0.001292073243795908,545.0,0.7041799178687699,2026-06-01,RPTECH
2273,561,-0.002031092927224603,320.0,-0.649949736711873,2026-08-17,CEIGALL
2273,1282,-1.614624139948797e-05,5765.0,-0.09308308166804814,2026-08-17,HEROMOTOCO
2273,1826,-0.00023174447178388755,3428.3,-0.7944895726167017,2026-08-17,M&M
2273,2266,-0.002641830492848508,237.99,-0.6287292389930165,2026-08-17,ONGC
2273,2616,-0.001292073243795908,840.0,-1.0853415247885627,2026-08-17,RPTECH
2273,298,0.00044955271222537545,1630.6,0.7330406525546972,2026-08-17,AUROPHARMA
2273,341,6.26530472268972e-05,11700.0,0.7330406525546972,2026-08-17,BAJAJ-AUTO
2273,619,0.00026435927982909656,407.1,0.10762066281842522,2026-08-17,COALINDIA
2273,1045,7.787738051685084e-05,1281.1,0.09976871218013761,2026-08-17,GESHIP
2273,1128,0.0008624007677114085,850.0,0.7330406525546972,2026-08-17,GRANULES
2273,1130,2.791691555826853e-06,3240.0,0.009045080640879003,2026-08-17,GRASIM
2273,1301,8.643953180681213e-05,1033.0,0.08929203635643693,2026-08-17,HINDALCO
2273,1822,2.1596896205105273e-05,2231.5,0.048193473881692414,2026-08-17,LUPIN
2273,2248,0.001555028961719765,471.4,0.7330406525546972,2026-08-17,OIL
