label,n,buffer_mult,rebalance,sector_cap,cost,delist_haircut,wait_sessions,no_trade_exit,initial_capital,cagr,sharpe_rf0,max_drawdown,ir_vs_universe_ew,seconds,n_neigh,neigh_median_ir
N10_buf2x_quarterly_cap3_c0.002_h1,10,2,quarterly,3.0,0.002,1.0,5,20,500000.0,0.2749846833582303,1.1726382190598703,-0.3355977760809462,0.2726648243576578,0.18,7.0,0.1753643761375912
N10_buf1x_quarterly_capnone_c0.002_h1,10,1,quarterly,0.0,0.002,1.0,5,20,500000.0,0.2705760782581019,1.1476857354983874,-0.3690733697306078,0.2586554046063721,0.22,7.0,0.1264910378522173
N10_buf3x_quarterly_capnone_c0.002_h1,10,3,quarterly,0.0,0.002,1.0,5,20,500000.0,0.2249895562247956,0.9966640538162136,-0.3370024156348139,0.0017697234547575,0.18,7.0,0.1201999161793169
N10_buf3x_quarterly_cap3_c0.002_h1,10,3,quarterly,3.0,0.002,1.0,5,20,500000.0,0.2198310243162573,1.0003674561165306,-0.3370024156348139,-0.0386149737034836,0.18,7.0,0.0885846173415195
N25_buf3x_quarterly_cap3_c0.002_h1,25,3,quarterly,3.0,0.002,1.0,5,20,500000.0,0.2593348896593574,1.1709749882032294,-0.3245655701021869,0.2401160581384801,0.29,7.0,0.0885846173415195
N15_buf3x_quarterly_capnone_c0.002_h1,15,3,quarterly,0.0,0.002,1.0,5,20,500000.0,0.2469746116520685,1.1214929301747056,-0.3255310877346328,0.1201999161793169,0.23,7.0,0.0885846173415195
N25_buf3x_quarterly_capnone_c0.002_h1,25,3,quarterly,0.0,0.002,1.0,5,20,500000.0,0.2686269554447067,1.201454826102862,-0.3229838460867973,0.3023700802940047,0.31,7.0,0.0682784407335223
N25_buf2x_quarterly_capnone_c0.002_h1,25,2,quarterly,0.0,0.002,1.0,5,20,500000.0,0.237352665931825,1.0905632589642191,-0.3230042840187203,0.0682784407335223,0.26,7.0,0.0682784407335223
N25_buf1x_quarterly_capnone_c0.002_h1,25,1,quarterly,0.0,0.002,1.0,5,20,500000.0,0.2048264395356109,0.9540042455206222,-0.3519807570429552,-0.1716506992532334,0.31,7.0,0.0682784407335223
N25_buf2x_quarterly_cap3_c0.002_h1,25,2,quarterly,3.0,0.002,1.0,5,20,500000.0,0.2514205152452886,1.1473977245475298,-0.3274402070413226,0.1753643761375912,0.23,7.0,0.0682784407335223
N15_buf2x_quarterly_capnone_c0.002_h1,15,2,quarterly,0.0,0.002,1.0,5,20,500000.0,0.2250032546050409,1.0292804179487858,-0.3520579522201791,-0.0138878183078987,0.2,7.0,0.0682784407335223
N10_buf2x_quarterly_capnone_c0.002_h1,10,2,quarterly,0.0,0.002,1.0,5,20,500000.0,0.2712754519612419,1.138628179830263,-0.3355977760809462,0.2461660133867031,0.17,7.0,0.0682784407335223
N15_buf3x_quarterly_cap3_c0.002_h1,15,3,quarterly,3.0,0.002,1.0,5,20,500000.0,0.242653482988707,1.1248477050980998,-0.3259490213593052,0.0885846173415195,0.2,7.0,0.0502339086905278
N15_buf1x_quarterly_capnone_c0.002_h1,15,1,quarterly,0.0,0.002,1.0,5,20,500000.0,0.2465482169770476,1.0957457595583668,-0.3688421606595167,0.1264910378522173,0.24,7.0,0.0502339086905278
N10_buf1x_quarterly_cap3_c0.002_h1,10,1,quarterly,3.0,0.002,1.0,5,20,500000.0,0.2850831541497596,1.2124908677676105,-0.369083557291741,0.344040162202211,0.32,7.0,0.0502339086905278
N25_buf1x_quarterly_cap3_c0.002_h1,25,1,quarterly,3.0,0.002,1.0,5,20,500000.0,0.2023707131984267,0.9529196453744329,-0.3583465208339483,-0.1990212970696334,0.2,7.0,0.0502339086905278
N15_buf1x_quarterly_cap3_c0.002_h1,15,1,quarterly,3.0,0.002,1.0,5,20,500000.0,0.2344978590198365,1.0573041567280803,-0.3688395168611392,0.0502339086905278,0.2,7.0,0.0502339086905278
N15_buf2x_quarterly_cap3_c0.002_h1,15,2,quarterly,3.0,0.002,1.0,5,20,500000.0,0.2226781816015217,1.0269819263752753,-0.3512252411341865,-0.0326027676485811,0.2,7.0,0.0502339086905278
N25_buf3x_half_capnone_c0.002_h1,25,3,half,0.0,0.002,1.0,5,20,500000.0,0.2008324497932716,0.9650437111006992,-0.3127091764129954,-0.28970145934529,0.26,7.0,-0.2915924623974517
N10_buf1x_half_capnone_c0.002_h1,10,1,half,0.0,0.002,1.0,5,20,500000.0,0.1828264367654644,0.8574770482182331,-0.3297489298299273,-0.2899567115542235,0.17,7.0,-0.2915924623974517
N10_buf3x_half_cap3_c0.002_h1,10,3,half,3.0,0.002,1.0,5,20,500000.0,0.1580988022057434,0.7631685799873713,-0.3252518119054139,-0.4415368082714303,0.19,7.0,-0.2915924623974517
N10_buf3x_half_capnone_c0.002_h1,10,3,half,0.0,0.002,1.0,5,20,500000.0,0.1774767516633362,0.8143052341221799,-0.3280283129820022,-0.2915924623974517,0.18,7.0,-0.2915924623974517
N10_buf2x_half_capnone_c0.002_h1,10,2,half,0.0,0.002,1.0,5,20,500000.0,0.17897259099967,0.826532526451929,-0.3161059292697254,-0.2924587651943419,0.19,7.0,-0.2924587651943419
N25_buf1x_half_capnone_c0.002_h1,25,1,half,0.0,0.002,1.0,5,20,500000.0,0.1455494271816722,0.7511588350197099,-0.3159075994666724,-0.7321892129514622,0.23,7.0,-0.3369850482919224
N25_buf2x_half_capnone_c0.002_h1,25,2,half,0.0,0.002,1.0,5,20,500000.0,0.1931675909940926,0.9386238957025428,-0.2981065083803614,-0.3369850482919224,0.24,7.0,-0.3369850482919224
N10_buf1x_half_cap3_c0.002_h1,10,1,half,3.0,0.002,1.0,5,20,500000.0,0.1965860816606583,0.9307184096991516,-0.3297489298299273,-0.2377344918287983,0.33,7.0,-0.3540872210991564
N10_buf2x_half_cap3_c0.002_h1,10,2,half,3.0,0.002,1.0,5,20,500000.0,0.1743569913907567,0.8323778369209884,-0.3161059292697254,-0.3540872210991564,0.19,7.0,-0.3540872210991564
N25_buf2x_half_cap3_c0.002_h1,25,2,half,3.0,0.002,1.0,5,20,500000.0,0.1875337778490238,0.9226780601254244,-0.3273923900751119,-0.4139107363876632,0.19,7.0,-0.3540872210991564
N15_buf3x_half_capnone_c0.002_h1,15,3,half,0.0,0.002,1.0,5,20,500000.0,0.1784156490042172,0.8589769687310255,-0.3134916059535744,-0.3717519607476327,0.18,7.0,-0.3717519607476327
N15_buf2x_half_capnone_c0.002_h1,15,2,half,0.0,0.002,1.0,5,20,500000.0,0.1771399553053545,0.8535729387047695,-0.3171801066469851,-0.3738044336733789,0.21,7.0,-0.3717519607476327
N15_buf1x_half_capnone_c0.002_h1,15,1,half,0.0,0.002,1.0,5,20,500000.0,0.1695380558365258,0.8265484376614041,-0.3275868215564143,-0.4296056305632322,0.19,7.0,-0.3738044336733789
N15_buf2x_half_cap3_c0.002_h1,15,2,half,3.0,0.002,1.0,5,20,500000.0,0.1578783963355918,0.7946978152273835,-0.3171801066469851,-0.5373484476264675,0.18,7.0,-0.4139107363876632
N25_buf3x_half_cap3_c0.002_h1,25,3,half,3.0,0.002,1.0,5,20,500000.0,0.2140126319740636,1.0187367545414232,-0.3239403739974236,-0.1995930318401889,0.29,7.0,-0.4139107363876632
N25_buf1x_half_cap3_c0.002_h1,25,1,half,3.0,0.002,1.0,5,20,500000.0,0.1448687223478877,0.7501056235493403,-0.3406739586560253,-0.7774830246646269,0.26,7.0,-0.4139107363876632
N15_buf3x_half_cap3_c0.002_h1,15,3,half,3.0,0.002,1.0,5,20,500000.0,0.1599298171490355,0.8031739566994308,-0.3134916059535744,-0.5399856007522543,0.2,7.0,-0.4278903041601573
N15_buf1x_half_cap3_c0.002_h1,15,1,half,3.0,0.002,1.0,5,20,500000.0,0.1745752725825873,0.8605164944583832,-0.3275868215564143,-0.4278903041601573,0.17,7.0,-0.4296056305632322
