D,symbol,cid,status,rank,sector
2019-02-15,NTPC,NTPC,new,1,Power
2019-02-15,POWERGRID,POWERGRID,new,2,Power
2019-02-15,ITC,ITC,new,3,Cigarettes
2019-02-15,RATNAMANI,RATNAMANI,new,4,Steel And Steel Products
2019-02-15,SKFINDIA,SKFINDIA,new,5,Bearings
2019-02-15,COLPAL,COLPAL,new,6,Personal Care
2019-02-15,LT,LT,new,7,Engineering
2019-02-15,BRITANNIA,BRITANNIA,new,8,Food And Food Processing
2019-02-15,AARTIIND,AARTIIND,new,9,Chemicals - Speciality
2019-02-15,MGL,MGL,new,10,
2019-06-03,MGL,MGL,kept,2,
2019-06-03,POWERGRID,POWERGRID,kept,3,Power
2019-06-03,ITC,ITC,kept,4,Cigarettes
2019-06-03,NTPC,NTPC,kept,7,Power
2019-06-03,MAHSEAMLES,MAHSEAMLES,new,1,Steel And Steel Products
2019-06-03,PIIND,PIIND,new,5,Pesticides And Agrochemicals
2019-06-03,TRIDENT,TRIDENT,new,6,Textile Products
2019-06-03,TATASTEEL,TATASTEEL,new,8,Steel And Steel Products
2019-06-03,RELIANCE,RELIANCE,new,9,Refineries
2019-06-03,JBCHEPHARM,JBCHEPHARM,new,10,Pharmaceuticals
2019-08-16,POWERGRID,POWERGRID,kept,2,Power
2019-08-16,NTPC,NTPC,kept,5,Power
2019-08-16,PIIND,PIIND,kept,7,Pesticides And Agrochemicals
2019-08-16,JBCHEPHARM,JBCHEPHARM,kept,8,Pharmaceuticals
2019-08-16,MGL,MGL,kept,11,
2019-08-16,NMDC,NMDC,new,1,Mining
2019-08-16,PSPPROJECT,PSPPROJECT,new,3,
2019-08-16,KNRCON,KNRCON,new,4,Construction
2019-08-16,NHPC,NHPC,new,6,Power
2019-08-16,GSPL,GSPL,new,9,Gas
2019-11-15,PSPPROJECT,PSPPROJECT,kept,1,
2019-11-15,MGL,MGL,kept,5,
2019-11-15,POWERGRID,POWERGRID,kept,9,Power
2019-11-15,KNRCON,KNRCON,kept,10,Construction
2019-11-15,PIIND,PIIND,kept,11,Pesticides And Agrochemicals
2019-11-15,ADANITRANS,ADANIENSOL,new,2,
2019-11-15,DRREDDY,DRREDDY,new,3,Pharmaceuticals
2019-11-15,IGL,IGL,new,4,Gas
2019-11-15,TORNTPOWER,TORNTPOWER,new,6,Power
2019-11-15,GUJGASLTD,GUJENERGY,new,7,
2020-02-17,PSPPROJECT,PSPPROJECT,kept,1,
2020-02-17,POWERGRID,POWERGRID,kept,8,Power
2020-02-17,IGL,IGL,kept,9,Gas
2020-02-17,TORNTPOWER,TORNTPOWER,kept,12,Power
2020-02-17,PIIND,PIIND,kept,17,Pesticides And Agrochemicals
2020-02-17,ADANITRANS,ADANIENSOL,kept,19,
2020-02-17,HCLTECH,HCLTECH,new,2,Computers - Software
2020-02-17,COCHINSHIP,COCHINSHIP,new,3,
2020-02-17,GSPL,GSPL,new,4,Gas
2020-02-17,INDRAMEDCO,INDRAMEDCO,new,5,Miscellaneous
2020-06-01,TORNTPOWER,TORNTPOWER,kept,1,Power
2020-06-01,POWERGRID,POWERGRID,kept,2,Power
2020-06-01,IGL,IGL,kept,4,Gas
2020-06-01,PSPPROJECT,PSPPROJECT,kept,5,
2020-06-01,GSPL,GSPL,kept,7,Gas
2020-06-01,PIIND,PIIND,kept,17,Pesticides And Agrochemicals
2020-06-01,SANOFI,SANOFI,new,3,Pharmaceuticals
2020-06-01,ALKEM,ALKEM,new,6,
2020-06-01,COROMANDEL,COROMANDEL,new,8,Fertilisers
2020-06-01,MPHASIS,MPHASIS,new,9,Computers - Software
2020-08-17,COROMANDEL,COROMANDEL,kept,1,Fertilisers
2020-08-17,TORNTPOWER,TORNTPOWER,kept,4,Power
2020-08-17,PIIND,PIIND,kept,9,Pesticides And Agrochemicals
2020-08-17,POWERGRID,POWERGRID,kept,15,Power
2020-08-17,ALKEM,ALKEM,kept,17,
2020-08-17,HCLTECH,HCLTECH,new,2,Computers - Software
2020-08-17,POLYPLEX,POLYPLEX,new,3,Packaging
2020-08-17,CHAMBLFERT,CHAMBLFERT,new,5,Fertilisers
2020-08-17,CADILAHC,ZYDUSLIFE,new,6,
2020-08-17,LTI,LTM,new,7,
2020-11-17,CADILAHC,ZYDUSLIFE,kept,3,
2020-11-17,PIIND,PIIND,kept,11,Pesticides And Agrochemicals
2020-11-17,HCLTECH,HCLTECH,kept,13,Computers - Software
2020-11-17,LTI,LTM,kept,19,
2020-11-17,UFLEX,UFLEX,new,1,Packaging
2020-11-17,JKCEMENT,JKCEMENT,new,2,Cement And Cement Products
2020-11-17,EVEREADY,EVEREADY,new,4,Electrical Equipment
2020-11-17,KELLTONTEC,KELLTONTEC,new,5,
2020-11-17,JINDALPOLY,JINDALPOLY,new,6,Packaging
2020-11-17,INDSWFTLAB,INDSWFTLAB,new,7,Pharmaceuticals
2021-02-15,UFLEX,UFLEX,kept,1,Packaging
2021-02-15,INDSWFTLAB,INDSWFTLAB,kept,3,Pharmaceuticals
2021-02-15,EVEREADY,EVEREADY,kept,6,Electrical Equipment
2021-02-15,JINDALPOLY,JINDALPOLY,kept,11,Packaging
2021-02-15,HCLTECH,HCLTECH,kept,12,Computers - Software
2021-02-15,JKCEMENT,JKCEMENT,kept,15,Cement And Cement Products
2021-02-15,GPIL,GPIL,new,2,Steel And Steel Products
2021-02-15,STEELXIND,STEELXIND,new,4,
2021-02-15,KNRCON,KNRCON,new,5,Construction
2021-02-15,TATASTLBSL,TATASTLBSL,new,7,
2021-06-01,TATASTLBSL,TATASTLBSL,kept,1,
2021-06-01,GPIL,GPIL,kept,2,Steel And Steel Products
2021-06-01,UFLEX,UFLEX,kept,12,Packaging
2021-06-01,VEDL,VEDL,new,3,
2021-06-01,JSWSTEEL,JSWSTEEL,new,4,Steel And Steel Products
2021-06-01,TATASTEEL,TATASTEEL,new,5,Steel And Steel Products
2021-06-01,COSMOFILMS,COSMOFIRST,new,7,
2021-06-01,SALASAR,SALASAR,new,10,
2021-06-01,GULPOLY,GULPOLY,new,11,
2021-06-01,DALBHARAT,DALBHARAT,new,13,
2021-08-16,TATASTEEL,TATASTEEL,kept,1,Steel And Steel Products
2021-08-16,TATASTLBSL,TATASTLBSL,kept,2,
2021-08-16,JSWSTEEL,JSWSTEEL,kept,4,Steel And Steel Products
2021-08-16,INEOSSTYRO,STYRENIX,new,3,
2021-08-16,GRASIM,GRASIM,new,5,Cement And Cement Products
2021-08-16,HGINFRA,HGINFRA,new,6,
2021-08-16,SHIVAMILLS,SHIVAMILLS,new,7,
2021-08-16,SUPPETRO,SUPPETRO,new,8,Petrochemicals
2021-08-16,NITINSPIN,NITINSPIN,new,9,Textiles - Cotton
2021-08-16,GHCL,GHCL,new,10,Chemicals - Inorganic
2021-11-15,TATASTLBSL,TATASTLBSL,kept,3,
2021-11-15,TATASTEEL,TATASTEEL,kept,4,Steel And Steel Products
2021-11-15,NITINSPIN,NITINSPIN,kept,8,Textiles - Cotton
2021-11-15,HGINFRA,HGINFRA,kept,11,
2021-11-15,JSWSTEEL,JSWSTEEL,kept,12,Steel And Steel Products
2021-11-15,GHCL,GHCL,kept,16,Chemicals - Inorganic
2021-11-15,OIL,OIL,new,1,Oil Exploration/Production
2021-11-15,VEDL,VEDL,new,2,
2021-11-15,ONGC,ONGC,new,5,Oil Exploration/Production
2021-11-15,HINDALCO,HINDALCO,new,6,Aluminium
2022-02-15,NITINSPIN,NITINSPIN,kept,2,Textiles - Cotton
2022-02-15,OIL,OIL,kept,6,Oil Exploration/Production
2022-02-15,ONGC,ONGC,kept,8,Oil Exploration/Production
2022-02-15,TATASTEEL,TATASTEEL,kept,9,Steel And Steel Products
2022-02-15,VEDL,VEDL,kept,12,
2022-02-15,JSWSTEEL,JSWSTEEL,kept,13,Steel And Steel Products
2022-02-15,HINDALCO,HINDALCO,kept,17,Aluminium
2022-02-15,MAHSEAMLES,MAHSEAMLES,new,1,Steel And Steel Products
2022-02-15,DCMNVL,DCMNVL,new,3,
2022-02-15,PRECOT,PRECOT,new,4,Textiles - Cotton
2022-06-01,ONGC,ONGC,kept,3,Oil Exploration/Production
2022-06-01,NITINSPIN,NITINSPIN,kept,6,Textiles - Cotton
2022-06-01,OIL,OIL,kept,8,Oil Exploration/Production
2022-06-01,MAHSEAMLES,MAHSEAMLES,kept,10,Steel And Steel Products
2022-06-01,HINDALCO,HINDALCO,kept,15,Aluminium
2022-06-01,DCMNVL,DCMNVL,kept,18,
2022-06-01,POLYPLEX,POLYPLEX,new,1,Packaging
2022-06-01,UFLEX,UFLEX,new,2,Packaging
2022-06-01,NTPC,NTPC,new,4,Power
2022-06-01,AURIONPRO,AURIONPRO,new,5,Computers - Software
2022-08-16,NTPC,NTPC,kept,1,Power
2022-08-16,MAHSEAMLES,MAHSEAMLES,kept,5,Steel And Steel Products
2022-08-16,UFLEX,UFLEX,kept,12,Packaging
2022-08-16,POLYPLEX,POLYPLEX,kept,20,Packaging
2022-08-16,ITC,ITC,new,2,Cigarettes
2022-08-16,RITES,RITES,new,3,
2022-08-16,POWERGRID,POWERGRID,new,4,Power
2022-08-16,GESHIP,GESHIP,new,6,Shipping
2022-08-16,COALINDIA,COALINDIA,new,7,Mining
2022-08-16,EIDPARRY,EIDPARRY,new,8,Sugar
2022-11-15,MAHSEAMLES,MAHSEAMLES,kept,1,Steel And Steel Products
2022-11-15,GESHIP,GESHIP,kept,3,Shipping
2022-11-15,ITC,ITC,kept,4,Cigarettes
2022-11-15,COALINDIA,COALINDIA,kept,5,Mining
2022-11-15,NTPC,NTPC,kept,6,Power
2022-11-15,UFLEX,UFLEX,kept,10,Packaging
2022-11-15,EIDPARRY,EIDPARRY,kept,16,Sugar
2022-11-15,POWERGRID,POWERGRID,kept,17,Power
2022-11-15,ANDHRAPAP,ANDHRAPAP,new,2,
2022-11-15,STARPAPER,STARPAPER,new,7,Paper And Paper Products
