date,mark,strategy,universe_ew
2019-02-15,open,1.0,1.0
2019-02-15,close,0.9983891182981057,0.9893455089645564
2019-02-18,close,0.9957347903010221,0.9784694877773968
2019-02-19,close,0.9912398718556068,0.9824308753713988
2019-02-20,close,0.9966079695739027,0.9928847638364231
2019-02-21,close,1.0049451894416146,1.0060251662578643
2019-02-22,close,1.0094442420607,1.0164769436601382
2019-02-25,close,1.0130126100313053,1.0261163448958086
2019-02-26,close,1.0116228859062233,1.0205921643943385
2019-02-27,close,1.0146556808447476,1.0228355807395284
2019-02-28,close,1.015046946197468,1.031363555187401
2019-03-01,close,1.0217955012910087,1.0562186393993558
2019-03-05,close,1.0298363881620636,1.0907714364046062
2019-03-06,close,1.038135173595533,1.1000423419279908
2019-03-07,close,1.0403091589328877,1.0989698845137428
2019-03-08,close,1.0424591935399545,1.0982324647718265
2019-03-11,close,1.0517950346626281,1.1194530357328623
2019-03-12,close,1.0613196453099918,1.13242910610601
2019-03-13,close,1.0562788164837102,1.1277278679071712
2019-03-14,close,1.059042865790977,1.1266274795649494
2019-03-15,close,1.0631726370674923,1.1209066742139695
2019-03-18,close,1.068641809633437,1.1194738886918192
2019-03-19,close,1.0783095533492282,1.123413616037256
2019-03-20,close,1.0746545308353215,1.1153677653755687
2019-03-22,close,1.0773387067161646,1.1084115831413646
2019-03-25,close,1.0721177849734542,1.094582854372965
2019-03-26,close,1.0872678182938758,1.1029626868087883
2019-03-27,close,1.0907964473112286,1.1099119098214636
2019-03-28,close,1.0944678966105714,1.1162467394595503
2019-03-29,close,1.1009383075945725,1.126861910951154
2019-04-01,close,1.0943609406082244,1.1394229465136427
2019-04-02,close,1.0946134435082584,1.1384172182068077
2019-04-03,close,1.090951360750807,1.1293005921782997
2019-04-04,close,1.0910896818451743,1.1245755673214566
2019-04-05,close,1.0909797769851097,1.1310811203037188
2019-04-08,close,1.0931799345283022,1.1287403496319806
2019-04-09,close,1.0947987359859634,1.1272394564079207
2019-04-10,close,1.0929419617467209,1.1268177005586675
2019-04-11,close,1.0951278659154475,1.1264723059244806
2019-04-12,close,1.0964902030236574,1.1313244718640005
2019-04-15,close,1.0961652597658789,1.1385009010666205
2019-04-16,close,1.100155548166774,1.1403191832069406
2019-04-18,close,1.0907453545677492,1.1287746417454136
2019-04-22,close,1.0834812186932807,1.1140665845784234
2019-04-23,close,1.0768921027157448,1.1099220057339465
2019-04-24,close,1.0750014936488999,1.1129394444929357
2019-04-25,close,1.0737334480347183,1.10965166049017
2019-04-26,close,1.07763022358303,1.1068929517093167
2019-04-30,close,1.0696807529474548,1.0969025025815982
2019-05-02,close,1.0643885857206374,1.0929395093675733
2019-05-03,close,1.0594326285850688,1.0896770599247871
2019-05-06,close,1.0536563347355365,1.0791967731629712
2019-05-07,close,1.053265510424868,1.0694866508533312
2019-05-08,close,1.0416279251651706,1.0553816638078493
2019-05-09,close,1.038467616428807,1.0522774253183715
2019-05-10,close,1.0290439308614858,1.0539401657618104
2019-05-13,close,1.0082644341938474,1.0334818790943803
2019-05-14,close,1.0135488916748676,1.036385273118729
2019-05-15,close,1.0057857912946389,1.0293480249271312
2019-05-16,close,1.0109932749603883,1.0291326401336773
2019-05-17,close,1.0242074229656875,1.0362879442112216
2019-05-20,close,1.0532036735206654,1.0729630939096133
2019-05-21,close,1.0519763674870461,1.06219749311218
2019-05-22,close,1.0516348553229922,1.0657151014469857
2019-05-23,close,1.0581144033917416,1.0666748190266209
2019-05-24,close,1.0738811394582248,1.0935714786873008
2019-05-27,close,1.0971322154437748,1.1188765271952865
2019-05-28,close,1.0965448877461574,1.1246801951437104
2019-05-29,close,1.087818064748194,1.1199983612737403
2019-05-30,close,1.0959715116049291,1.120978134891619
2019-05-31,close,1.0890768745350496,1.1138449134617838
2019-06-03,close,1.0875407087606261,1.112801932660175
2019-06-04,close,1.0914454311885728,1.1092752862419726
2019-06-06,close,1.0825699086261602,1.0916004447731626
2019-06-07,close,1.071523833944408,1.0862020516868383
2019-06-10,close,1.072938719668972,1.0777069602918847
2019-06-11,close,1.0766909751769471,1.077881721327131
2019-06-12,close,1.0765778689746794,1.0725900440037182
2019-06-13,close,1.0821405390600174,1.0665092685560327
2019-06-14,close,1.0798249548673127,1.0578644874767835
2019-06-17,close,1.0663481579555665,1.039528589155388
2019-06-18,close,1.066204525007276,1.0337539238200257
2019-06-19,close,1.0782240528635398,1.0188263339007495
2019-06-20,close,1.078270355378158,1.0299310266978008
2019-06-21,close,1.0780998910718589,1.0310438215101843
2019-06-24,close,1.0657390497406414,1.028547722026918
2019-06-25,close,1.0725051197439077,1.0294940964224046
2019-06-26,close,1.0854441656614724,1.0382106943336349
2019-06-27,close,1.0847964102853471,1.0437564963918575
2019-06-28,close,1.0776548097214873,1.0424427851173985
2019-07-01,close,1.0830155188443003,1.045826213249642
2019-07-02,close,1.0831199694255715,1.0453818929340408
2019-07-03,close,1.0819239077691791,1.0485176911669178
2019-07-04,close,1.0856238832085436,1.0495034818141344
2019-07-05,close,1.0663875619404344,1.0329036020993856
2019-07-08,close,1.0435451449044344,1.0078046685180573
2019-07-09,close,1.0491291045130546,1.00893288810174
2019-07-10,close,1.0408265661599387,1.0023754029015315
2019-07-11,close,1.0492011162963029,1.0054317139978353
2019-07-12,close,1.054006129264435,1.0067312551456638
2019-07-15,close,1.047002628560987,0.9988084180515676
2019-07-16,close,1.0575679788448893,0.9992214911719275
2019-07-17,close,1.0601630822769896,0.9984721298703538
2019-07-18,close,1.0472878768515672,0.9851235539774224
2019-07-19,close,1.0286664311753284,0.9651465191470041
2019-07-22,close,1.0229326781292158,0.9534285742592514
2019-07-23,close,1.03753820106067,0.9567451779511189
2019-07-24,close,1.0308505820183305,0.9456836224251123
2019-07-25,close,1.0256528784971783,0.9434766613371063
2019-07-26,close,1.02596068991711,0.9470040660472308
2019-07-29,close,1.0181748550051737,0.9352621118081571
2019-07-30,close,1.0115063304415937,0.9128895034379549
2019-07-31,close,1.0173505318865974,0.9152383031887917
2019-08-01,close,1.0174014712889612,0.9039466211548687
2019-08-02,close,1.003916490867998,0.900227807126842
2019-08-05,close,0.9915088148918142,0.8840649267988776
2019-08-06,close,0.9915641180047043,0.8969651781707825
2019-08-07,close,0.9857243824885322,0.8963468180774585
2019-08-08,close,0.9992456061525256,0.9008683065587614
2019-08-09,close,0.9916808888565277,0.9134250048543178
2019-08-13,close,0.9892306126703924,0.8996863639310266
2019-08-14,close,1.0036530679544977,0.9032492056010718
2019-08-16,close,1.0007528575972893,0.9016613738711358
2019-08-19,close,1.0025785907311724,0.9027584138131493
2019-08-20,close,0.9960431193709436,0.8963546434243631
2019-08-21,close,0.9907479620650669,0.8790148204999501
2019-08-22,close,0.9756752988531685,0.8569482715484275
2019-08-23,close,0.9736083665282963,0.8641132295439166
2019-08-26,close,0.9787960518441942,0.8797899075197878
2019-08-27,close,0.9852199786813959,0.8987142438839393
2019-08-28,close,0.9738918715367583,0.8911829548924801
2019-08-29,close,0.9720208434275263,0.886527435963592
2019-08-30,close,0.977233245152307,0.8916830135431006
2019-09-03,close,0.967393070803502,0.8792232479211012
2019-09-04,close,0.9734696308560098,0.8824518818711323
2019-09-05,close,0.9889496249903346,0.8907300437128242
2019-09-06,close,1.0028251033111717,0.9036253696867989
2019-09-09,close,1.0046630429538883,0.916820327970334
2019-09-11,close,1.0051789809960299,0.9394433694838578
2019-09-12,close,1.0062776034463379,0.9416299295298415
2019-09-13,close,1.0200988362614092,0.9490419425557609
2019-09-16,close,1.0107516182918481,0.9573157674827832
2019-09-17,close,1.00013421673923,0.9360676040133381
2019-09-18,close,1.0078756467275238,0.9385677855992347
2019-09-19,close,0.992848020055378,0.9241013276718218
2019-09-20,close,1.0125440379324209,0.9565360975361938
2019-09-23,close,1.0144663968579228,0.9820485539687283
2019-09-24,close,1.0133078843302663,0.9815309947480986
2019-09-25,close,1.0105330810473274,0.967878788051713
2019-09-26,close,1.0203288453760682,0.9752662993617188
2019-09-27,close,1.0245414908539232,0.9680040632711754
2019-09-30,close,1.0190114294909538,0.9529471971423414
2019-10-01,close,1.0088405099769033,0.9349759975938101
2019-10-03,close,1.0055567256070574,0.9279106276555226
2019-10-04,close,1.0033876580312147,0.9183522590526195
2019-10-07,close,1.0009919413583679,0.9081781562293764
2019-10-09,close,1.012410711705141,0.9150562026229614
2019-10-10,close,1.009758050907043,0.9079985076985099
2019-10-11,close,1.0207781681490187,0.9089186460753934
2019-10-14,close,1.0297706821802923,0.9118870770569566
2019-10-15,close,1.0354893549304414,0.9144181954908174
2019-10-16,close,1.0354545882310937,0.9166125137141695
2019-10-17,close,1.0370665653414546,0.9262779386084389
2019-10-18,close,1.0462622406047173,0.9423800431604091
2019-10-22,close,1.0432190859371624,0.9467978258569352
2019-10-23,close,1.047045466440124,0.946471300512167
2019-10-24,close,1.0385615672921822,0.9426963063423113
2019-10-25,close,1.0405236225403414,0.938320223101548
2019-10-29,close,1.0527212854858354,0.9573092067639939
2019-10-30,close,1.0483845276617896,0.9629675340812734
2019-10-31,close,1.0605866684398895,0.9716861823680387
2019-11-01,close,1.0554485830228906,0.9760746927024919
2019-11-04,close,1.0716601446604868,0.980551663794126
2019-11-05,close,1.0620224359474475,0.9722245069559967
2019-11-06,close,1.062650509225007,0.9709049915840847
2019-11-07,close,1.0593010063048454,0.974390086148026
2019-11-08,close,1.0508644360650987,0.9697871923941208
2019-11-11,close,1.0547914143688912,0.969752619041969
2019-11-13,close,1.0519199094973815,0.9587279728323733
2019-11-14,close,1.061406979994566,0.9554650946251914
2019-11-15,close,1.051914559891975,0.9527498378936462
2019-11-18,close,1.0549068997426505,0.9541473291145897
2019-11-19,close,1.0565853759387536,0.9537877252113292
2019-11-20,close,1.0604198364197557,0.9552601813456351
2019-11-21,close,1.0636161289783552,0.9518158160648523
2019-11-22,close,1.0491988647135533,0.9514535944434316
2019-11-25,close,1.0479741831353846,0.9600325253536841
2019-11-26,close,1.059188005248053,0.955749483843333
2019-11-27,close,1.0657429360770019,0.9588377150009337
2019-11-28,close,1.0693922025719016,0.960591931669839
2019-11-29,close,1.0776804735700178,0.9617353094115093
2019-12-02,close,1.0886997115660408,0.9572901352055457
2019-12-03,close,1.0737029429310878,0.9479860142961904
2019-12-04,close,1.0803676142544751,0.9511889746318902
2019-12-05,close,1.0760262831263918,0.9511076068581678
2019-12-06,close,1.0699577332860475,0.9422076811758915
2019-12-09,close,1.0864239882830864,0.9398007732593457
2019-12-10,close,1.0802715264489127,0.9271423820825327
2019-12-11,close,1.082587043889979,0.9237505821161505
2019-12-12,close,1.0911939673872086,0.9303790280509899
2019-12-13,close,1.0944565399980037,0.9388020441433312
2019-12-16,close,1.092003817239671,0.937386568360246
2019-12-17,close,1.1005558641369335,0.9453525279669045
2019-12-18,close,1.0982741874020001,0.9467444572865409
2019-12-19,close,1.0938920801722247,0.9485639840505564
2019-12-20,close,1.103044190936242,0.9488793892141703
2019-12-23,close,1.0977344469025816,0.9477755179325298
2019-12-24,close,1.0930649466520173,0.9483896752888603
2019-12-26,close,1.0869690230782858,0.9524973761309767
2019-12-27,close,1.0913647594603662,0.9607524236926408
2019-12-30,close,1.0986148120231212,0.9690226046873813
2019-12-31,close,1.1077868182487869,0.9715290583099503
2020-01-01,close,1.123678700937873,0.9786424206278042
2020-01-02,close,1.1362380562949266,0.9979454720585403
2020-01-03,close,1.1295319829887047,0.9970865009285211
2020-01-06,close,1.112280733706732,0.9725085336705754
2020-01-07,close,1.1190740162383763,0.984314560332573
2020-01-08,close,1.1234019721374429,0.9825614612082514
2020-01-09,close,1.133852059029381,1.0001573704892048
2020-01-10,close,1.1384196586849824,1.0065189509967423
2020-01-13,close,1.151617382441351,1.0200692590798301
2020-01-14,close,1.1592314288442167,1.0272368354522359
2020-01-15,close,1.1759944364107962,1.036597826501078
2020-01-16,close,1.1868626359621404,1.0471816115374948
2020-01-17,close,1.1970260290459627,1.0499881913312399
2020-01-20,close,1.199331276302245,1.040622465758067
2020-01-21,close,1.1992894971590107,1.0361181302382225
2020-01-22,close,1.1988489083392815,1.0336338263012177
2020-01-23,close,1.217763701785783,1.04093444922929
2020-01-24,close,1.2204269212025687,1.0453691745552254
2020-01-27,close,1.2352416714764227,1.0418636722869934
2020-01-28,close,1.2338067431574924,1.0346278694560276
2020-01-29,close,1.2348282993862707,1.0378863086251189
2020-01-30,close,1.2320242089044964,1.0242970135497267
2020-01-31,close,1.2178018453515018,1.0169519704738499
2020-02-03,close,1.2022122780089113,0.987798536345098
2020-02-04,close,1.223740476735697,1.0065547739024356
2020-02-05,close,1.2253391898588917,1.0146136677690658
2020-02-06,close,1.2293479762823183,1.0231536399492585
2020-02-07,close,1.2257715054713767,1.0269372960445406
2020-02-10,close,1.2190934681132144,1.0199694548502578
2020-02-11,close,1.2140058263884645,1.0193473919587337
2020-02-12,close,1.226453297919356,1.019384526776744
2020-02-13,close,1.2296632865507227,1.0204330182556363
2020-02-14,close,1.2134893722505131,1.014368022470369
2020-02-17,close,1.202179457587025,1.0043138408859964
2020-02-18,close,1.1873941903322935,1.0000388521747374
2020-02-19,close,1.2022262508580221,1.0127904803059107
2020-02-20,close,1.2086524341604272,1.0175882566856596
2020-02-24,close,1.1865930095141908,0.9992735672661672
2020-02-25,close,1.1785320882753794,0.9927724592438735
2020-02-26,close,1.164623925019319,0.9826381147234432
2020-02-27,close,1.1565413911228888,0.9730555089609791
2020-02-28,close,1.1281454810179088,0.9316525329459726
2020-03-02,close,1.1285069329307202,0.9198416530134033
2020-03-03,close,1.1507694393196233,0.9312281069232554
2020-03-04,close,1.1450426819390005,0.9157517173124731
2020-03-05,close,1.1489889531654893,0.9186554339231511
2020-03-06,close,1.1285652349801425,0.8963606144622263
2020-03-09,close,1.075834225141025,0.8537026331633418
2020-03-11,close,1.0690888596019932,0.8494369633138692
2020-03-12,close,0.9754982460622383,0.769342407228897
2020-03-13,close,0.9847823122722126,0.7762328028564425
2020-03-16,close,0.940499445449992,0.733865414414971
2020-03-17,close,0.9433225797512989,0.7213276814612771
2020-03-18,close,0.9170536666253446,0.6822643226933804
2020-03-19,close,0.8856976083258532,0.6539855002980688
2020-03-20,close,0.9287216644577352,0.6737525389033447
2020-03-23,close,0.8274746266688809,0.5961861185844376
2020-03-24,close,0.8206973136064246,0.5941271227888503
2020-03-25,close,0.8657920421529155,0.6083003796502069
2020-03-26,close,0.8958146781785989,0.6327136956454972
2020-03-27,close,0.8833906206604963,0.6359225465241823
2020-03-30,close,0.8822597995283801,0.6261905870480847
2020-03-31,close,0.9170897642676943,0.6473184380546028
2020-04-01,close,0.9127807597905178,0.6446333539442822
2020-04-03,close,0.9067638890384828,0.6443147090283995
2020-04-07,close,0.9538263457206861,0.6761618841168381
2020-04-08,close,0.9655848481827719,0.6882284036575985
2020-04-09,close,0.9865884430472873,0.715699643540275
2020-04-13,close,0.9799437588228783,0.7140252812489261
2020-04-15,close,0.9866496328085018,0.7212347009557697
2020-04-16,close,0.9973511686142749,0.7367199909154268
2020-04-17,close,1.020342704669392,0.7542989717945966
2020-04-20,close,1.0330350027266668,0.7597872625314938
2020-04-21,close,0.9964715362928722,0.7364431534798913
2020-04-22,close,1.0067077209389703,0.7435233705340368
2020-04-23,close,1.0139415228258906,0.7527377423741172
2020-04-24,close,1.000834576815257,0.7406060757833967
2020-04-27,close,1.010559082906543,0.7483732396558022
2020-04-28,close,1.0156171660429354,0.7509273239228818
2020-04-29,close,1.0309688426852857,0.7599473619911591
2020-04-30,close,1.0573215499999238,0.766484336829773
2020-05-04,close,1.0374595448006858,0.7410467338065334
2020-05-05,close,1.0321702391979153,0.7326286871724033
2020-05-06,close,1.0325733933221932,0.7329298747869791
2020-05-07,close,1.0205213474631056,0.7328178907707165
2020-05-08,close,1.0099734435555783,0.7295026732670566
2020-05-11,close,1.017303906338757,0.731997328965789
2020-05-12,close,1.0122358312907496,0.7274565156819182
2020-05-13,close,1.0236139559202742,0.7423526142535818
2020-05-14,close,1.007138336045519,0.7386844911864228
2020-05-15,close,1.002985680341655,0.7381169655820461
2020-05-18,close,0.9762763934900388,0.7167120997246265
2020-05-19,close,0.9805666480171915,0.7154689509232435
2020-05-20,close,0.9869328993212976,0.723630643794725
2020-05-21,close,0.9875975783522447,0.7310425514925242
2020-05-22,close,0.9815802316759884,0.7286147947861893
2020-05-26,close,0.988356221163361,0.7337627349626218
2020-05-27,close,0.9847492040121952,0.7395775169737319
2020-05-28,close,1.0028496558908353,0.7520188514065803
2020-05-29,close,1.0077365950438242,0.7602067572747259
2020-06-01,close,1.0170331160420054,0.7808047943583984
2020-06-02,close,1.0341834043322025,0.7965554058446297
2020-06-03,close,1.0398394192602374,0.8065876551133381
2020-06-04,close,1.0456458762565284,0.8110628654825032
2020-06-05,close,1.0583327809274072,0.8401147578360222
2020-06-08,close,1.0574548355219828,0.8528410186933816
2020-06-09,close,1.0577129387076099,0.8420994674286423
2020-06-10,close,1.0631312486282196,0.849312502195519
2020-06-11,close,1.0568314673112353,0.8407553390363915
2020-06-12,close,1.053937369120268,0.8422761200831831
2020-06-15,close,1.0502010914456206,0.8424097761906236
2020-06-16,close,1.0517059820760317,0.8432571951129816
2020-06-17,close,1.0477967901818626,0.8498215694466476
2020-06-18,close,1.050445671030493,0.8679494242354021
2020-06-19,close,1.0488173427427603,0.8786976139291465
2020-06-22,close,1.0567075210100403,0.890740058354095
2020-06-23,close,1.069170116298248,0.9088870793472678
2020-06-24,close,1.0559183942919719,0.8977502985102701
2020-06-25,close,1.0627677625675895,0.9013061788634473
2020-06-26,close,1.0727507577865907,0.9062619445610742
2020-06-29,close,1.0720316149635871,0.8948694002424411
2020-06-30,close,1.0653264308796833,0.8883755287150196
2020-07-01,close,1.0655967264314503,0.8927287777705345
2020-07-02,close,1.0808985195450178,0.9016134619482409
2020-07-03,close,1.087559511837809,0.9045173196038369
2020-07-06,close,1.0923645247782143,0.9175988695193504
2020-07-07,close,1.083298324944483,0.918016746654807
2020-07-08,close,1.075456674757436,0.9132926170897735
2020-07-09,close,1.0801146989621249,0.9191202965548454
2020-07-10,close,1.0824164657508497,0.9127222336763454
2020-07-13,close,1.0756619784006214,0.914084673733024
2020-07-14,close,1.083640657130945,0.903917071934567
2020-07-15,close,1.084061541231759,0.9001563193258777
2020-07-16,close,1.0937898043929644,0.8993415411291025
2020-07-17,close,1.088706000497823,0.9124497522888627
2020-07-20,close,1.1022088789217186,0.9185895156387416
2020-07-21,close,1.1012151166559054,0.9206533688077932
2020-07-22,close,1.1105913445096953,0.9184816530168991
2020-07-23,close,1.1157322352382288,0.9226919752118903
2020-07-24,close,1.1270546421624072,0.9154307564523613
2020-07-27,close,1.1141042914165513,0.9045998115238724
2020-07-28,close,1.116866447367095,0.91227419782978
2020-07-29,close,1.122934748905167,0.9168037332747329
2020-07-30,close,1.117129503789195,0.9129116476810359
2020-07-31,close,1.1262244654777014,0.9157997801824651
2020-08-03,close,1.138305506021732,0.9232985474796382
2020-08-04,close,1.140794576465316,0.9365112015066751
2020-08-05,close,1.1423781224235925,0.9452247184080818
2020-08-06,close,1.1545772356777073,0.9545254633650642
2020-08-07,close,1.1607817106867664,0.9655592877406498
2020-08-10,close,1.1697683361162556,0.9818479568891995
2020-08-11,close,1.164168849123787,0.9873741466100033
2020-08-12,close,1.153840913900235,0.9910801112820927
2020-08-13,close,1.1607393729555462,1.000362750210927
2020-08-14,close,1.1606961325451015,0.9914486408223883
2020-08-17,close,1.1529473932484566,1.0012507520551932
2020-08-18,close,1.150584110640742,1.0183724656634308
2020-08-19,close,1.1547828129745608,1.0311841315595935
2020-08-20,close,1.1645402183686147,1.0407220638160803
2020-08-21,close,1.1778904204814307,1.0561464287756923
2020-08-24,close,1.1788667634967478,1.0676258655146478
2020-08-25,close,1.1713826287532914,1.0688625583868192
2020-08-26,close,1.17381975592277,1.0791288820398337
2020-08-27,close,1.1746561184318947,1.0803768110557843
2020-08-28,close,1.1694490458700986,1.0730944382395948
2020-08-31,close,1.1217921018129275,1.021883638632024
2020-09-01,close,1.125292460418287,1.0227983926806563
2020-09-02,close,1.1448333157186048,1.0388763246167636
2020-09-03,close,1.1493735567106242,1.045533092427157
2020-09-04,close,1.1295714870553288,1.0313658247597406
2020-09-07,close,1.1205478895513636,1.0291473233903918
2020-09-08,close,1.119934778162402,1.017244491288831
2020-09-09,close,1.1133645609413148,1.0056316912915515
2020-09-10,close,1.1268302674206478,1.0191526116389373
2020-09-11,close,1.1298370296275775,1.0236297926656543
2020-09-14,close,1.1630458378895199,1.054844869858115
2020-09-15,close,1.177979154183063,1.064987607435856
2020-09-16,close,1.1861375128398648,1.0713975498043975
2020-09-17,close,1.1878737936362342,1.0681293500328974
2020-09-18,close,1.196104227448307,1.0704008482441256
2020-09-21,close,1.1746761494885691,1.0320284535873296
2020-09-22,close,1.158465097060968,1.013530162419623
2020-09-23,close,1.1373755120076017,1.0151001120242853
2020-09-24,close,1.1218744236291651,0.9897717952196247
2020-09-25,close,1.1421053918060793,1.0168394961334215
2020-09-28,close,1.1620003114772628,1.0402370983705316
2020-09-29,close,1.1547867840921477,1.0397227692737037
2020-09-30,close,1.156995931943733,1.041652747085564
2020-10-01,close,1.1620943578139888,1.049361329116639
2020-10-05,close,1.1729412601182785,1.0574366629878509
2020-10-06,close,1.1815499179886642,1.065048799220965
2020-10-07,close,1.1718827913289482,1.05890226470693
2020-10-08,close,1.1924874299587374,1.0552606011643142
2020-10-09,close,1.1931128978050785,1.0525918757679011
2020-10-12,close,1.2083231012032818,1.0422871757373315
2020-10-13,close,1.2097804142552377,1.043057211554834
2020-10-14,close,1.2111679904576564,1.0427298312711155
2020-10-15,close,1.1894865563337238,1.0263335322009959
2020-10-16,close,1.187219233868976,1.0361908277103884
2020-10-19,close,1.1952844020836433,1.0419394579010888
2020-10-20,close,1.1974060220096034,1.0469556084688212
2020-10-21,close,1.2126594467596403,1.050112346664338
2020-10-22,close,1.2252039079634869,1.0574965648499954
2020-10-23,close,1.22672817392062,1.0672460540528812
2020-10-26,close,1.219274613244641,1.0550351538959453
2020-10-27,close,1.2177967876578064,1.057776974760224
2020-10-28,close,1.2084657374346832,1.0489089166752004
2020-10-29,close,1.1996161630421387,1.043282882890447
2020-10-30,close,1.2084789775936402,1.0453031964125672
2020-11-02,close,1.195105705495129,1.0365590324474334
2020-11-03,close,1.2137383910162858,1.0400616276634833
2020-11-04,close,1.225169274597085,1.0430918315702973
2020-11-05,close,1.2492796679707772,1.0600656175930112
2020-11-06,close,1.2538418968181433,1.0659435829549777
2020-11-09,close,1.2702268954697855,1.0719614250239493
2020-11-10,close,1.2242667047338165,1.0634138484568059
2020-11-11,close,1.2242451561426886,1.0685414252841723
2020-11-12,close,1.2337518774566756,1.0798095742178246
2020-11-13,close,1.2509446151044068,1.089463377335358
2020-11-17,close,1.252118684411126,1.1068848509709677
2020-11-18,close,1.2726151882325256,1.1168666456306433
2020-11-19,close,1.2805572650024928,1.116439571501949
2020-11-20,close,1.3021484304066193,1.1258541689887185
2020-11-23,close,1.3188878998559126,1.1368537055920696
2020-11-24,close,1.3273030422846372,1.145840533195911
2020-11-25,close,1.2871266894987738,1.1343005738941978
2020-11-26,close,1.2877930185977275,1.1479307132300685
2020-11-27,close,1.2941298625521758,1.164206492543117
2020-12-01,close,1.3275718058997856,1.1819936733514051
2020-12-02,close,1.334754858020055,1.1923235663703473
2020-12-03,close,1.3447059161850037,1.2076928466197834
2020-12-04,close,1.3615219116698385,1.212319971075269
2020-12-07,close,1.3749182717830501,1.2311148360055932
2020-12-08,close,1.3615372049271872,1.2266362254708925
2020-12-09,close,1.3731328464555361,1.235940817736112
2020-12-10,close,1.367189455984645,1.2293136449814808
2020-12-11,close,1.3593436491184945,1.237382767941503
2020-12-14,close,1.3827942717083972,1.2491894755905764
2020-12-15,close,1.3795606550466553,1.253840322236498
2020-12-16,close,1.3906185370609352,1.265395314832074
2020-12-17,close,1.3848947167113892,1.259986985886852
2020-12-18,close,1.3870074995701493,1.2556122760495638
2020-12-21,close,1.3315002459866354,1.1914456619902118
2020-12-22,close,1.3610518032260814,1.205126827488509
2020-12-23,close,1.3915700489693617,1.2410061998485105
2020-12-24,close,1.395315456695502,1.2482941578079882
2020-12-28,close,1.4058885557253094,1.2692333352120877
2020-12-29,close,1.4122487404266746,1.273841047202851
2020-12-30,close,1.4295687213922592,1.2821594323581715
2020-12-31,close,1.4212723854993494,1.2883245211504493
2021-01-01,close,1.4326734665727354,1.2994084451733128
2021-01-04,close,1.4689334104959129,1.319640334676996
2021-01-05,close,1.4839685003139693,1.3314728732333654
2021-01-06,close,1.4703949315564888,1.3289699475857375
2021-01-07,close,1.5016378470600023,1.340437221627346
2021-01-08,close,1.5265395184562034,1.3502434241105343
2021-01-11,close,1.543874139885527,1.3497233899171366
2021-01-12,close,1.5466474062754372,1.354096612636955
2021-01-13,close,1.5350158798082973,1.3471749836558788
2021-01-14,close,1.5247853500487307,1.348689858552673
2021-01-15,close,1.5098443291584163,1.3351141642752553
2021-01-18,close,1.4776171133088893,1.3095202027558557
2021-01-19,close,1.5069252289291482,1.3319094460901646
2021-01-20,close,1.4988806408898827,1.33911051112004
2021-01-21,close,1.4715508030113202,1.3271928575867644
2021-01-22,close,1.437982071675994,1.3137438105863233
2021-01-25,close,1.425019204921232,1.2974917823683911
2021-01-27,close,1.4297665628776528,1.2885396635969306
2021-01-28,close,1.4310526314433032,1.2925705341272558
2021-01-29,close,1.4182196290840754,1.2867619099286474
2021-02-01,close,1.4244462972121088,1.3103788577878837
2021-02-02,close,1.4548156277951945,1.3290250878531649
2021-02-03,close,1.4836249748819175,1.3463553651368003
2021-02-04,close,1.4931102117292876,1.363824155312133
2021-02-05,close,1.4906355179097615,1.3585588601069876
2021-02-08,close,1.5288500941168386,1.3768672909128936
2021-02-09,close,1.5279610070319114,1.3708936157787328
2021-02-10,close,1.5597102271405725,1.3744686963249761
2021-02-11,close,1.55971301221222,1.3886495897306108
2021-02-12,close,1.5677659198332716,1.387414478078509
2021-02-15,close,1.5527990870230601,1.3859758466100396
2021-02-16,close,1.5514489567278056,1.3846842242073696
2021-02-17,close,1.5455781487612357,1.3928251198767887
2021-02-18,close,1.5603271792138462,1.4023659136107773
2021-02-19,close,1.5503648954320932,1.3921830213748834
2021-02-22,close,1.5361215493311517,1.3777964423266191
2021-02-23,close,1.5860455808618759,1.3929889463548326
2021-02-24,close,1.6004191849757046,1.4056370423882378
2021-02-25,close,1.615759751027348,1.4236936551992263
2021-02-26,close,1.6315392336021395,1.408552103244921
2021-03-01,close,1.6420974601608247,1.4348256560208659
2021-03-02,close,1.649781089485305,1.4559431556100622
2021-03-03,close,1.6922669926972098,1.470913107173812
2021-03-04,close,1.7226381591436852,1.4803876780924565
2021-03-05,close,1.7036628446363062,1.461059061327515
2021-03-08,close,1.7564266454483093,1.4722430528419717
2021-03-09,close,1.7237748474118983,1.463038614361004
2021-03-10,close,1.7691371631442196,1.4735105055995865
2021-03-12,close,1.7982322106539455,1.4703356417093825
2021-03-15,close,1.8520385974775762,1.4650621440423381
2021-03-16,close,1.8286562232476558,1.4722235125327738
2021-03-17,close,1.7746854903653193,1.438751877063741
2021-03-18,close,1.7336765401364058,1.4108676552877182
2021-03-19,close,1.7385750871225578,1.420164288007661
2021-03-22,close,1.7610254249493202,1.4314527359885267
2021-03-23,close,1.7851006354868426,1.4424985784936923
2021-03-24,close,1.7398416727282333,1.4184493872478083
2021-03-25,close,1.7221855627846363,1.3908978830566954
2021-03-26,close,1.7502952677985935,1.4078381285637478
2021-03-30,close,1.784431603025101,1.4219472231855066
2021-03-31,close,1.8030518991897702,1.4266473861744788
2021-04-01,close,1.865867944476661,1.4603174870862832
2021-04-05,close,1.854152537321381,1.4438775717295942
2021-04-06,close,1.8554906916569076,1.4580445859544213
2021-04-07,close,1.898639946422859,1.4747907038973878
2021-04-08,close,1.9363760031287738,1.4941812245872685
2021-04-09,close,1.9158071131507775,1.5056559958233773
2021-04-12,close,1.7973942221206969,1.4249327465828558
2021-04-13,close,1.8226575928992788,1.4496195389097581
2021-04-15,close,1.8459700610645244,1.4490213296996486
2021-04-16,close,1.8400907829909512,1.4616523043874734
2021-04-19,close,1.8093068569851187,1.4326986265048707
2021-04-20,close,1.8242185755762907,1.4436484094285853
2021-04-22,close,1.8704949499938848,1.4603697263293824
2021-04-23,close,1.873742346140547,1.4663635118319291
2021-04-26,close,1.882657919896351,1.4833980664368516
2021-04-27,close,1.9159803024855833,1.505680957547194
2021-04-28,close,1.907238037623858,1.520191971987341
2021-04-29,close,1.9410973850367732,1.5248803912921165
2021-04-30,close,1.9665311110660844,1.5285874860933215
2021-05-03,close,2.0568504588035075,1.56213298918945
2021-05-04,close,2.0680299703119367,1.5494367009500836
2021-05-05,close,2.090089481370923,1.566317825876456
2021-05-06,close,2.079082999618991,1.5780507353944362
2021-05-07,close,2.124395339056552,1.5879296473451385
2021-05-10,close,2.1771391573542664,1.6192681958692678
2021-05-11,close,2.1810944519946167,1.6344083321878735
2021-05-12,close,2.155396225405051,1.6236186186081711
2021-05-14,close,2.0778382435262017,1.6063702697646873
2021-05-17,close,2.1164263954460414,1.6373625774666458
2021-05-18,close,2.1318282060062352,1.6534502818638808
2021-05-19,close,2.1307066656694165,1.6653380725739708
2021-05-20,close,2.108005103509379,1.6723233348929314
2021-05-21,close,2.153472999819259,1.6821193246631625
2021-05-24,close,2.1710518896987043,1.6975201589102846
2021-05-25,close,2.1830388952741524,1.7060712180385944
2021-05-26,close,2.183479543167321,1.7223588133570633
2021-05-27,close,2.1571099091048622,1.7248647594255404
2021-05-28,close,2.1401148806699553,1.7159045140919444
2021-05-31,close,2.140144075903055,1.7236661591483797
2021-06-01,close,2.117288044653696,1.7137699558384363
2021-06-02,close,2.1173956002632432,1.7423225278644323
2021-06-03,close,2.109659854876373,1.7633609407641628
2021-06-04,close,2.1245456588170506,1.7737159235291313
2021-06-07,close,2.1435221162931324,1.8015734388987383
2021-06-08,close,2.124703135008218,1.814222185715548
2021-06-09,close,2.1252919131251478,1.7985889563445974
2021-06-10,close,2.1774614635644824,1.8328078571989395
2021-06-11,close,2.245249765999527,1.843211490323517
2021-06-14,close,2.3109790853811503,1.8428041651543106
2021-06-15,close,2.295739567256437,1.8568057559032018
2021-06-16,close,2.2719390887970525,1.8492575624992944
2021-06-17,close,2.256778411569008,1.838211906732451
2021-06-18,close,2.211694622391608,1.8209311337189773
2021-06-21,close,2.23062200535509,1.8383209537043301
2021-06-22,close,2.241687523169415,1.854178065553772
2021-06-23,close,2.228657308760972,1.8506824732976779
2021-06-24,close,2.23153525575886,1.8501565249726515
2021-06-25,close,2.2628859919955975,1.8603255620476595
2021-06-28,close,2.281561225805611,1.8769102760505214
2021-06-29,close,2.2810752197189843,1.8825257592917648
2021-06-30,close,2.3435746035129967,1.8922351019561776
2021-07-01,close,2.3268134208715674,1.9002394745874285
2021-07-02,close,2.337155426027547,1.9180763512102255
2021-07-05,close,2.3800196138431238,1.9459222815518322
2021-07-06,close,2.3853791829640256,1.9378499092863728
2021-07-07,close,2.424279636831434,1.9479197692590344
2021-07-08,close,2.403109609537681,1.9445996673244605
2021-07-09,close,2.4562868576143257,1.9617005485496894
2021-07-12,close,2.4670409183837965,1.9827803456126576
2021-07-13,close,2.4709215208994038,1.9953694379499667
2021-07-14,close,2.4735832527546435,2.0065729935544963
2021-07-15,close,2.498468055481799,2.0107593710101708
2021-07-16,close,2.508431731877299,2.0199652770699985
2021-07-19,close,2.519077755565502,2.0284784281847874
2021-07-20,close,2.4781652103223415,1.9980908686627499
2021-07-22,close,2.54995685693294,2.0301420989773002
2021-07-23,close,2.6066566432899916,2.0298970747638307
2021-07-26,close,2.628582884150869,2.044029230891042
2021-07-27,close,2.6538617963596924,2.046864661730989
2021-07-28,close,2.670250054403058,2.040609732844009
2021-07-29,close,2.7134872309563782,2.0620364861595424
2021-07-30,close,2.7058681565099825,2.0703170854061788
2021-08-02,close,2.7293808218797024,2.098349487760233
2021-08-03,close,2.7362697312353452,2.107702757201049
2021-08-04,close,2.7086151619454357,2.07557875865459
2021-08-05,close,2.738297021650182,2.0623040882705745
2021-08-06,close,2.713819253170198,2.0701679393655907
2021-08-09,close,2.6598016015062598,2.0511872736537686
2021-08-10,close,2.5448081023742235,1.9862648684940416
2021-08-11,close,2.6023161244380995,1.9755010480642703
2021-08-12,close,2.65269867673899,2.0315743402384516
2021-08-13,close,2.6496004415474914,2.029604915907217
2021-08-16,close,2.642789196091038,2.007725149187293
2021-08-17,close,2.621127400390429,1.9939606121491464
2021-08-18,close,2.6021585407410592,1.9816537198868065
2021-08-20,close,2.4837608991471747,1.9356381027467282
2021-08-23,close,2.398185421589871,1.8826307975746965
2021-08-24,close,2.479136680302241,1.928229436754699
2021-08-25,close,2.4840726946606324,1.9473269482899729
2021-08-26,close,2.454165153435941,1.953058669859133
2021-08-27,close,2.481228940569051,1.9669343666949348
2021-08-30,close,2.5526372504545862,1.9946642058935116
2021-08-31,close,2.581014333304835,2.000159307332186
2021-09-01,close,2.5787105369973666,2.001737301099604
2021-09-02,close,2.5913733261391316,2.0262942431828717
2021-09-03,close,2.599260065586817,2.0343258876520043
2021-09-06,close,2.6136830906310435,2.044109316672348
2021-09-07,close,2.6062010328548553,2.0352531506901745
2021-09-08,close,2.6493835527442604,2.0499556874711544
2021-09-09,close,2.6655680676685707,2.062244408130635
2021-09-13,close,2.684041123032066,2.0749903381532304
2021-09-14,close,2.6788184654557714,2.092572870392184
2021-09-15,close,2.6957568731498833,2.112025362664081
2021-09-16,close,2.6902986636958097,2.1083588207760315
2021-09-17,close,2.6521448964877026,2.0839512761341408
2021-09-20,close,2.5351452747066476,2.044523948365321
2021-09-21,close,2.5401219066539737,2.05054672896441
2021-09-22,close,2.5861109021002138,2.077966253477588
2021-09-23,close,2.615380319501252,2.0938161757747698
2021-09-24,close,2.597574351835611,2.0852956071507704
2021-09-27,close,2.628203560809493,2.0863894137273884
2021-09-28,close,2.6366401594700637,2.0806587351982864
2021-09-29,close,2.6644269307252992,2.0950494508868944
2021-09-30,close,2.663670817280474,2.1035611109919126
2021-10-01,close,2.6994855825972053,2.1148662607793898
2021-10-04,close,2.749930094454942,2.150030917289909
2021-10-05,close,2.797447393038744,2.1741223183079015
2021-10-06,close,2.766740005481413,2.15737574093657
2021-10-07,close,2.782873863471704,2.1838722885739603
2021-10-08,close,2.7836090072185793,2.1894829729270135
2021-10-11,close,2.8036400181540553,2.2002260392896846
2021-10-12,close,2.7987801368113625,2.205440457614897
2021-10-13,close,2.8262096582237786,2.216747927265391
2021-10-14,close,2.8476002160662905,2.2221980600374773
2021-10-18,close,2.9869377595502433,2.2340160590224496
2021-10-19,close,2.9383543880527014,2.190442352575495
2021-10-20,close,2.868060282322156,2.145217344765395
2021-10-21,close,2.8651704545532155,2.141176874705828
2021-10-22,close,2.83248148362864,2.1231448430875384
2021-10-25,close,2.768813448801666,2.086111128211977
2021-10-26,close,2.846421060681561,2.1291116521082554
2021-10-27,close,2.852769576037673,2.1422328065232854
2021-10-28,close,2.8066448719245822,2.1051620878960984
2021-10-29,close,2.7977908214733223,2.100259565166914
2021-11-01,close,2.875348190012869,2.1301877101088973
2021-11-02,close,2.896577621812648,2.149112972301062
2021-11-03,close,2.940301061708868,2.147109906296352
2021-11-04,close,2.9765472663329184,2.1762959632491228
2021-11-08,close,2.9962026704419737,2.192029316115813
2021-11-09,close,2.987782885265765,2.208502384629771
2021-11-10,close,2.9408882762745554,2.2103767719330882
2021-11-11,close,2.9371670109924644,2.2013067225738596
2021-11-12,close,2.9110124443380765,2.1966121474373583
2021-11-15,close,2.8850646612627937,2.1766431273940556
2021-11-16,close,2.88424609886499,2.1809040934273565
2021-11-17,close,2.8809483821683557,2.17695620082117
2021-11-18,close,2.800975804994323,2.1422118944973807
2021-11-22,close,2.7418521074060336,2.0779830835981272
2021-11-23,close,2.8136273334630615,2.1217000913010624
2021-11-24,close,2.8312627963937156,2.1351156959560664
2021-11-25,close,2.854617185617715,2.159283223865382
2021-11-26,close,2.730762934120231,2.1024087916165413
2021-11-29,close,2.7070953523667707,2.0508197686653866
2021-11-30,close,2.7085468718206642,2.0664297287124134
2021-12-01,close,2.7702000986785555,2.0821065396603564
2021-12-02,close,2.7839890162505445,2.1141457730873983
2021-12-03,close,2.7940110036847994,2.1219857719370876
2021-12-06,close,2.756298542613665,2.100107813587865
2021-12-07,close,2.8016800553142973,2.132516749039735
2021-12-08,close,2.8229915537860246,2.1631107514966312
2021-12-09,close,2.831819238818495,2.1817669309392507
2021-12-10,close,2.827491638437071,2.201801014317484
2021-12-13,close,2.8159290668341885,2.206809980692608
2021-12-14,close,2.8223988565626223,2.2142425274618343
2021-12-15,close,2.7870467897705837,2.211184291300309
2021-12-16,close,2.784227345352898,2.196893765845291
2021-12-17,close,2.7277888986134013,2.147032603787103
2021-12-20,close,2.623488248748084,2.069909256858836
2021-12-21,close,2.681842205200055,2.1009854713378133
2021-12-22,close,2.7137484240254044,2.1379720293218076
2021-12-23,close,2.726023325577927,2.1572832430262254
2021-12-24,close,2.7114668792494125,2.145363239586554
2021-12-27,close,2.711337375054921,2.1619353990046895
2021-12-28,close,2.754772068129808,2.199538033639679
2021-12-29,close,2.7374981459810916,2.211828920097184
2021-12-30,close,2.7430991659977257,2.215779116113511
2021-12-31,close,2.776604136239592,2.240038987000322
2022-01-03,close,2.827000426187675,2.273609946431101
2022-01-04,close,2.831205985366476,2.285452321977835
2022-01-05,close,2.8442419310173883,2.2932630275458
2022-01-06,close,2.8591634586363557,2.306408305501268
2022-01-07,close,2.9156644412827375,2.323231912536227
2022-01-10,close,2.9497425121333523,2.3560577774691813
2022-01-11,close,2.902632628388974,2.3589820337578034
2022-01-12,close,2.9606412903317723,2.3700459603667077
2022-01-13,close,3.0123488499371196,2.3826924843572463
2022-01-14,close,3.0101863489566307,2.4035709867114754
2022-01-17,close,3.023484351906511,2.430886662543271
2022-01-18,close,2.983901708096984,2.3876207702075485
2022-01-19,close,3.007457661716444,2.3946256650353304
2022-01-20,close,2.9951758735761227,2.403660003652423
2022-01-21,close,2.958149952425967,2.3586042930111586
2022-01-24,close,2.8498813715650493,2.247521090098101
2022-01-25,close,2.8857256932394804,2.280382784849999
2022-01-27,close,2.934819509757981,2.2747073856252293
2022-01-28,close,2.9148744871927414,2.287813420814599
2022-01-31,close,2.939816702173969,2.2961443716982997
2022-02-01,close,2.991016526580272,2.307606810963239
2022-02-02,close,3.0333273744118494,2.347550115913107
2022-02-03,close,3.0330797894753347,2.3480829283005336
2022-02-04,close,3.0736818686540284,2.3437108138110365
2022-02-07,close,3.125964006513184,2.325805476574706
2022-02-08,close,3.0874232647453708,2.2918766831064423
2022-02-09,close,3.1104080732994364,2.2997572904530523
2022-02-10,close,3.1340414322316246,2.3010291815662764
2022-02-11,close,3.0924302960895256,2.263502522076165
2022-02-14,close,2.962733513716353,2.164446430856281
2022-02-15,close,3.0333026105536756,2.199380671360788
2022-02-16,close,3.04080561613961,2.2167783526579985
2022-02-17,close,3.0309834110876532,2.2034247391061057
2022-02-18,close,2.9993974105203387,2.1852351218159796
2022-02-21,close,2.921868678606574,2.127888591809917
2022-02-22,close,2.8866174446064985,2.0804274973437176
2022-02-23,close,2.907141571680337,2.1109255006896275
2022-02-24,close,2.783787290508997,1.9715376980175758
2022-02-25,close,2.8718674397739723,2.0578113350149865
2022-02-28,close,2.9515367420809624,2.0790355449546967
2022-03-02,close,3.0471064424214864,2.082642113592681
2022-03-03,close,3.098405922109738,2.093731316043942
2022-03-04,close,3.0035617517715076,2.0625855926745356
2022-03-07,close,3.0424632884347154,2.0132786781645624
2022-03-08,close,3.0230111572912954,2.0451971191047136
2022-03-09,close,3.0160825317135473,2.0930325119170163
2022-03-10,close,3.0678795157733236,2.121346909070934
2022-03-11,close,3.082935181522392,2.1440452183354086
2022-03-14,close,3.080952586313054,2.1511827382434956
2022-03-15,close,2.980047952895228,2.1312886010666
2022-03-16,close,3.0399235351578024,2.1624600450369256
2022-03-17,close,3.05879716402873,2.18531350186011
2022-03-21,close,3.098492646350086,2.1899323618581006
2022-03-22,close,3.11688991351083,2.19895106835451
2022-03-23,close,3.158766812766842,2.196350604330408
2022-03-24,close,3.191029001348716,2.1961655187472315
2022-03-25,close,3.193075616038533,2.180907207967081
2022-03-28,close,3.1536800087824237,2.1583936502780103
2022-03-29,close,3.133594695538156,2.1600322292696803
2022-03-30,close,3.0502821856140496,2.1782308434228668
2022-03-31,close,3.0367503849740176,2.1800074795681863
2022-04-01,close,3.0745723262067894,2.239555817902842
2022-04-04,close,3.1447712674906,2.2862817627655727
2022-04-05,close,3.171009144959247,2.317415379057398
2022-04-06,close,3.194071546285379,2.3410082972611517
2022-04-07,close,3.1547393819341156,2.3286651570002346
2022-04-08,close,3.2132879098632467,2.3583613971495763
2022-04-11,close,3.2337801247046807,2.377557880124687
2022-04-12,close,3.1522120511390748,2.347499171967183
2022-04-13,close,3.207638370412647,2.364358253346273
2022-04-18,close,3.204775573582135,2.360302619627157
2022-04-19,close,3.177887151272699,2.332055752897461
2022-04-20,close,3.173903647409692,2.3420215956236063
2022-04-21,close,3.1598043083850262,2.3757994604196826
2022-04-22,close,3.105157496867488,2.3689566818904044
2022-04-25,close,3.031147362141557,2.320307986821947
2022-04-26,close,3.0641528483360236,2.3420353116336754
2022-04-27,close,3.053812451597633,2.3239806670459147
2022-04-28,close,3.067524659258502,2.326352433644886
2022-04-29,close,3.0332887774625625,2.307485035450177
2022-05-02,close,3.0105568193710015,2.2929610403104608
2022-05-04,close,2.960629933119943,2.2384747572878503
2022-05-05,close,2.9758137922657393,2.233210552591477
2022-05-06,close,2.9259227891563473,2.1906730305692936
2022-05-09,close,2.8767297387950292,2.151310832337163
2022-05-10,close,2.7178679246598256,2.098619952585231
2022-05-11,close,2.678252423148878,2.0426283609602924
2022-05-12,close,2.6355154754734818,1.9959327614772426
2022-05-13,close,2.590685530782869,2.025305758312887
2022-05-16,close,2.5956085226187726,2.0505062747588956
2022-05-17,close,2.770245141329145,2.118934336634184
2022-05-18,close,2.78618064968867,2.134095177779908
2022-05-19,close,2.6916521078318665,2.086233680647398
2022-05-20,close,2.772031148415246,2.1387902515061508
2022-05-23,close,2.616124198858499,2.117499219376344
2022-05-24,close,2.5702012436696338,2.0844030998018437
2022-05-25,close,2.5469886786304987,2.017732637196656
2022-05-26,close,2.5869688609197015,2.029299365974425
2022-05-27,close,2.5642814217460983,2.056865661284821
2022-05-30,close,2.5732438837219735,2.0944212682701346
2022-05-31,close,2.6287679360877183,2.1087230420692102
2022-06-01,close,2.6436010248057817,2.1205693248997233
2022-06-02,close,2.6938913773649182,2.1371652274908213
2022-06-03,close,2.689583088123397,2.117449063739522
2022-06-06,close,2.7270732617324795,2.111823480182699
2022-06-07,close,2.725416958531064,2.098428433388195
2022-06-08,close,2.7226925000869335,2.0925413038179212
2022-06-09,close,2.7198945875307716,2.098871871908277
2022-06-10,close,2.690624470281143,2.0856464342143513
2022-06-13,close,2.58463812881447,2.016481094036861
2022-06-14,close,2.5537032099671118,2.011195254078456
2022-06-15,close,2.5407686556794347,2.019933340698673
2022-06-16,close,2.4361557112522325,1.9552255651769204
2022-06-17,close,2.3944986162480797,1.933024608204433
2022-06-20,close,2.2407037005401946,1.862830356968674
2022-06-21,close,2.3373463062780018,1.9270988486662604
2022-06-22,close,2.2931640770284965,1.904970302610449
2022-06-23,close,2.3577523318240554,1.9255051732528217
2022-06-24,close,2.4432471570758003,1.96040030102708
2022-06-27,close,2.4677455181574857,1.9969802961049539
2022-06-28,close,2.5100705164028763,2.011194745549333
2022-06-29,close,2.5380555678608387,2.0081704727177425
2022-06-30,close,2.485255262087938,1.9942380116889464
2022-07-01,close,2.406300289308114,1.9973617012940985
2022-07-04,close,2.40334558714476,2.0164774767559397
2022-07-05,close,2.4035471719432304,2.018141545805998
2022-07-06,close,2.355683206763892,2.03445805382887
2022-07-07,close,2.391822191547265,2.062507670335449
2022-07-08,close,2.4153373380916547,2.0720014214521463
2022-07-11,close,2.441391669582737,2.0937692442569538
2022-07-12,close,2.416810226384584,2.0884055739126324
2022-07-13,close,2.4386797902669386,2.089535546318741
2022-07-14,close,2.42972776195041,2.078010250264016
2022-07-15,close,2.41528905092557,2.0863418529183955
2022-07-18,close,2.46934855025321,2.116732372855536
2022-07-19,close,2.49718271725658,2.1334669523848255
2022-07-20,close,2.518053238480907,2.1423990330061065
2022-07-21,close,2.5493938108701837,2.1563301680299825
2022-07-22,close,2.5683569529547823,2.165788405405734
2022-07-25,close,2.5864431620246946,2.1627466192963234
2022-07-26,close,2.5242599571512687,2.1373778292307004
2022-07-27,close,2.54109396870151,2.1443345793228175
2022-07-28,close,2.5533439815556305,2.151861782786588
2022-07-29,close,2.5957240368146115,2.1758395253084823
2022-08-01,close,2.664344990938498,2.207432210773387
2022-08-02,close,2.671789049777633,2.217564873745949
2022-08-03,close,2.644535086742184,2.204718727243396
2022-08-04,close,2.658286547898705,2.2043947603270673
2022-08-05,close,2.665081484716903,2.210220428316554
2022-08-08,close,2.654894232669055,2.2197204058697
2022-08-10,close,2.6236047807499534,2.2138101291329586
2022-08-11,close,2.6331239934071378,2.2196842762620546
2022-08-12,close,2.680714250962134,2.2247714392222337
2022-08-16,close,2.703201774870871,2.240138849703888
2022-08-17,close,2.7035864617055694,2.257152406420801
2022-08-18,close,2.7023178775524577,2.272502930018443
2022-08-19,close,2.6677333384410398,2.2590318027052807
2022-08-22,close,2.658137878929846,2.2347206731068767
2022-08-23,close,2.703311582785482,2.2566924700888733
2022-08-24,close,2.726561168336825,2.2831602153987864
2022-08-25,close,2.736383867905858,2.2900862639747173
2022-08-26,close,2.7792265879130857,2.3016884548794723
2022-08-29,close,2.7691637092764716,2.295731556184434
2022-08-30,close,2.8062202109497933,2.3272638170241935
2022-09-01,close,2.783088108329798,2.33966454720695
2022-09-02,close,2.7699332415857345,2.34319649779728
2022-09-05,close,2.7716286316365357,2.3645855603260824
2022-09-06,close,2.7937002807043085,2.364642764253739
2022-09-07,close,2.8221543894093792,2.3851618280186635
2022-09-08,close,2.821687363553652,2.400809041783756
2022-09-09,close,2.8021013880678307,2.396784399796028
2022-09-12,close,2.7987880629561124,2.418446812749056
2022-09-13,close,2.8110558557190686,2.430986852915981
2022-09-14,close,2.8346269364890833,2.433460973691269
2022-09-15,close,2.8528636823462397,2.437897038693793
2022-09-16,close,2.818751147891612,2.382897536867067
2022-09-19,close,2.8142431899388427,2.380790534156285
2022-09-20,close,2.8396592825155764,2.4026449145410944
2022-09-21,close,2.801181197311052,2.3821908188875778
2022-09-22,close,2.8184070846713154,2.3901644297446154
2022-09-23,close,2.7486669550435527,2.346479369360286
2022-09-26,close,2.6532736960105776,2.2617695405677125
2022-09-27,close,2.6950036485906663,2.276127829466945
2022-09-28,close,2.670885589309121,2.2631926245576013
2022-09-29,close,2.717413706084809,2.273147957337503
2022-09-30,close,2.750613927722215,2.3034655945655134
2022-10-03,close,2.728383986047801,2.28802138828818
2022-10-04,close,2.769681738044486,2.3264670461021355
2022-10-06,close,2.7971103835463453,2.358901361600405
2022-10-07,close,2.8362982473925964,2.370908597575868
2022-10-10,close,2.816122183561084,2.3599011996165373
2022-10-11,close,2.7812726789583553,2.3260350708012565
2022-10-12,close,2.781087560734886,2.3276555109878356
2022-10-13,close,2.8302969387722654,2.3183188393786085
2022-10-14,close,2.841392762930318,2.318041961421139
2022-10-17,close,2.8399748206301885,2.3151494143558087
2022-10-18,close,2.8395531097194313,2.3334982329629916
2022-10-19,close,2.839007266210756,2.332595854874006
2022-10-20,close,2.8591855596912663,2.3362374396256103
2022-10-21,close,2.8156995417582027,2.317654720812129
2022-10-24,close,2.834284511369271,2.344417514564711
2022-10-25,close,2.8665844305847283,2.3384964762493445
2022-10-27,close,2.8457638594138337,2.3440018438845187
2022-10-28,close,2.864748446353315,2.3352133878613053
2022-10-31,close,2.876685832629563,2.3409825432707314
2022-11-01,close,2.8819615310876276,2.348878557825854
2022-11-02,close,2.8859732026116807,2.354074418376929
2022-11-03,close,2.9224910747326756,2.353989317638259
2022-11-04,close,2.928189973746756,2.366711607650349
2022-11-07,close,2.967609274029805,2.3824523353521654
2022-11-09,close,2.9451435012907914,2.376817120660242
2022-11-10,close,2.894202678937676,2.3518611544183075
2022-11-11,close,2.869581878858674,2.3597192347142855
2022-11-14,close,2.87297455066243,2.3561108403401407
2022-11-15,close,2.864814841305436,2.3556946783532453
2022-11-16,close,2.85488631721198,2.3487815174558033
2022-11-17,close,2.8467677272352625,2.3442704148598565
2022-11-18,close,2.831795795734701,2.3372825827886063
2022-11-21,close,2.825755519956603,2.3292520192122925
2022-11-22,close,2.823245233312333,2.328092295610029
2022-11-23,close,2.8365430520282118,2.3419366031675044
2022-11-24,close,2.8367262001412823,2.356654697258141
2022-11-25,close,2.8471257817131224,2.374210197307481
2022-11-28,close,2.8513692404815045,2.3903307971912255
2022-11-29,close,2.8163857188277075,2.391584509846424
2022-11-30,close,2.820914912972922,2.4081215602503905
2022-12-01,close,2.818530389983491,2.419602128276236
2022-12-02,close,2.831202526393352,2.435189483399439
2022-12-05,close,2.856723472836567,2.4503143414436632
2022-12-06,close,2.8469990548946424,2.4462661492219073
2022-12-07,close,2.8349498307105487,2.437781863243191
2022-12-08,close,2.82661015918367,2.4443338547861924
2022-12-09,close,2.814487268516514,2.416610895479086
2022-12-12,close,2.8157155815064403,2.427922961413515
2022-12-13,close,2.8260230648251845,2.433948565790129
2022-12-14,close,2.8360921826813854,2.4443354536504236
2022-12-15,close,2.787256337849345,2.432625660503765
2022-12-16,close,2.7682354024284432,2.418555548450597
2022-12-19,close,2.7931808718997204,2.435206320765633
2022-12-20,close,2.802221212914509,2.4389432024980255
2022-12-21,close,2.738653966428546,2.3727949045424195
2022-12-22,close,2.700170211449409,2.31770160280401
2022-12-23,close,2.5657086433889806,2.2186390003729777
2022-12-26,close,2.644633219702615,2.2949010735892323
2022-12-27,close,2.6774153983032014,2.3362576236705097
2022-12-28,close,2.6881343477067685,2.3551635486479547
2022-12-29,close,2.6992229009346573,2.362286138698474
2022-12-30,close,2.706604685491468,2.3789841789729684
2023-01-02,close,2.725588297727829,2.4042644561838613
2023-01-03,close,2.7168408338187624,2.4113596151739474
2023-01-04,close,2.6800767585107197,2.393618432847108
2023-01-05,close,2.683155935921735,2.3964563564357264
2023-01-06,close,2.667475671412825,2.3837774226697546
2023-01-09,close,2.6760341124223803,2.400504487644661
2023-01-10,close,2.677657749798409,2.38691010095422
2023-01-11,close,2.67148662006959,2.392663918940663
2023-01-12,close,2.6544999587264373,2.3900390760621244
2023-01-13,close,2.6661499757551,2.3997820840192565
2023-01-16,close,2.6533199493178947,2.3957710425125764
2023-01-17,close,2.662618438237975,2.39639633258835
2023-01-18,close,2.6826334736986253,2.4066068566884447
2023-01-19,close,2.692005498641507,2.400514728825583
2023-01-20,close,2.690385691286797,2.3918769089358265
2023-01-23,close,2.6921330401386094,2.387880502435769
2023-01-24,close,2.6735114239492317,2.3786917930519698
2023-01-25,close,2.6661876513245244,2.353955118275337
2023-01-27,close,2.6356266348806843,2.3016115303703715
2023-01-30,close,2.6233573626307876,2.294922282726456
2023-01-31,close,2.707954396713845,2.3410500748806378
2023-02-01,close,2.675588890429094,2.3063435329863804
2023-02-02,close,2.69110469041796,2.3080975250774927
2023-02-03,close,2.6867521844272226,2.295990271147149
2023-02-06,close,2.690973714007751,2.3050946150625813
2023-02-07,close,2.67244560816822,2.301865725271857
2023-02-08,close,2.686865891634845,2.3155630368576348
2023-02-09,close,2.682963430746508,2.319579790316025
2023-02-10,close,2.676391325452932,2.3283950247542626
2023-02-13,close,2.6557226317603946,2.3041552401055756
2023-02-14,close,2.648672104480875,2.2885707746676385
2023-02-15,open,2.6425296574227457,2.286120553205747
